INSERT INTO ADMIN.UNGVIEN VALUES ('UV001', N'Chu Trung Trang', 3011352443, 'trangchutrung@gmail.com', N'Hải Dương', 'UV123');
INSERT INTO ADMIN.UNGVIEN VALUES ('UV002', N'Trương Hải Thảo', 8581631392, 'thaotruonghai@gmail.com', N'Vĩnh Long', 'UV123');
INSERT INTO ADMIN.UNGVIEN VALUES ('UV003', N'Nguyễn Hải Huy', 4063073065, 'huynguyenhai@gmail.com', N'Đắk Lắk', 'UV123');
INSERT INTO ADMIN.UNGVIEN VALUES ('UV004', N'Trịnh Thủy Nam', 1644044100, 'namtrinhthuy@gmail.com', N'Hưng Yên', 'UV123');
INSERT INTO ADMIN.UNGVIEN VALUES ('UV005', N'Đinh Hải Hương', 8825969871, 'huongdinhhai@gmail.com', N'Nam Định', 'UV123');
INSERT INTO ADMIN.UNGVIEN VALUES ('UV006', N'Dương Hải Việt', 7350846586, 'vietduonghai@gmail.com', N'Yên Bái', 'UV123');
INSERT INTO ADMIN.UNGVIEN VALUES ('UV007', N'Trương Hồng Nam', 2287016033, 'namtruonghong@gmail.com', N'Tiền Giang', 'UV123');
INSERT INTO ADMIN.UNGVIEN VALUES ('UV008', N'Vũ Thuỳ Nam', 6780833797, 'namvuthuy@gmail.com', N'Nghệ An', 'UV123');
INSERT INTO ADMIN.UNGVIEN VALUES ('UV009', N'Lương Bảo Phương', 5307981016, 'phuongluongbao@gmail.com', N'Kon Tum', 'UV123');
INSERT INTO ADMIN.UNGVIEN VALUES ('UV010', N'Đinh Hà Thủy', 2780338896, 'thuydinhha@gmail.com', N'Nghệ An', 'UV123');
INSERT INTO ADMIN.UNGVIEN VALUES ('UV011', N'Hồ Hữu Huy', 6673114434, 'huyhohuu@gmail.com', N'Sơn La', 'UV123');
INSERT INTO ADMIN.UNGVIEN VALUES ('UV012', N'Lê Ngọc Hà', 4912898367, 'halengoc@gmail.com', N'Bắc Giang', 'UV123');
INSERT INTO ADMIN.UNGVIEN VALUES ('UV013', N'Từ Hưng Việt', 1491801578, 'viettuhung@gmail.com', N'Thái Bình', 'UV123');
INSERT INTO ADMIN.UNGVIEN VALUES ('UV014', N'Trịnh Lê Thu', 6018118462, 'thutrinhle@gmail.com', N'Nghệ An', 'UV123');
INSERT INTO ADMIN.UNGVIEN VALUES ('UV015', N'Mai Thuỳ Hưng', 4944671366, 'hungmaithuy@gmail.com', N'Thừa Thiên Huế', 'UV123');
INSERT INTO ADMIN.UNGVIEN VALUES ('UV016', N'Hà Hữu Nam', 5004541750, 'namhahuu@gmail.com', N'Quảng Ninh', 'UV123');
INSERT INTO ADMIN.UNGVIEN VALUES ('UV017', N'Vũ Hải Hương', 5594736815, 'huongvuhai@gmail.com', N'Thanh Hóa', 'UV123');
INSERT INTO ADMIN.UNGVIEN VALUES ('UV018', N'Hồ Lê Trang', 2867688920, 'tranghole@gmail.com', N'Bắc Ninh', 'UV123');
INSERT INTO ADMIN.UNGVIEN VALUES ('UV019', N'Võ Hùng Hùng', 3200283132, 'hungvohung@gmail.com', N'Vĩnh Long', 'UV123');
INSERT INTO ADMIN.UNGVIEN VALUES ('UV020', N'Đỗ Thủy Hoa', 7452997518, 'hoadothuy@gmail.com', N'Khánh Hòa', 'UV123');
INSERT INTO ADMIN.UNGVIEN VALUES ('UV021', N'Sơn Đăng Hồng', 6086262555, 'hongsondang@gmail.com', N'Nam Định', 'UV123');
INSERT INTO ADMIN.UNGVIEN VALUES ('UV022', N'Đặng Thị Tùng', 7924556253, 'tungdangthi@gmail.com', N'Bắc Giang', 'UV123');
INSERT INTO ADMIN.UNGVIEN VALUES ('UV023', N'Thái Đăng Huy', 7844528777, 'huythaidang@gmail.com', N'Tuyên Quang', 'UV123');
INSERT INTO ADMIN.UNGVIEN VALUES ('UV024', N'Tăng Hồng Thu', 7960651884, 'thutanghong@gmail.com', N'Sơn La', 'UV123');
INSERT INTO ADMIN.UNGVIEN VALUES ('UV025', N'Hoàng Hồng Nam', 9371800459, 'namhoanghong@gmail.com', N'Tiền Giang', 'UV123');
INSERT INTO ADMIN.UNGVIEN VALUES ('UV026', N'Mai Thủy Phương', 5153608867, 'phuongmaithuy@gmail.com', N'Hòa Bình', 'UV123');
INSERT INTO ADMIN.UNGVIEN VALUES ('UV027', N'Trần Hương Huy', 1464026651, 'huytranhuong@gmail.com', N'Ninh Bình', 'UV123');
INSERT INTO ADMIN.UNGVIEN VALUES ('UV028', N'Nguyễn Đăng Hương', 2965402704, 'huongnguyendang@gmail.com', N'Vĩnh Phúc', 'UV123');
INSERT INTO ADMIN.UNGVIEN VALUES ('UV029', N'Dương Ngọc Hưng', 6985607871, 'hungduongngoc@gmail.com', N'Ninh Thuận', 'UV123');
INSERT INTO ADMIN.UNGVIEN VALUES ('UV030', N'Hà Hùng Hùng', 6235912102, 'hunghahung@gmail.com', N'Hải Dương', 'UV123');
INSERT INTO ADMIN.UNGVIEN VALUES ('UV031', N'Đoàn Ngọc Trang', 7656385948, 'trangdoanngoc@gmail.com', N'Đồng Tháp', 'UV123');
INSERT INTO ADMIN.UNGVIEN VALUES ('UV032', N'Phan Hưng Hà', 2457285330, 'haphanhung@gmail.com', N'Ninh Thuận', 'UV123');
INSERT INTO ADMIN.UNGVIEN VALUES ('UV033', N'Chu Thịnh Phương', 9283397714, 'phuongchuthinh@gmail.com', N'Thừa Thiên Huế', 'UV123');
INSERT INTO ADMIN.UNGVIEN VALUES ('UV034', N'Vũ Hải Việt', 8013017306, 'vietvuhai@gmail.com', N'Hồ Chí Minh', 'UV123');
INSERT INTO ADMIN.UNGVIEN VALUES ('UV035', N'Đỗ Trung Hải', 8753151905, 'haidotrung@gmail.com', N'Bình Phước', 'UV123');
INSERT INTO ADMIN.UNGVIEN VALUES ('UV036', N'Đinh Hùng Hưng', 6608125249, 'hungdinhhung@gmail.com', N'Hà Tĩnh', 'UV123');
INSERT INTO ADMIN.UNGVIEN VALUES ('UV037', N'Phan Đăng Hoa', 4772936444, 'hoaphandang@gmail.com', N'Thái Bình', 'UV123');
INSERT INTO ADMIN.UNGVIEN VALUES ('UV038', N'Phan Ngọc Phương', 9112395870, 'phuongphanngoc@gmail.com', N'Đà Nẵng', 'UV123');
INSERT INTO ADMIN.UNGVIEN VALUES ('UV039', N'Hồ Bảo Thảo', 7352345187, 'thaohobao@gmail.com', N'Thừa Thiên Huế', 'UV123');
INSERT INTO ADMIN.UNGVIEN VALUES ('UV040', N'Đào Bảo Anh', 7997356684, 'anhdaobao@gmail.com', N'Hà Nội', 'UV123');
INSERT INTO ADMIN.UNGVIEN VALUES ('UV041', N'Ngô Hưng Thủy', 3251557693, 'thuyngohung@gmail.com', N'Ninh Bình', 'UV123');
INSERT INTO ADMIN.UNGVIEN VALUES ('UV042', N'Trịnh Thủy Thảo', 4377265699, 'thaotrinhthuy@gmail.com', N'Bình Dương', 'UV123');
INSERT INTO ADMIN.UNGVIEN VALUES ('UV043', N'Ngô Thủy Hưng', 4044261960, 'hungngothuy@gmail.com', N'Khánh Hòa', 'UV123');
INSERT INTO ADMIN.UNGVIEN VALUES ('UV044', N'Tạ Văn Huy', 5434532961, 'huytavan@gmail.com', N'Hải Dương', 'UV123');
INSERT INTO ADMIN.UNGVIEN VALUES ('UV045', N'Trịnh Thịnh Thảo', 7611659133, 'thaotrinhthinh@gmail.com', N'Hòa Bình', 'UV123');
INSERT INTO ADMIN.UNGVIEN VALUES ('UV046', N'Huỳnh Đăng Hải', 2372823564, 'haihuynhdang@gmail.com', N'Đắk Nông', 'UV123');
INSERT INTO ADMIN.UNGVIEN VALUES ('UV047', N'Thái Hương Hồng', 5396740596, 'hongthaihuong@gmail.com', N'Bắc Giang', 'UV123');
INSERT INTO ADMIN.UNGVIEN VALUES ('UV048', N'Vũ Hà Nam', 3515961441, 'namvuha@gmail.com', N'Bạc Liêu', 'UV123');
INSERT INTO ADMIN.UNGVIEN VALUES ('UV049', N'Dương Hải Thảo', 9995325715, 'thaoduonghai@gmail.com', N'Quảng Nam', 'UV123');
INSERT INTO ADMIN.UNGVIEN VALUES ('UV050', N'Trần Bảo Hoa', 6757333355, 'hoatranbao@gmail.com', N'Tiền Giang', 'UV123');
INSERT INTO ADMIN.UNGVIEN VALUES ('UV051', N'Võ Hữu Hoa', 6071923204, 'hoavohuu@gmail.com', N'Yên Bái', 'UV123');
INSERT INTO ADMIN.UNGVIEN VALUES ('UV052', N'Phùng Bảo Thu', 3106788648, 'thuphungbao@gmail.com', N'Tây Ninh', 'UV123');
INSERT INTO ADMIN.UNGVIEN VALUES ('UV053', N'Hà Thịnh Thủy', 1176485844, 'thuyhathinh@gmail.com', N'Bình Định', 'UV123');
INSERT INTO ADMIN.UNGVIEN VALUES ('UV054', N'Từ Hồng Việt', 1291424250, 'viettuhong@gmail.com', N'Lai Châu', 'UV123');
INSERT INTO ADMIN.UNGVIEN VALUES ('UV055', N'Vũ Thủy Phương', 7525767758, 'phuongvuthuy@gmail.com', N'Thừa Thiên Huế', 'UV123');
INSERT INTO ADMIN.UNGVIEN VALUES ('UV056', N'Tạ Thuỳ Thu', 9568471485, 'thutathuy@gmail.com', N'Hà Nội', 'UV123');
INSERT INTO ADMIN.UNGVIEN VALUES ('UV057', N'Hà Hùng Hạnh', 7816317468, 'hanhhahung@gmail.com', N'Phú Yên', 'UV123');
INSERT INTO ADMIN.UNGVIEN VALUES ('UV058', N'Chu Bảo Huy', 7985836276, 'huychubao@gmail.com', N'Kiên Giang', 'UV123');
INSERT INTO ADMIN.UNGVIEN VALUES ('UV059', N'Lương Hồng Phương', 7931164650, 'phuongluonghong@gmail.com', N'Bình Dương', 'UV123');
INSERT INTO ADMIN.UNGVIEN VALUES ('UV060', N'Phạm Thịnh Huy', 3138142120, 'huyphamthinh@gmail.com', N'Bình Phước', 'UV123');
INSERT INTO ADMIN.UNGVIEN VALUES ('UV061', N'Trịnh Ngọc Thủy', 8103103756, 'thuytrinhngoc@gmail.com', N'Quảng Ninh', 'UV123');
INSERT INTO ADMIN.UNGVIEN VALUES ('UV062', N'Trần Hồng Hương', 6188524773, 'huongtranhong@gmail.com', N'Thái Bình', 'UV123');
INSERT INTO ADMIN.UNGVIEN VALUES ('UV063', N'Hồ Hương Trang', 2630033014, 'tranghohuong@gmail.com', N'Cà mau', 'UV123');
INSERT INTO ADMIN.UNGVIEN VALUES ('UV064', N'Bùi Hạnh Việt', 1200036042, 'vietbuihanh@gmail.com', N'Sóc Trăng', 'UV123');
INSERT INTO ADMIN.UNGVIEN VALUES ('UV065', N'Tô Hà Việt', 3642405989, 'viettoha@gmail.com', N'Tiền Giang', 'UV123');
INSERT INTO ADMIN.UNGVIEN VALUES ('UV066', N'Hồ Đăng Hùng', 6450857677, 'hunghodang@gmail.com', N'Lạng Sơn', 'UV123');
INSERT INTO ADMIN.UNGVIEN VALUES ('UV067', N'Phạm Văn Anh', 2998414703, 'anhphamvan@gmail.com', N'Bắc Ninh', 'UV123');
INSERT INTO ADMIN.UNGVIEN VALUES ('UV068', N'Hồ Hải Huy', 2831677942, 'huyhohai@gmail.com', N'Lai Châu', 'UV123');
INSERT INTO ADMIN.UNGVIEN VALUES ('UV069', N'Trịnh Hạnh Huy', 7461031797, 'huytrinhhanh@gmail.com', N'Bình Phước', 'UV123');
INSERT INTO ADMIN.UNGVIEN VALUES ('UV070', N'Trịnh Hạnh Hải', 4298403616, 'haitrinhhanh@gmail.com', N'Bạc Liêu', 'UV123');
INSERT INTO ADMIN.UNGVIEN VALUES ('UV071', N'Đoàn Ngọc Huy', 4602245875, 'huydoanngoc@gmail.com', N'Đồng Tháp', 'UV123');
INSERT INTO ADMIN.UNGVIEN VALUES ('UV072', N'Từ Ngọc Hải', 1764724517, 'haitungoc@gmail.com', N'Quảng Nam', 'UV123');
INSERT INTO ADMIN.UNGVIEN VALUES ('UV073', N'Đào Đăng Trang', 7177409096, 'trangdaodang@gmail.com', N'Thái Nguyên', 'UV123');
INSERT INTO ADMIN.UNGVIEN VALUES ('UV074', N'Phạm Thịnh Hải', 2541818829, 'haiphamthinh@gmail.com', N'Đà Nẵng', 'UV123');
INSERT INTO ADMIN.UNGVIEN VALUES ('UV075', N'Phùng Ngọc Hùng', 3965732381, 'hungphungngoc@gmail.com', N'Sơn La', 'UV123');
INSERT INTO ADMIN.UNGVIEN VALUES ('UV076', N'Trương Hạnh Thu', 4133212769, 'thutruonghanh@gmail.com', N'Kiên Giang', 'UV123');
INSERT INTO ADMIN.UNGVIEN VALUES ('UV077', N'Phan Văn Hùng', 4074702330, 'hungphanvan@gmail.com', N'Nam Định', 'UV123');
INSERT INTO ADMIN.UNGVIEN VALUES ('UV078', N'Đinh Thị Hạnh', 7481057434, 'hanhdinhthi@gmail.com', N'Lâm Đồng', 'UV123');
INSERT INTO ADMIN.UNGVIEN VALUES ('UV079', N'Đào Hương Linh', 8737601987, 'linhdaohuong@gmail.com', N'Gia lai', 'UV123');
INSERT INTO ADMIN.UNGVIEN VALUES ('UV080', N'Ngô Bảo Việt', 5936247326, 'vietngobao@gmail.com', N'Hà Nội', 'UV123');
INSERT INTO ADMIN.UNGVIEN VALUES ('UV081', N'Đinh Hạnh Linh', 5986937173, 'linhdinhhanh@gmail.com', N'Hải Phòng', 'UV123');
INSERT INTO ADMIN.UNGVIEN VALUES ('UV082', N'Nguyễn Hải Hạnh', 2566306107, 'hanhnguyenhai@gmail.com', N'Bình Phước', 'UV123');
INSERT INTO ADMIN.UNGVIEN VALUES ('UV083', N'Mai Ngọc Tùng', 8225303536, 'tungmaingoc@gmail.com', N'Ninh Bình', 'UV123');
INSERT INTO ADMIN.UNGVIEN VALUES ('UV084', N'Phùng Ngọc Trang', 5843599916, 'trangphungngoc@gmail.com', N'Bình Dương', 'UV123');
INSERT INTO ADMIN.UNGVIEN VALUES ('UV085', N'Lý Thủy Hưng', 9968884670, 'hunglythuy@gmail.com', N'Đồng Nai', 'UV123');
INSERT INTO ADMIN.UNGVIEN VALUES ('UV086', N'Trần Đăng Việt', 1370095448, 'viettrandang@gmail.com', N'Cà mau', 'UV123');
INSERT INTO ADMIN.UNGVIEN VALUES ('UV087', N'Hoàng Hùng Phương', 8481240574, 'phuonghoanghung@gmail.com', N'Long An', 'UV123');
INSERT INTO ADMIN.UNGVIEN VALUES ('UV088', N'Đinh Thuỳ Linh', 7267780492, 'linhdinhthuy@gmail.com', N'Tiền Giang', 'UV123');
INSERT INTO ADMIN.UNGVIEN VALUES ('UV089', N'Đặng Ngọc Hương', 4822655708, 'huongdangngoc@gmail.com', N'Hồ Chí Minh', 'UV123');
INSERT INTO ADMIN.UNGVIEN VALUES ('UV090', N'Tiêu Minh Việt', 4636852738, 'viettieuminh@gmail.com', N'Hà Nam', 'UV123');
INSERT INTO ADMIN.UNGVIEN VALUES ('UV091', N'Sơn Hải Nam', 1417301385, 'namsonhai@gmail.com', N'Nghệ An', 'UV123');
INSERT INTO ADMIN.UNGVIEN VALUES ('UV092', N'Phùng Văn Hương', 9523555003, 'huongphungvan@gmail.com', N'Thừa Thiên Huế', 'UV123');
INSERT INTO ADMIN.UNGVIEN VALUES ('UV093', N'Từ Lê Hạnh', 6595643429, 'hanhtule@gmail.com', N'Lào Cai', 'UV123');
INSERT INTO ADMIN.UNGVIEN VALUES ('UV094', N'Trần Hùng Việt', 4331885400, 'viettranhung@gmail.com', N'Hà Nội', 'UV123');
INSERT INTO ADMIN.UNGVIEN VALUES ('UV095', N'Chu Thị Hương', 6724625221, 'huongchuthi@gmail.com', N'Gia lai', 'UV123');
INSERT INTO ADMIN.UNGVIEN VALUES ('UV096', N'Bùi Hùng Nam', 1432402907, 'nambuihung@gmail.com', N'Lạng Sơn', 'UV123');
INSERT INTO ADMIN.UNGVIEN VALUES ('UV097', N'Từ Thuỳ Việt', 2452934835, 'viettuthuy@gmail.com', N'Tiền Giang', 'UV123');
INSERT INTO ADMIN.UNGVIEN VALUES ('UV098', N'Vũ Minh Thảo', 9835010415, 'thaovuminh@gmail.com', N'Khánh Hòa', 'UV123');
INSERT INTO ADMIN.UNGVIEN VALUES ('UV099', N'Sơn Bảo Linh', 9201949721, 'linhsonbao@gmail.com', N'Tuyên Quang', 'UV123');
INSERT INTO ADMIN.UNGVIEN VALUES ('UV100', N'Lý Hữu Hưng', 5642148149, 'hunglyhuu@gmail.com', N'Sóc Trăng', 'UV123');
INSERT INTO ADMIN.UNGVIEN VALUES ('UV101', N'Đinh Thịnh Hoa', 4253997359, 'hoadinhthinh@gmail.com', N'Khánh Hòa', 'UV123');
INSERT INTO ADMIN.UNGVIEN VALUES ('UV102', N'Trương Hải Hà', 4458169432, 'hatruonghai@gmail.com', N'Đồng Tháp', 'UV123');
INSERT INTO ADMIN.UNGVIEN VALUES ('UV103', N'Hà Đăng Hồng', 8392493371, 'honghadang@gmail.com', N'Quảng Ngãi', 'UV123');
INSERT INTO ADMIN.UNGVIEN VALUES ('UV104', N'Sơn Ngọc Phương', 8713966002, 'phuongsonngoc@gmail.com', N'Vĩnh Phúc', 'UV123');
INSERT INTO ADMIN.UNGVIEN VALUES ('UV105', N'Vũ Hưng Hà', 7021729711, 'havuhung@gmail.com', N'Trà Vinh', 'UV123');
INSERT INTO ADMIN.UNGVIEN VALUES ('UV106', N'Lý Thịnh Hương', 4380964523, 'huonglythinh@gmail.com', N'Phú Thọ', 'UV123');
INSERT INTO ADMIN.UNGVIEN VALUES ('UV107', N'Phan Hùng Hoa', 4328122285, 'hoaphanhung@gmail.com', N'Hưng Yên', 'UV123');
INSERT INTO ADMIN.UNGVIEN VALUES ('UV108', N'Hoàng Minh Hà', 6784341567, 'hahoangminh@gmail.com', N'Thừa Thiên Huế', 'UV123');
INSERT INTO ADMIN.UNGVIEN VALUES ('UV109', N'Bùi Thịnh Hoa', 9065755412, 'hoabuithinh@gmail.com', N'Quảng Bình', 'UV123');
INSERT INTO ADMIN.UNGVIEN VALUES ('UV110', N'Từ Hải Việt', 5340326749, 'viettuhai@gmail.com', N'Đắk Nông', 'UV123');
INSERT INTO ADMIN.UNGVIEN VALUES ('UV111', N'Trịnh Ngọc Hùng', 9392610915, 'hungtrinhngoc@gmail.com', N'Quảng Trị', 'UV123');
INSERT INTO ADMIN.UNGVIEN VALUES ('UV112', N'Đỗ Hữu Nam', 5431232406, 'namdohuu@gmail.com', N'Hòa Bình', 'UV123');
INSERT INTO ADMIN.UNGVIEN VALUES ('UV113', N'Trần Thuỳ Hưng', 2375310839, 'hungtranthuy@gmail.com', N'Đồng Nai', 'UV123');
INSERT INTO ADMIN.UNGVIEN VALUES ('UV114', N'Ngô Hương Hoa', 3461601020, 'hoangohuong@gmail.com', N'Hải Dương', 'UV123');
INSERT INTO ADMIN.UNGVIEN VALUES ('UV115', N'Huỳnh Lê Hoa', 6883050416, 'hoahuynhle@gmail.com', N'Thừa Thiên Huế', 'UV123');
INSERT INTO ADMIN.UNGVIEN VALUES ('UV116', N'Hoàng Hữu Hạnh', 4578784630, 'hanhhoanghuu@gmail.com', N'Đồng Nai', 'UV123');
INSERT INTO ADMIN.UNGVIEN VALUES ('UV117', N'Trịnh Lê Phương', 9181392323, 'phuongtrinhle@gmail.com', N'Bắc Giang', 'UV123');
INSERT INTO ADMIN.UNGVIEN VALUES ('UV118', N'Huỳnh Hưng Hùng', 5768371650, 'hunghuynhhung@gmail.com', N'Bình Dương', 'UV123');
INSERT INTO ADMIN.UNGVIEN VALUES ('UV119', N'Sử Bảo Tùng', 3105266460, 'tungsubao@gmail.com', N'Phú Thọ', 'UV123');
INSERT INTO ADMIN.UNGVIEN VALUES ('UV120', N'Tô Hồng Trang', 3591646121, 'trangtohong@gmail.com', N'Đắk Lắk', 'UV123');
INSERT INTO ADMIN.UNGVIEN VALUES ('UV121', N'Đào Hạnh Hoa', 1246387902, 'hoadaohanh@gmail.com', N'Hà Nam', 'UV123');
INSERT INTO ADMIN.UNGVIEN VALUES ('UV122', N'Tô Hồng Anh', 8347010240, 'anhtohong@gmail.com', N'Lai Châu', 'UV123');
INSERT INTO ADMIN.UNGVIEN VALUES ('UV123', N'Sử Hải Huy', 5113182380, 'huysuhai@gmail.com', N'Đồng Tháp', 'UV123');
INSERT INTO ADMIN.UNGVIEN VALUES ('UV124', N'Đinh Lê Nam', 1717547266, 'namdinhle@gmail.com', N'Hà Tĩnh', 'UV123');
INSERT INTO ADMIN.UNGVIEN VALUES ('UV125', N'Phùng Hải Thủy', 1094487489, 'thuyphunghai@gmail.com', N'Hồ Chí Minh', 'UV123');
INSERT INTO ADMIN.UNGVIEN VALUES ('UV126', N'Hoàng Hải Trang', 9762927646, 'tranghoanghai@gmail.com', N'Kiên Giang', 'UV123');
INSERT INTO ADMIN.UNGVIEN VALUES ('UV127', N'Phùng Hạnh Hưng', 4094299427, 'hungphunghanh@gmail.com', N'Đà Nẵng', 'UV123');
INSERT INTO ADMIN.UNGVIEN VALUES ('UV128', N'Bùi Hương Hùng', 3164097967, 'hungbuihuong@gmail.com', N'Yên Bái', 'UV123');
INSERT INTO ADMIN.UNGVIEN VALUES ('UV129', N'Dương Hà Hải', 4697167197, 'haiduongha@gmail.com', N'Sóc Trăng', 'UV123');
INSERT INTO ADMIN.UNGVIEN VALUES ('UV130', N'Mai Thủy Hùng', 8196878892, 'hungmaithuy@gmail.com', N'Phú Yên', 'UV123');
INSERT INTO ADMIN.UNGVIEN VALUES ('UV131', N'Phùng Hương Huy', 7945747187, 'huyphunghuong@gmail.com', N'Nam Định', 'UV123');
INSERT INTO ADMIN.UNGVIEN VALUES ('UV132', N'Lý Hồng Anh', 6163622438, 'anhlyhong@gmail.com', N'Quảng Nam', 'UV123');
INSERT INTO ADMIN.UNGVIEN VALUES ('UV133', N'Chu Ngọc Hạnh', 7130142780, 'hanhchungoc@gmail.com', N'Thanh Hóa', 'UV123');
INSERT INTO ADMIN.UNGVIEN VALUES ('UV134', N'Trịnh Minh Hạnh', 3448385952, 'hanhtrinhminh@gmail.com', N'Bình Định', 'UV123');
INSERT INTO ADMIN.UNGVIEN VALUES ('UV135', N'Tiêu Ngọc Anh', 1510386191, 'anhtieungoc@gmail.com', N'Đắk Nông', 'UV123');
INSERT INTO ADMIN.UNGVIEN VALUES ('UV136', N'Phan Thuỳ Thu', 3846559208, 'thuphanthuy@gmail.com', N'Quảng Ninh', 'UV123');
INSERT INTO ADMIN.UNGVIEN VALUES ('UV137', N'Hà Minh Nam', 3950679087, 'namhaminh@gmail.com', N'Đồng Tháp', 'UV123');
INSERT INTO ADMIN.UNGVIEN VALUES ('UV138', N'Đào Hải Thủy', 1584791829, 'thuydaohai@gmail.com', N'Cà mau', 'UV123');
INSERT INTO ADMIN.UNGVIEN VALUES ('UV139', N'Sơn Hà Tùng', 8581043524, 'tungsonha@gmail.com', N'Hải Dương', 'UV123');
INSERT INTO ADMIN.UNGVIEN VALUES ('UV140', N'Võ Lê Việt', 5857005741, 'vietvole@gmail.com', N'Bình Dương', 'UV123');
INSERT INTO ADMIN.UNGVIEN VALUES ('UV141', N'Tiêu Hưng Tùng', 3443951191, 'tungtieuhung@gmail.com', N'Đắk Lắk', 'UV123');
INSERT INTO ADMIN.UNGVIEN VALUES ('UV142', N'Tăng Thủy Hạnh', 8502832700, 'hanhtangthuy@gmail.com', N'Phú Thọ', 'UV123');
INSERT INTO ADMIN.UNGVIEN VALUES ('UV143', N'Đinh Hương Hương', 8204364973, 'huongdinhhuong@gmail.com', N'Hậu Giang', 'UV123');
INSERT INTO ADMIN.UNGVIEN VALUES ('UV144', N'Thái Hồng Linh', 6465352274, 'linhthaihong@gmail.com', N'Ninh Bình', 'UV123');
INSERT INTO ADMIN.UNGVIEN VALUES ('UV145', N'Trịnh Văn Nam', 1762535725, 'namtrinhvan@gmail.com', N'Quảng Ngãi', 'UV123');
INSERT INTO ADMIN.UNGVIEN VALUES ('UV146', N'Phan Trung Hạnh', 6047550105, 'hanhphantrung@gmail.com', N'Nghệ An', 'UV123');
INSERT INTO ADMIN.UNGVIEN VALUES ('UV147', N'Thạch Hải Hạnh', 7040117972, 'hanhthachhai@gmail.com', N'Hà Tĩnh', 'UV123');
INSERT INTO ADMIN.UNGVIEN VALUES ('UV148', N'Đinh Hưng Hùng', 9471476428, 'hungdinhhung@gmail.com', N'Tây Ninh', 'UV123');
INSERT INTO ADMIN.UNGVIEN VALUES ('UV149', N'Đinh Văn Hùng', 5056152780, 'hungdinhvan@gmail.com', N'Ninh Thuận', 'UV123');
INSERT INTO ADMIN.UNGVIEN VALUES ('UV150', N'Từ Hà Trang', 4238615942, 'trangtuha@gmail.com', N'Hậu Giang', 'UV123');
INSERT INTO ADMIN.UNGVIEN VALUES ('UV151', N'Tiêu Hải Thảo', 9045333020, 'thaotieuhai@gmail.com', N'Nghệ An', 'UV123');
INSERT INTO ADMIN.UNGVIEN VALUES ('UV152', N'Hà Hải Thảo', 1871791324, 'thaohahai@gmail.com', N'Quảng Bình', 'UV123');
INSERT INTO ADMIN.UNGVIEN VALUES ('UV153', N'Trịnh Thuỳ Tùng', 7095237219, 'tungtrinhthuy@gmail.com', N'Vĩnh Phúc', 'UV123');
INSERT INTO ADMIN.UNGVIEN VALUES ('UV154', N'Huỳnh Ngọc Hạnh', 8091291976, 'hanhhuynhngoc@gmail.com', N'Sóc Trăng', 'UV123');
INSERT INTO ADMIN.UNGVIEN VALUES ('UV155', N'Mai Hữu Thảo', 9446500280, 'thaomaihuu@gmail.com', N'Kiên Giang', 'UV123');
INSERT INTO ADMIN.UNGVIEN VALUES ('UV156', N'Chu Thịnh Phương', 4771763388, 'phuongchuthinh@gmail.com', N'Quảng Trị', 'UV123');
INSERT INTO ADMIN.UNGVIEN VALUES ('UV157', N'Đỗ Hùng Hương', 1143725305, 'huongdohung@gmail.com', N'Đắk Nông', 'UV123');
INSERT INTO ADMIN.UNGVIEN VALUES ('UV158', N'Hồ Minh Hoa', 2202095552, 'hoahominh@gmail.com', N'Trà Vinh', 'UV123');
INSERT INTO ADMIN.UNGVIEN VALUES ('UV159', N'Hồ Hương Thảo', 2176662357, 'thaohohuong@gmail.com', N'Yên Bái', 'UV123');
INSERT INTO ADMIN.UNGVIEN VALUES ('UV160', N'Hoàng Hồng Hồng', 7231111653, 'honghoanghong@gmail.com', N'Thanh Hóa', 'UV123');
INSERT INTO ADMIN.UNGVIEN VALUES ('UV161', N'Trịnh Hải Hồng', 3785014576, 'hongtrinhhai@gmail.com', N'Sóc Trăng', 'UV123');
INSERT INTO ADMIN.UNGVIEN VALUES ('UV162', N'Lê Trung Hoa', 5377979974, 'hoaletrung@gmail.com', N'Tiền Giang', 'UV123');
INSERT INTO ADMIN.UNGVIEN VALUES ('UV163', N'Chu Hương Hà', 9408126958, 'hachuhuong@gmail.com', N'Tây Ninh', 'UV123');
INSERT INTO ADMIN.UNGVIEN VALUES ('UV164', N'Trịnh Bảo Hồng', 5243745993, 'hongtrinhbao@gmail.com', N'Cà mau', 'UV123');
INSERT INTO ADMIN.UNGVIEN VALUES ('UV165', N'Đinh Đăng Thủy', 4214938696, 'thuydinhdang@gmail.com', N'Vĩnh Long', 'UV123');
INSERT INTO ADMIN.UNGVIEN VALUES ('UV166', N'Đào Thị Nam', 9547142649, 'namdaothi@gmail.com', N'Ninh Thuận', 'UV123');
INSERT INTO ADMIN.UNGVIEN VALUES ('UV167', N'Lê Hải Việt', 5575906277, 'vietlehai@gmail.com', N'Gia lai', 'UV123');
INSERT INTO ADMIN.UNGVIEN VALUES ('UV168', N'Võ Hưng Nam', 1250188836, 'namvohung@gmail.com', N'Thái Bình', 'UV123');
INSERT INTO ADMIN.UNGVIEN VALUES ('UV169', N'Trần Thịnh Hương', 5472547475, 'huongtranthinh@gmail.com', N'Bình Phước', 'UV123');
INSERT INTO ADMIN.UNGVIEN VALUES ('UV170', N'Hồ Thị Hải', 4787463151, 'haihothi@gmail.com', N'Tiền Giang', 'UV123');
INSERT INTO ADMIN.UNGVIEN VALUES ('UV171', N'Sơn Hưng Hạnh', 9592750248, 'hanhsonhung@gmail.com', N'Đồng Nai', 'UV123');
INSERT INTO ADMIN.UNGVIEN VALUES ('UV172', N'Đào Hải Hương', 6887039371, 'huongdaohai@gmail.com', N'Quảng Bình', 'UV123');
INSERT INTO ADMIN.UNGVIEN VALUES ('UV173', N'Ngô Lê Hoa', 1426571176, 'hoangole@gmail.com', N'Quảng Bình', 'UV123');
INSERT INTO ADMIN.UNGVIEN VALUES ('UV174', N'Vũ Hà Hoa', 5000594389, 'hoavuha@gmail.com', N'Hưng Yên', 'UV123');
INSERT INTO ADMIN.UNGVIEN VALUES ('UV175', N'Lương Đăng Anh', 3682315589, 'anhluongdang@gmail.com', N'Vĩnh Phúc', 'UV123');
INSERT INTO ADMIN.UNGVIEN VALUES ('UV176', N'Lê Hương Nam', 2415193717, 'namlehuong@gmail.com', N'Ninh Thuận', 'UV123');
INSERT INTO ADMIN.UNGVIEN VALUES ('UV177', N'Thái Hải Phương', 2787746459, 'phuongthaihai@gmail.com', N'Hà Nam', 'UV123');
INSERT INTO ADMIN.UNGVIEN VALUES ('UV178', N'Hồ Văn Thảo', 1050289397, 'thaohovan@gmail.com', N'Vĩnh Phúc', 'UV123');
INSERT INTO ADMIN.UNGVIEN VALUES ('UV179', N'Trịnh Hải Thủy', 9876258910, 'thuytrinhhai@gmail.com', N'Quảng Nam', 'UV123');
INSERT INTO ADMIN.UNGVIEN VALUES ('UV180', N'Phạm Ngọc Hưng', 8117775307, 'hungphamngoc@gmail.com', N'Lào Cai', 'UV123');
INSERT INTO ADMIN.UNGVIEN VALUES ('UV181', N'Dương Thuỳ Anh', 1313845307, 'anhduongthuy@gmail.com', N'Kiên Giang', 'UV123');
INSERT INTO ADMIN.UNGVIEN VALUES ('UV182', N'Trịnh Hưng Tùng', 9657026902, 'tungtrinhhung@gmail.com', N'Hưng Yên', 'UV123');
INSERT INTO ADMIN.UNGVIEN VALUES ('UV183', N'Đoàn Trung Thu', 4026871425, 'thudoantrung@gmail.com', N'Hòa Bình', 'UV123');
INSERT INTO ADMIN.UNGVIEN VALUES ('UV184', N'Dương Thủy Hương', 3082028812, 'huongduongthuy@gmail.com', N'Bình Dương', 'UV123');
INSERT INTO ADMIN.UNGVIEN VALUES ('UV185', N'Trịnh Hùng Thảo', 3853837645, 'thaotrinhhung@gmail.com', N'Sóc Trăng', 'UV123');
INSERT INTO ADMIN.UNGVIEN VALUES ('UV186', N'Đoàn Hạnh Hưng', 8428691157, 'hungdoanhanh@gmail.com', N'Đồng Tháp', 'UV123');
INSERT INTO ADMIN.UNGVIEN VALUES ('UV187', N'Phùng Minh Hùng', 1541959557, 'hungphungminh@gmail.com', N'Sơn La', 'UV123');
INSERT INTO ADMIN.UNGVIEN VALUES ('UV188', N'Tô Hùng Hạnh', 3860860171, 'hanhtohung@gmail.com', N'Long An', 'UV123');
INSERT INTO ADMIN.UNGVIEN VALUES ('UV189', N'Phạm Hà Thảo', 8112553751, 'thaophamha@gmail.com', N'Lâm Đồng', 'UV123');
INSERT INTO ADMIN.UNGVIEN VALUES ('UV190', N'Đặng Hùng Hồng', 4007941186, 'hongdanghung@gmail.com', N'Yên Bái', 'UV123');
INSERT INTO ADMIN.UNGVIEN VALUES ('UV191', N'Lương Minh Hà', 4990026104, 'haluongminh@gmail.com', N'Phú Thọ', 'UV123');
INSERT INTO ADMIN.UNGVIEN VALUES ('UV192', N'Đào Hưng Hà', 1300714456, 'hadaohung@gmail.com', N'Nghệ An', 'UV123');
INSERT INTO ADMIN.UNGVIEN VALUES ('UV193', N'Đào Hùng Hạnh', 4635001104, 'hanhdaohung@gmail.com', N'Yên Bái', 'UV123');
INSERT INTO ADMIN.UNGVIEN VALUES ('UV194', N'Phùng Hùng Nam', 5357620111, 'namphunghung@gmail.com', N'Hà Nam', 'UV123');
INSERT INTO ADMIN.UNGVIEN VALUES ('UV195', N'Tăng Hạnh Hùng', 9348812714, 'hungtanghanh@gmail.com', N'Trà Vinh', 'UV123');
INSERT INTO ADMIN.UNGVIEN VALUES ('UV196', N'Trương Hải Hùng', 3331261663, 'hungtruonghai@gmail.com', N'Kiên Giang', 'UV123');
INSERT INTO ADMIN.UNGVIEN VALUES ('UV197', N'Hồ Thuỳ Thảo', 4261824716, 'thaohothuy@gmail.com', N'Tiền Giang', 'UV123');
INSERT INTO ADMIN.UNGVIEN VALUES ('UV198', N'Đào Đăng Linh', 3778641922, 'linhdaodang@gmail.com', N'Hải Phòng', 'UV123');
INSERT INTO ADMIN.UNGVIEN VALUES ('UV199', N'Tạ Hương Thảo', 1060025916, 'thaotahuong@gmail.com', N'Nam Định', 'UV123');
INSERT INTO ADMIN.UNGVIEN VALUES ('UV200', N'Hà Thủy Hương', 9880538063, 'huonghathuy@gmail.com', N'Quảng Bình', 'UV123');
INSERT INTO ADMIN.UNGVIEN VALUES ('UV201', N'Dương Bảo Phương', 2581400152, 'phuongduongbao@gmail.com', N'Hà Tĩnh', 'UV123');
INSERT INTO ADMIN.UNGVIEN VALUES ('UV202', N'Phạm Hồng Tùng', 1916560360, 'tungphamhong@gmail.com', N'Tiền Giang', 'UV123');
INSERT INTO ADMIN.UNGVIEN VALUES ('UV203', N'Tiêu Hải Hồng', 1550044285, 'hongtieuhai@gmail.com', N'Thái Nguyên', 'UV123');
INSERT INTO ADMIN.UNGVIEN VALUES ('UV204', N'Tô Lê Hoa', 3891184827, 'hoatole@gmail.com', N'Thái Nguyên', 'UV123');
INSERT INTO ADMIN.UNGVIEN VALUES ('UV205', N'Sơn Thịnh Hưng', 4798857545, 'hungsonthinh@gmail.com', N'Lào Cai', 'UV123');
INSERT INTO ADMIN.UNGVIEN VALUES ('UV206', N'Bùi Đăng Linh', 5782024297, 'linhbuidang@gmail.com', N'Hà Nội', 'UV123');
INSERT INTO ADMIN.UNGVIEN VALUES ('UV207', N'Phùng Đăng Hoa', 2001906554, 'hoaphungdang@gmail.com', N'Sóc Trăng', 'UV123');
INSERT INTO ADMIN.UNGVIEN VALUES ('UV208', N'Nguyễn Hương Nam', 6711000745, 'namnguyenhuong@gmail.com', N'Ninh Thuận', 'UV123');
INSERT INTO ADMIN.UNGVIEN VALUES ('UV209', N'Võ Hà Phương', 1576840777, 'phuongvoha@gmail.com', N'Quảng Ngãi', 'UV123');
INSERT INTO ADMIN.UNGVIEN VALUES ('UV210', N'Thái Lê Thủy', 1870239625, 'thuythaile@gmail.com', N'Đắk Nông', 'UV123');
INSERT INTO ADMIN.UNGVIEN VALUES ('UV211', N'Đặng Hồng Linh', 5442981212, 'linhdanghong@gmail.com', N'Bình Thuận', 'UV123');
INSERT INTO ADMIN.UNGVIEN VALUES ('UV212', N'Lê Lê Anh', 1141631540, 'anhlele@gmail.com', N'Lâm Đồng', 'UV123');
INSERT INTO ADMIN.UNGVIEN VALUES ('UV213', N'Sử Bảo Huy', 4136277093, 'huysubao@gmail.com', N'Thái Nguyên', 'UV123');
INSERT INTO ADMIN.UNGVIEN VALUES ('UV214', N'Mai Thị Tùng', 3974537744, 'tungmaithi@gmail.com', N'Vĩnh Phúc', 'UV123');
INSERT INTO ADMIN.UNGVIEN VALUES ('UV215', N'Trần Hà Hương', 3558404810, 'huongtranha@gmail.com', N'Đắk Lắk', 'UV123');
INSERT INTO ADMIN.UNGVIEN VALUES ('UV216', N'Hồ Bảo Thu', 6735472656, 'thuhobao@gmail.com', N'Gia lai', 'UV123');
INSERT INTO ADMIN.UNGVIEN VALUES ('UV217', N'Hoàng Hương Thu', 7414682161, 'thuhoanghuong@gmail.com', N'Bến Tre', 'UV123');
INSERT INTO ADMIN.UNGVIEN VALUES ('UV218', N'Phạm Bảo Nam', 1211459986, 'namphambao@gmail.com', N'Thái Nguyên', 'UV123');
INSERT INTO ADMIN.UNGVIEN VALUES ('UV219', N'Đỗ Minh Hạnh', 5645482983, 'hanhdominh@gmail.com', N'Tây Ninh', 'UV123');
INSERT INTO ADMIN.UNGVIEN VALUES ('UV220', N'Trịnh Hải Nam', 7900524570, 'namtrinhhai@gmail.com', N'Thái Bình', 'UV123');
INSERT INTO ADMIN.UNGVIEN VALUES ('UV221', N'Phùng Ngọc Hà', 4273286121, 'haphungngoc@gmail.com', N'Tiền Giang', 'UV123');
INSERT INTO ADMIN.UNGVIEN VALUES ('UV222', N'Vũ Hạnh Hương', 6334290648, 'huongvuhanh@gmail.com', N'Quảng Ninh', 'UV123');
INSERT INTO ADMIN.UNGVIEN VALUES ('UV223', N'Tạ Thịnh Anh', 3422780064, 'anhtathinh@gmail.com', N'Hồ Chí Minh', 'UV123');
INSERT INTO ADMIN.UNGVIEN VALUES ('UV224', N'Lý Thịnh Hùng', 8684812943, 'hunglythinh@gmail.com', N'Đà Nẵng', 'UV123');
INSERT INTO ADMIN.UNGVIEN VALUES ('UV225', N'Đoàn Thị Hoa', 2235171353, 'hoadoanthi@gmail.com', N'Hải Phòng', 'UV123');
INSERT INTO ADMIN.UNGVIEN VALUES ('UV226', N'Ngô Hải Hải', 6020965826, 'haingohai@gmail.com', N'Nam Định', 'UV123');
INSERT INTO ADMIN.UNGVIEN VALUES ('UV227', N'Trịnh Thị Thủy', 3198707857, 'thuytrinhthi@gmail.com', N'Gia lai', 'UV123');
INSERT INTO ADMIN.UNGVIEN VALUES ('UV228', N'Ngô Hương Hà', 3896912836, 'hangohuong@gmail.com', N'Bắc Ninh', 'UV123');
INSERT INTO ADMIN.UNGVIEN VALUES ('UV229', N'Trịnh Hồng Hải', 6781996751, 'haitrinhhong@gmail.com', N'Đồng Tháp', 'UV123');
INSERT INTO ADMIN.UNGVIEN VALUES ('UV230', N'Chu Hà Việt', 8665560512, 'vietchuha@gmail.com', N'Ninh Thuận', 'UV123');
INSERT INTO ADMIN.UNGVIEN VALUES ('UV231', N'Tô Thủy Thủy', 8161250450, 'thuytothuy@gmail.com', N'Kiên Giang', 'UV123');
INSERT INTO ADMIN.UNGVIEN VALUES ('UV232', N'Từ Hải Hồng', 4044124567, 'hongtuhai@gmail.com', N'Hưng Yên', 'UV123');
INSERT INTO ADMIN.UNGVIEN VALUES ('UV233', N'Phan Thuỳ Nam', 6136077007, 'namphanthuy@gmail.com', N'Long An', 'UV123');
INSERT INTO ADMIN.UNGVIEN VALUES ('UV234', N'Trịnh Hương Hạnh', 3850964468, 'hanhtrinhhuong@gmail.com', N'Ninh Bình', 'UV123');
INSERT INTO ADMIN.UNGVIEN VALUES ('UV235', N'Tô Bảo Việt', 4894730484, 'viettobao@gmail.com', N'Tây Ninh', 'UV123');
INSERT INTO ADMIN.UNGVIEN VALUES ('UV236', N'Đỗ Thịnh Thu', 2705992723, 'thudothinh@gmail.com', N'Bình Thuận', 'UV123');
INSERT INTO ADMIN.UNGVIEN VALUES ('UV237', N'Tô Đăng Hạnh', 2321039908, 'hanhtodang@gmail.com', N'Lào Cai', 'UV123');
INSERT INTO ADMIN.UNGVIEN VALUES ('UV238', N'Đào Trung Anh', 7570191643, 'anhdaotrung@gmail.com', N'Khánh Hòa', 'UV123');
INSERT INTO ADMIN.UNGVIEN VALUES ('UV239', N'Tăng Hữu Anh', 5060573102, 'anhtanghuu@gmail.com', N'Vĩnh Long', 'UV123');
INSERT INTO ADMIN.UNGVIEN VALUES ('UV240', N'Trịnh Lê Thảo', 6457892548, 'thaotrinhle@gmail.com', N'Quảng Nam', 'UV123');
INSERT INTO ADMIN.UNGVIEN VALUES ('UV241', N'Lương Hạnh Linh', 4463528402, 'linhluonghanh@gmail.com', N'Bình Định', 'UV123');
INSERT INTO ADMIN.UNGVIEN VALUES ('UV242', N'Vũ Hải Huy', 3003841143, 'huyvuhai@gmail.com', N'Long An', 'UV123');
INSERT INTO ADMIN.UNGVIEN VALUES ('UV243', N'Chu Hà Thảo', 5073404935, 'thaochuha@gmail.com', N'Ninh Thuận', 'UV123');
INSERT INTO ADMIN.UNGVIEN VALUES ('UV244', N'Đỗ Hồng Huy', 4355495057, 'huydohong@gmail.com', N'Quảng Ninh', 'UV123');
INSERT INTO ADMIN.UNGVIEN VALUES ('UV245', N'Đỗ Hùng Phương', 2021034455, 'phuongdohung@gmail.com', N'Vĩnh Phúc', 'UV123');
INSERT INTO ADMIN.UNGVIEN VALUES ('UV246', N'Huỳnh Hưng Hương', 2536266617, 'huonghuynhhung@gmail.com', N'Tuyên Quang', 'UV123');
INSERT INTO ADMIN.UNGVIEN VALUES ('UV247', N'Sơn Thịnh Trang', 3327718919, 'trangsonthinh@gmail.com', N'Khánh Hòa', 'UV123');
INSERT INTO ADMIN.UNGVIEN VALUES ('UV248', N'Ngô Hùng Hạnh', 8658212051, 'hanhngohung@gmail.com', N'Tây Ninh', 'UV123');
INSERT INTO ADMIN.UNGVIEN VALUES ('UV249', N'Đỗ Đăng Trang', 6306073585, 'trangdodang@gmail.com', N'Bình Dương', 'UV123');
INSERT INTO ADMIN.UNGVIEN VALUES ('UV250', N'Lê Hữu Hà', 4264340976, 'halehuu@gmail.com', N'Lai Châu', 'UV123');
INSERT INTO ADMIN.UNGVIEN VALUES ('UV251', N'Thái Văn Thu', 7751282277, 'thuthaivan@gmail.com', N'Lai Châu', 'UV123');
INSERT INTO ADMIN.UNGVIEN VALUES ('UV252', N'Mai Đăng Hùng', 8690228562, 'hungmaidang@gmail.com', N'Kon Tum', 'UV123');
INSERT INTO ADMIN.UNGVIEN VALUES ('UV253', N'Hoàng Hương Huy', 2772689060, 'huyhoanghuong@gmail.com', N'Gia lai', 'UV123');
INSERT INTO ADMIN.UNGVIEN VALUES ('UV254', N'Dương Văn Hoa', 1806403166, 'hoaduongvan@gmail.com', N'Quảng Nam', 'UV123');
INSERT INTO ADMIN.UNGVIEN VALUES ('UV255', N'Trịnh Hà Hùng', 7210773710, 'hungtrinhha@gmail.com', N'Tuyên Quang', 'UV123');
INSERT INTO ADMIN.UNGVIEN VALUES ('UV256', N'Đỗ Thuỳ Hồng', 5563317787, 'hongdothuy@gmail.com', N'Khánh Hòa', 'UV123');
INSERT INTO ADMIN.UNGVIEN VALUES ('UV257', N'Huỳnh Trung Hùng', 9416876143, 'hunghuynhtrung@gmail.com', N'Ninh Thuận', 'UV123');
INSERT INTO ADMIN.UNGVIEN VALUES ('UV258', N'Lý Hương Thủy', 1942373100, 'thuylyhuong@gmail.com', N'Bến Tre', 'UV123');
INSERT INTO ADMIN.UNGVIEN VALUES ('UV259', N'Lý Thủy Nam', 9477679513, 'namlythuy@gmail.com', N'Cà mau', 'UV123');
INSERT INTO ADMIN.UNGVIEN VALUES ('UV260', N'Phùng Lê Hưng', 4738009899, 'hungphungle@gmail.com', N'Bình Dương', 'UV123');
INSERT INTO ADMIN.UNGVIEN VALUES ('UV261', N'Đào Lê Nam', 5718789401, 'namdaole@gmail.com', N'Thái Nguyên', 'UV123');
INSERT INTO ADMIN.UNGVIEN VALUES ('UV262', N'Tăng Hải Phương', 2078563647, 'phuongtanghai@gmail.com', N'Thái Bình', 'UV123');
INSERT INTO ADMIN.UNGVIEN VALUES ('UV263', N'Hoàng Hải Hoa', 2062067466, 'hoahoanghai@gmail.com', N'Thái Nguyên', 'UV123');
INSERT INTO ADMIN.UNGVIEN VALUES ('UV264', N'Hồ Hà Hồng', 9506679169, 'honghoha@gmail.com', N'Quảng Nam', 'UV123');
INSERT INTO ADMIN.UNGVIEN VALUES ('UV265', N'Phan Minh Huy', 8494638381, 'huyphanminh@gmail.com', N'Bến Tre', 'UV123');
INSERT INTO ADMIN.UNGVIEN VALUES ('UV266', N'Chu Hà Hồng', 4152359263, 'hongchuha@gmail.com', N'Bình Phước', 'UV123');
INSERT INTO ADMIN.UNGVIEN VALUES ('UV267', N'Thạch Minh Việt', 7348258987, 'vietthachminh@gmail.com', N'Khánh Hòa', 'UV123');
INSERT INTO ADMIN.UNGVIEN VALUES ('UV268', N'Nguyễn Đăng Hạnh', 8133965740, 'hanhnguyendang@gmail.com', N'Lâm Đồng', 'UV123');
INSERT INTO ADMIN.UNGVIEN VALUES ('UV269', N'Mai Hồng Việt', 5817633442, 'vietmaihong@gmail.com', N'Thừa Thiên Huế', 'UV123');
INSERT INTO ADMIN.UNGVIEN VALUES ('UV270', N'Dương Hữu Hoa', 8796190667, 'hoaduonghuu@gmail.com', N'Lạng Sơn', 'UV123');
INSERT INTO ADMIN.UNGVIEN VALUES ('UV271', N'Ngô Văn Hưng', 8916090110, 'hungngovan@gmail.com', N'Lâm Đồng', 'UV123');
INSERT INTO ADMIN.UNGVIEN VALUES ('UV272', N'Đào Hà Phương', 4510113927, 'phuongdaoha@gmail.com', N'Bình Thuận', 'UV123');
INSERT INTO ADMIN.UNGVIEN VALUES ('UV273', N'Hoàng Hồng Thảo', 3484138387, 'thaohoanghong@gmail.com', N'Bắc Giang', 'UV123');
INSERT INTO ADMIN.UNGVIEN VALUES ('UV274', N'Đào Lê Hoa', 7563655358, 'hoadaole@gmail.com', N'Quảng Ninh', 'UV123');
INSERT INTO ADMIN.UNGVIEN VALUES ('UV275', N'Phan Hạnh Hoa', 4197995495, 'hoaphanhanh@gmail.com', N'Nghệ An', 'UV123');
INSERT INTO ADMIN.UNGVIEN VALUES ('UV276', N'Tạ Thịnh Hùng', 8901885951, 'hungtathinh@gmail.com', N'Hưng Yên', 'UV123');
INSERT INTO ADMIN.UNGVIEN VALUES ('UV277', N'Trần Thị Việt', 3118365947, 'viettranthi@gmail.com', N'Phú Thọ', 'UV123');
INSERT INTO ADMIN.UNGVIEN VALUES ('UV278', N'Phạm Lê Hương', 1913122535, 'huongphamle@gmail.com', N'Vĩnh Phúc', 'UV123');
INSERT INTO ADMIN.UNGVIEN VALUES ('UV279', N'Lê Hương Thủy', 6422594859, 'thuylehuong@gmail.com', N'Đắk Nông', 'UV123');
INSERT INTO ADMIN.UNGVIEN VALUES ('UV280', N'Đặng Thịnh Hùng', 9170675850, 'hungdangthinh@gmail.com', N'Thái Bình', 'UV123');
INSERT INTO ADMIN.UNGVIEN VALUES ('UV281', N'Từ Minh Hương', 2945788221, 'huongtuminh@gmail.com', N'Hòa Bình', 'UV123');
INSERT INTO ADMIN.UNGVIEN VALUES ('UV282', N'Ngô Văn Tùng', 9271016901, 'tungngovan@gmail.com', N'Bình Dương', 'UV123');
INSERT INTO ADMIN.UNGVIEN VALUES ('UV283', N'Lê Đăng Huy', 1536363348, 'huyledang@gmail.com', N'Hải Dương', 'UV123');
INSERT INTO ADMIN.UNGVIEN VALUES ('UV284', N'Dương Đăng Linh', 4553268057, 'linhduongdang@gmail.com', N'Quảng Ngãi', 'UV123');
INSERT INTO ADMIN.UNGVIEN VALUES ('UV285', N'Tiêu Bảo Hải', 6100445808, 'haitieubao@gmail.com', N'Tiền Giang', 'UV123');
INSERT INTO ADMIN.UNGVIEN VALUES ('UV286', N'Trương Hải Hoa', 5577436723, 'hoatruonghai@gmail.com', N'Ninh Thuận', 'UV123');
INSERT INTO ADMIN.UNGVIEN VALUES ('UV287', N'Phùng Hùng Hưng', 4428785195, 'hungphunghung@gmail.com', N'Hà Nội', 'UV123');
INSERT INTO ADMIN.UNGVIEN VALUES ('UV288', N'Tăng Hải Hạnh', 3841623639, 'hanhtanghai@gmail.com', N'Thái Nguyên', 'UV123');
INSERT INTO ADMIN.UNGVIEN VALUES ('UV289', N'Lý Đăng Thảo', 2522367876, 'thaolydang@gmail.com', N'Cà mau', 'UV123');
INSERT INTO ADMIN.UNGVIEN VALUES ('UV290', N'Thạch Bảo Linh', 4202235937, 'linhthachbao@gmail.com', N'Cà mau', 'UV123');
INSERT INTO ADMIN.UNGVIEN VALUES ('UV291', N'Nguyễn Hà Hương', 7218558526, 'huongnguyenha@gmail.com', N'Long An', 'UV123');
INSERT INTO ADMIN.UNGVIEN VALUES ('UV292', N'Tăng Văn Tùng', 2666933255, 'tungtangvan@gmail.com', N'Vĩnh Phúc', 'UV123');
INSERT INTO ADMIN.UNGVIEN VALUES ('UV293', N'Nguyễn Đăng Hoa', 5655911619, 'hoanguyendang@gmail.com', N'Hòa Bình', 'UV123');
INSERT INTO ADMIN.UNGVIEN VALUES ('UV294', N'Ngô Hồng Thu', 6893801667, 'thungohong@gmail.com', N'Sơn La', 'UV123');
INSERT INTO ADMIN.UNGVIEN VALUES ('UV295', N'Trương Thuỳ Thảo', 6827552830, 'thaotruongthuy@gmail.com', N'Thừa Thiên Huế', 'UV123');
INSERT INTO ADMIN.UNGVIEN VALUES ('UV296', N'Ngô Hùng Hưng', 7503149417, 'hungngohung@gmail.com', N'Quảng Trị', 'UV123');
INSERT INTO ADMIN.UNGVIEN VALUES ('UV297', N'Đào Hữu Tùng', 3331644476, 'tungdaohuu@gmail.com', N'Hà Nội', 'UV123');
INSERT INTO ADMIN.UNGVIEN VALUES ('UV298', N'Lương Ngọc Huy', 5291577830, 'huyluongngoc@gmail.com', N'Bến Tre', 'UV123');
INSERT INTO ADMIN.UNGVIEN VALUES ('UV299', N'Phan Hữu Nam', 8187503811, 'namphanhuu@gmail.com', N'Tuyên Quang', 'UV123');
INSERT INTO ADMIN.UNGVIEN VALUES ('UV300', N'Phạm Ngọc Linh', 9924613643, 'linhphamngoc@gmail.com', N'Bắc Ninh', 'UV123');
INSERT INTO ADMIN.UNGVIEN VALUES ('UV301', N'Trịnh Hưng Tùng', 3504847274, 'tungtrinhhung@gmail.com', N'Thái Nguyên', 'UV123');
INSERT INTO ADMIN.UNGVIEN VALUES ('UV302', N'Thái Thịnh Hưng', 5483051209, 'hungthaithinh@gmail.com', N'Lào Cai', 'UV123');
INSERT INTO ADMIN.UNGVIEN VALUES ('UV303', N'Tăng Văn Phương', 6354537760, 'phuongtangvan@gmail.com', N'Thừa Thiên Huế', 'UV123');
INSERT INTO ADMIN.UNGVIEN VALUES ('UV304', N'Đặng Lê Tùng', 8016607691, 'tungdangle@gmail.com', N'Yên Bái', 'UV123');
INSERT INTO ADMIN.UNGVIEN VALUES ('UV305', N'Lý Thịnh Thảo', 4181875285, 'thaolythinh@gmail.com', N'Bình Thuận', 'UV123');
INSERT INTO ADMIN.UNGVIEN VALUES ('UV306', N'Đặng Lê Trang', 3100010148, 'trangdangle@gmail.com', N'Bến Tre', 'UV123');
INSERT INTO ADMIN.UNGVIEN VALUES ('UV307', N'Tạ Hồng Thủy', 5183029503, 'thuytahong@gmail.com', N'Đắk Lắk', 'UV123');
INSERT INTO ADMIN.UNGVIEN VALUES ('UV308', N'Hà Thuỳ Trang', 9332273746, 'tranghathuy@gmail.com', N'Lạng Sơn', 'UV123');
INSERT INTO ADMIN.UNGVIEN VALUES ('UV309', N'Đỗ Minh Hà', 6635870601, 'hadominh@gmail.com', N'Hưng Yên', 'UV123');
INSERT INTO ADMIN.UNGVIEN VALUES ('UV310', N'Dương Văn Phương', 8023286122, 'phuongduongvan@gmail.com', N'Tiền Giang', 'UV123');
INSERT INTO ADMIN.UNGVIEN VALUES ('UV311', N'Ngô Hưng Tùng', 9802700315, 'tungngohung@gmail.com', N'Thừa Thiên Huế', 'UV123');
INSERT INTO ADMIN.UNGVIEN VALUES ('UV312', N'Trịnh Minh Linh', 7506238700, 'linhtrinhminh@gmail.com', N'Lai Châu', 'UV123');
INSERT INTO ADMIN.UNGVIEN VALUES ('UV313', N'Lê Hải Thảo', 6992444889, 'thaolehai@gmail.com', N'Khánh Hòa', 'UV123');
INSERT INTO ADMIN.UNGVIEN VALUES ('UV314', N'Chu Hồng Việt', 6816989451, 'vietchuhong@gmail.com', N'Long An', 'UV123');
INSERT INTO ADMIN.UNGVIEN VALUES ('UV315', N'Ngô Hà Hải', 6345573292, 'haingoha@gmail.com', N'Hải Phòng', 'UV123');
INSERT INTO ADMIN.UNGVIEN VALUES ('UV316', N'Đinh Hùng Hương', 4493832524, 'huongdinhhung@gmail.com', N'Quảng Trị', 'UV123');
INSERT INTO ADMIN.UNGVIEN VALUES ('UV317', N'Vũ Thuỳ Linh', 9507274704, 'linhvuthuy@gmail.com', N'Hưng Yên', 'UV123');
INSERT INTO ADMIN.UNGVIEN VALUES ('UV318', N'Lê Hồng Hạnh', 2835975696, 'hanhlehong@gmail.com', N'Đồng Tháp', 'UV123');
INSERT INTO ADMIN.UNGVIEN VALUES ('UV319', N'Tô Hữu Tùng', 3241106567, 'tungtohuu@gmail.com', N'Vĩnh Phúc', 'UV123');
INSERT INTO ADMIN.UNGVIEN VALUES ('UV320', N'Trần Hải Linh', 5127066775, 'linhtranhai@gmail.com', N'Thanh Hóa', 'UV123');
INSERT INTO ADMIN.UNGVIEN VALUES ('UV321', N'Sơn Thị Thảo', 2843288950, 'thaosonthi@gmail.com', N'Ninh Bình', 'UV123');
INSERT INTO ADMIN.UNGVIEN VALUES ('UV322', N'Lý Ngọc Nam', 2667438120, 'namlyngoc@gmail.com', N'Long An', 'UV123');
INSERT INTO ADMIN.UNGVIEN VALUES ('UV323', N'Lương Lê Linh', 2765311472, 'linhluongle@gmail.com', N'Cà mau', 'UV123');
INSERT INTO ADMIN.UNGVIEN VALUES ('UV324', N'Bùi Hải Hùng', 3892583718, 'hungbuihai@gmail.com', N'Bình Phước', 'UV123');
INSERT INTO ADMIN.UNGVIEN VALUES ('UV325', N'Trịnh Văn Tùng', 2735097967, 'tungtrinhvan@gmail.com', N'Quảng Trị', 'UV123');
INSERT INTO ADMIN.UNGVIEN VALUES ('UV326', N'Tô Văn Hương', 8750839150, 'huongtovan@gmail.com', N'Hải Dương', 'UV123');
INSERT INTO ADMIN.UNGVIEN VALUES ('UV327', N'Đào Hùng Linh', 6397754494, 'linhdaohung@gmail.com', N'Bình Định', 'UV123');
INSERT INTO ADMIN.UNGVIEN VALUES ('UV328', N'Tăng Lê Thu', 5518014758, 'thutangle@gmail.com', N'Long An', 'UV123');
INSERT INTO ADMIN.UNGVIEN VALUES ('UV329', N'Thái Hạnh Phương', 7692452564, 'phuongthaihanh@gmail.com', N'Hưng Yên', 'UV123');
INSERT INTO ADMIN.UNGVIEN VALUES ('UV330', N'Lê Hương Linh', 5135941595, 'linhlehuong@gmail.com', N'Đà Nẵng', 'UV123');
INSERT INTO ADMIN.UNGVIEN VALUES ('UV331', N'Tăng Văn Hạnh', 6208642484, 'hanhtangvan@gmail.com', N'Bình Dương', 'UV123');
INSERT INTO ADMIN.UNGVIEN VALUES ('UV332', N'Chu Ngọc Hương', 5242464853, 'huongchungoc@gmail.com', N'Bình Thuận', 'UV123');
INSERT INTO ADMIN.UNGVIEN VALUES ('UV333', N'Trịnh Hải Hương', 2944422821, 'huongtrinhhai@gmail.com', N'Quảng Nam', 'UV123');
INSERT INTO ADMIN.UNGVIEN VALUES ('UV334', N'Trịnh Đăng Thảo', 6196323271, 'thaotrinhdang@gmail.com', N'Tây Ninh', 'UV123');
INSERT INTO ADMIN.UNGVIEN VALUES ('UV335', N'Phan Thịnh Hạnh', 2494924582, 'hanhphanthinh@gmail.com', N'Hà Nội', 'UV123');
INSERT INTO ADMIN.UNGVIEN VALUES ('UV336', N'Sơn Hà Nam', 5106819104, 'namsonha@gmail.com', N'Thanh Hóa', 'UV123');
INSERT INTO ADMIN.UNGVIEN VALUES ('UV337', N'Thái Thị Hoa', 9842994571, 'hoathaithi@gmail.com', N'Lào Cai', 'UV123');
INSERT INTO ADMIN.UNGVIEN VALUES ('UV338', N'Đoàn Đăng Hưng', 3302202256, 'hungdoandang@gmail.com', N'Bình Định', 'UV123');
INSERT INTO ADMIN.UNGVIEN VALUES ('UV339', N'Đinh Hải Hải', 4507202301, 'haidinhhai@gmail.com', N'Hải Phòng', 'UV123');
INSERT INTO ADMIN.UNGVIEN VALUES ('UV340', N'Thái Thủy Anh', 3721988404, 'anhthaithuy@gmail.com', N'Thái Nguyên', 'UV123');
INSERT INTO ADMIN.UNGVIEN VALUES ('UV341', N'Dương Văn Hạnh', 5768081865, 'hanhduongvan@gmail.com', N'Cà mau', 'UV123');
INSERT INTO ADMIN.UNGVIEN VALUES ('UV342', N'Dương Thủy Thủy', 2147241685, 'thuyduongthuy@gmail.com', N'Sơn La', 'UV123');
INSERT INTO ADMIN.UNGVIEN VALUES ('UV343', N'Phạm Thuỳ Nam', 3220260642, 'namphamthuy@gmail.com', N'Bắc Giang', 'UV123');
INSERT INTO ADMIN.UNGVIEN VALUES ('UV344', N'Mai Thịnh Hùng', 7237304472, 'hungmaithinh@gmail.com', N'Khánh Hòa', 'UV123');
INSERT INTO ADMIN.UNGVIEN VALUES ('UV345', N'Mai Hạnh Tùng', 9414180687, 'tungmaihanh@gmail.com', N'Ninh Thuận', 'UV123');
INSERT INTO ADMIN.UNGVIEN VALUES ('UV346', N'Thạch Hà Hải', 5572816060, 'haithachha@gmail.com', N'Bắc Ninh', 'UV123');
INSERT INTO ADMIN.UNGVIEN VALUES ('UV347', N'Trần Văn Hà', 4078683337, 'hatranvan@gmail.com', N'Khánh Hòa', 'UV123');
INSERT INTO ADMIN.UNGVIEN VALUES ('UV348', N'Thái Hạnh Hùng', 2295048161, 'hungthaihanh@gmail.com', N'Phú Yên', 'UV123');
INSERT INTO ADMIN.UNGVIEN VALUES ('UV349', N'Nguyễn Minh Linh', 2968192414, 'linhnguyenminh@gmail.com', N'Quảng Ngãi', 'UV123');
INSERT INTO ADMIN.UNGVIEN VALUES ('UV350', N'Phùng Hùng Hạnh', 7742542109, 'hanhphunghung@gmail.com', N'Hải Dương', 'UV123');
INSERT INTO ADMIN.UNGVIEN VALUES ('UV351', N'Huỳnh Lê Linh', 7694859624, 'linhhuynhle@gmail.com', N'Khánh Hòa', 'UV123');
INSERT INTO ADMIN.UNGVIEN VALUES ('UV352', N'Đoàn Trung Hà', 5387244921, 'hadoantrung@gmail.com', N'Phú Yên', 'UV123');
INSERT INTO ADMIN.UNGVIEN VALUES ('UV353', N'Ngô Hải Thảo', 4832324036, 'thaongohai@gmail.com', N'Hồ Chí Minh', 'UV123');
INSERT INTO ADMIN.UNGVIEN VALUES ('UV354', N'Từ Hùng Nam', 1804019392, 'namtuhung@gmail.com', N'Lạng Sơn', 'UV123');
INSERT INTO ADMIN.UNGVIEN VALUES ('UV355', N'Phùng Ngọc Anh', 3133554984, 'anhphungngoc@gmail.com', N'Thái Nguyên', 'UV123');
INSERT INTO ADMIN.UNGVIEN VALUES ('UV356', N'Tạ Minh Thu', 9150731492, 'thutaminh@gmail.com', N'Ninh Bình', 'UV123');
INSERT INTO ADMIN.UNGVIEN VALUES ('UV357', N'Lý Thuỳ Hà', 6306563942, 'halythuy@gmail.com', N'Bình Định', 'UV123');
INSERT INTO ADMIN.UNGVIEN VALUES ('UV358', N'Trương Trung Linh', 9594101425, 'linhtruongtrung@gmail.com', N'Lạng Sơn', 'UV123');
INSERT INTO ADMIN.UNGVIEN VALUES ('UV359', N'Võ Lê Hạnh', 9913698995, 'hanhvole@gmail.com', N'Hậu Giang', 'UV123');
INSERT INTO ADMIN.UNGVIEN VALUES ('UV360', N'Lương Hạnh Hương', 2697843463, 'huongluonghanh@gmail.com', N'Hậu Giang', 'UV123');
INSERT INTO ADMIN.UNGVIEN VALUES ('UV361', N'Sơn Hương Tùng', 9683223087, 'tungsonhuong@gmail.com', N'Đồng Nai', 'UV123');
INSERT INTO ADMIN.UNGVIEN VALUES ('UV362', N'Tô Thị Trang', 4512121538, 'trangtothi@gmail.com', N'Sóc Trăng', 'UV123');
INSERT INTO ADMIN.UNGVIEN VALUES ('UV363', N'Trịnh Hồng Hồng', 7666609069, 'hongtrinhhong@gmail.com', N'Bắc Ninh', 'UV123');
INSERT INTO ADMIN.UNGVIEN VALUES ('UV364', N'Nguyễn Hưng Hà', 9223775047, 'hanguyenhung@gmail.com', N'Bình Phước', 'UV123');
INSERT INTO ADMIN.UNGVIEN VALUES ('UV365', N'Đào Thuỳ Hà', 6305623456, 'hadaothuy@gmail.com', N'Sóc Trăng', 'UV123');
INSERT INTO ADMIN.UNGVIEN VALUES ('UV366', N'Thái Thịnh Phương', 2592075019, 'phuongthaithinh@gmail.com', N'Quảng Trị', 'UV123');
INSERT INTO ADMIN.UNGVIEN VALUES ('UV367', N'Phan Hùng Trang', 5598240398, 'trangphanhung@gmail.com', N'Hòa Bình', 'UV123');
INSERT INTO ADMIN.UNGVIEN VALUES ('UV368', N'Đoàn Hạnh Hương', 3748847988, 'huongdoanhanh@gmail.com', N'Thái Nguyên', 'UV123');
INSERT INTO ADMIN.UNGVIEN VALUES ('UV369', N'Sơn Hữu Nam', 5717298838, 'namsonhuu@gmail.com', N'Ninh Bình', 'UV123');
INSERT INTO ADMIN.UNGVIEN VALUES ('UV370', N'Thái Minh Thu', 7684230655, 'thuthaiminh@gmail.com', N'Vĩnh Phúc', 'UV123');
INSERT INTO ADMIN.UNGVIEN VALUES ('UV371', N'Sơn Văn Thu', 1693643871, 'thusonvan@gmail.com', N'Đồng Tháp', 'UV123');
INSERT INTO ADMIN.UNGVIEN VALUES ('UV372', N'Trịnh Hùng Hoa', 9497735207, 'hoatrinhhung@gmail.com', N'Vĩnh Long', 'UV123');
INSERT INTO ADMIN.UNGVIEN VALUES ('UV373', N'Tăng Hùng Phương', 8192132997, 'phuongtanghung@gmail.com', N'Hòa Bình', 'UV123');
INSERT INTO ADMIN.UNGVIEN VALUES ('UV374', N'Đoàn Trung Tùng', 6521340423, 'tungdoantrung@gmail.com', N'Vĩnh Phúc', 'UV123');
INSERT INTO ADMIN.UNGVIEN VALUES ('UV375', N'Trịnh Hồng Thảo', 3715579938, 'thaotrinhhong@gmail.com', N'Khánh Hòa', 'UV123');
INSERT INTO ADMIN.UNGVIEN VALUES ('UV376', N'Sơn Thuỳ Hùng', 3511934771, 'hungsonthuy@gmail.com', N'Ninh Bình', 'UV123');
INSERT INTO ADMIN.UNGVIEN VALUES ('UV377', N'Nguyễn Thị Hải', 5257127814, 'hainguyenthi@gmail.com', N'Phú Thọ', 'UV123');
INSERT INTO ADMIN.UNGVIEN VALUES ('UV378', N'Đinh Minh Linh', 3626297256, 'linhdinhminh@gmail.com', N'Phú Yên', 'UV123');
INSERT INTO ADMIN.UNGVIEN VALUES ('UV379', N'Hoàng Hùng Hương', 9821671226, 'huonghoanghung@gmail.com', N'Cà mau', 'UV123');
INSERT INTO ADMIN.UNGVIEN VALUES ('UV380', N'Chu Hùng Hùng', 6167102397, 'hungchuhung@gmail.com', N'Bình Định', 'UV123');
INSERT INTO ADMIN.UNGVIEN VALUES ('UV381', N'Vũ Trung Việt', 1464772242, 'vietvutrung@gmail.com', N'Quảng Bình', 'UV123');
INSERT INTO ADMIN.UNGVIEN VALUES ('UV382', N'Trần Hưng Linh', 5332844193, 'linhtranhung@gmail.com', N'Phú Thọ', 'UV123');
INSERT INTO ADMIN.UNGVIEN VALUES ('UV383', N'Bùi Đăng Hưng', 2522322339, 'hungbuidang@gmail.com', N'Khánh Hòa', 'UV123');
INSERT INTO ADMIN.UNGVIEN VALUES ('UV384', N'Phan Thị Hoa', 6221493211, 'hoaphanthi@gmail.com', N'Quảng Ngãi', 'UV123');
INSERT INTO ADMIN.UNGVIEN VALUES ('UV385', N'Thạch Thuỳ Phương', 4713333557, 'phuongthachthuy@gmail.com', N'Đắk Lắk', 'UV123');
INSERT INTO ADMIN.UNGVIEN VALUES ('UV386', N'Dương Trung Anh', 1152266145, 'anhduongtrung@gmail.com', N'Hòa Bình', 'UV123');
INSERT INTO ADMIN.UNGVIEN VALUES ('UV387', N'Đinh Bảo Tùng', 9086840157, 'tungdinhbao@gmail.com', N'Bình Phước', 'UV123');
INSERT INTO ADMIN.UNGVIEN VALUES ('UV388', N'Phan Minh Thảo', 3613545540, 'thaophanminh@gmail.com', N'Bắc Giang', 'UV123');
INSERT INTO ADMIN.UNGVIEN VALUES ('UV389', N'Lê Minh Hạnh', 1881768674, 'hanhleminh@gmail.com', N'Hà Nội', 'UV123');
INSERT INTO ADMIN.UNGVIEN VALUES ('UV390', N'Tô Thị Thảo', 6853141318, 'thaotothi@gmail.com', N'Bến Tre', 'UV123');
INSERT INTO ADMIN.UNGVIEN VALUES ('UV391', N'Đặng Lê Hương', 3377913522, 'huongdangle@gmail.com', N'Đồng Tháp', 'UV123');
INSERT INTO ADMIN.UNGVIEN VALUES ('UV392', N'Trương Thủy Nam', 8084228111, 'namtruongthuy@gmail.com', N'Kiên Giang', 'UV123');
INSERT INTO ADMIN.UNGVIEN VALUES ('UV393', N'Trương Thịnh Tùng', 3255311445, 'tungtruongthinh@gmail.com', N'Bạc Liêu', 'UV123');
INSERT INTO ADMIN.UNGVIEN VALUES ('UV394', N'Đoàn Hạnh Hải', 2628392480, 'haidoanhanh@gmail.com', N'Long An', 'UV123');
INSERT INTO ADMIN.UNGVIEN VALUES ('UV395', N'Mai Minh Thu', 5720702112, 'thumaiminh@gmail.com', N'Bình Định', 'UV123');
INSERT INTO ADMIN.UNGVIEN VALUES ('UV396', N'Dương Trung Thu', 5588091499, 'thuduongtrung@gmail.com', N'Yên Bái', 'UV123');
INSERT INTO ADMIN.UNGVIEN VALUES ('UV397', N'Bùi Ngọc Hạnh', 3317483991, 'hanhbuingoc@gmail.com', N'Hồ Chí Minh', 'UV123');
INSERT INTO ADMIN.UNGVIEN VALUES ('UV398', N'Tiêu Lê Linh', 7203718959, 'linhtieule@gmail.com', N'Hải Dương', 'UV123');
INSERT INTO ADMIN.UNGVIEN VALUES ('UV399', N'Đỗ Hùng Nam', 2206849672, 'namdohung@gmail.com', N'Nam Định', 'UV123');
INSERT INTO ADMIN.UNGVIEN VALUES ('UV400', N'Nguyễn Hùng Phương', 1755655388, 'phuongnguyenhung@gmail.com', N'Hải Dương', 'UV123');


INSERT INTO ADMIN.NHANVIEN VALUES ('NV001', N'Thái Trung Thủy', 7006392686, 'thuythaitrung.staff@gmail.com', 'NV456');
INSERT INTO ADMIN.NHANVIEN VALUES ('NV002', N'Trương Thịnh Hạnh', 9390337808, 'hanhtruongthinh.staff@gmail.com', 'NV456');
INSERT INTO ADMIN.NHANVIEN VALUES ('NV003', N'Chu Hà Trang', 5916476403, 'trangchuha.staff@gmail.com', 'NV456');
INSERT INTO ADMIN.NHANVIEN VALUES ('NV004', N'Lê Hữu Việt', 6431096249, 'vietlehuu.staff@gmail.com', 'NV456');
INSERT INTO ADMIN.NHANVIEN VALUES ('NV005', N'Đoàn Hùng Thảo', 2734691603, 'thaodoanhung.staff@gmail.com', 'NV456');
INSERT INTO ADMIN.NHANVIEN VALUES ('NV006', N'Trịnh Hải Hải', 3590619954, 'haitrinhhai.staff@gmail.com', 'NV456');
INSERT INTO ADMIN.NHANVIEN VALUES ('NV007', N'Nguyễn Hưng Nam', 1156920007, 'namnguyenhung.staff@gmail.com', 'NV456');
INSERT INTO ADMIN.NHANVIEN VALUES ('NV008', N'Thái Minh Trang', 5992092869, 'trangthaiminh.staff@gmail.com', 'NV456');
INSERT INTO ADMIN.NHANVIEN VALUES ('NV009', N'Tô Hồng Việt', 1422530131, 'viettohong.staff@gmail.com', 'NV456');
INSERT INTO ADMIN.NHANVIEN VALUES ('NV010', N'Hồ Thị Hải', 7906418962, 'haihothi.staff@gmail.com', 'NV456');
INSERT INTO ADMIN.NHANVIEN VALUES ('NV011', N'Từ Trung Hưng', 9004667568, 'hungtutrung.staff@gmail.com', 'NV456');
INSERT INTO ADMIN.NHANVIEN VALUES ('NV012', N'Võ Văn Hưng', 7921282331, 'hungvovan.staff@gmail.com', 'NV456');
INSERT INTO ADMIN.NHANVIEN VALUES ('NV013', N'Trương Hồng Hoa', 2858867973, 'hoatruonghong.staff@gmail.com', 'NV456');
INSERT INTO ADMIN.NHANVIEN VALUES ('NV014', N'Võ Bảo Trang', 8662888292, 'trangvobao.staff@gmail.com', 'NV456');
INSERT INTO ADMIN.NHANVIEN VALUES ('NV015', N'Huỳnh Ngọc Việt', 4706253679, 'viethuynhngoc.staff@gmail.com', 'NV456');
INSERT INTO ADMIN.NHANVIEN VALUES ('NV016', N'Huỳnh Bảo Tùng', 2270569705, 'tunghuynhbao.staff@gmail.com', 'NV456');
INSERT INTO ADMIN.NHANVIEN VALUES ('NV017', N'Võ Thị Thảo', 8334301467, 'thaovothi.staff@gmail.com', 'NV456');
INSERT INTO ADMIN.NHANVIEN VALUES ('NV018', N'Ngô Hải Hồng', 7174873153, 'hongngohai.staff@gmail.com', 'NV456');
INSERT INTO ADMIN.NHANVIEN VALUES ('NV019', N'Trịnh Hưng Nam', 5966419950, 'namtrinhhung.staff@gmail.com', 'NV456');
INSERT INTO ADMIN.NHANVIEN VALUES ('NV020', N'Dương Hùng Thủy', 8828115936, 'thuyduonghung.staff@gmail.com', 'NV456');
INSERT INTO ADMIN.NHANVIEN VALUES ('NV021', N'Thái Thị Anh', 2251087266, 'anhthaithi.staff@gmail.com', 'NV456');
INSERT INTO ADMIN.NHANVIEN VALUES ('NV022', N'Đào Minh Hùng', 8760743958, 'hungdaominh.staff@gmail.com', 'NV456');
INSERT INTO ADMIN.NHANVIEN VALUES ('NV023', N'Trịnh Hồng Hà', 8836001753, 'hatrinhhong.staff@gmail.com', 'NV456');
INSERT INTO ADMIN.NHANVIEN VALUES ('NV024', N'Hà Đăng Hải', 2147718287, 'haihadang.staff@gmail.com', 'NV456');
INSERT INTO ADMIN.NHANVIEN VALUES ('NV025', N'Huỳnh Hà Thảo', 6245811707, 'thaohuynhha.staff@gmail.com', 'NV456');
INSERT INTO ADMIN.NHANVIEN VALUES ('NV026', N'Thái Hạnh Nam', 5720885175, 'namthaihanh.staff@gmail.com', 'NV456');
INSERT INTO ADMIN.NHANVIEN VALUES ('NV027', N'Tô Hùng Nam', 7883545895, 'namtohung.staff@gmail.com', 'NV456');
INSERT INTO ADMIN.NHANVIEN VALUES ('NV028', N'Hà Hải Hồng', 1910176357, 'honghahai.staff@gmail.com', 'NV456');
INSERT INTO ADMIN.NHANVIEN VALUES ('NV029', N'Dương Đăng Hoa', 1546575601, 'hoaduongdang.staff@gmail.com', 'NV456');
INSERT INTO ADMIN.NHANVIEN VALUES ('NV030', N'Phan Hương Tùng', 5710597086, 'tungphanhuong.staff@gmail.com', 'NV456');
INSERT INTO ADMIN.NHANVIEN VALUES ('NV031', N'Trịnh Hà Hưng', 7324852564, 'hungtrinhha.staff@gmail.com', 'NV456');
INSERT INTO ADMIN.NHANVIEN VALUES ('NV032', N'Đào Thị Việt', 7264107351, 'vietdaothi.staff@gmail.com', 'NV456');
INSERT INTO ADMIN.NHANVIEN VALUES ('NV033', N'Trịnh Hải Hải', 1863012424, 'haitrinhhai.staff@gmail.com', 'NV456');
INSERT INTO ADMIN.NHANVIEN VALUES ('NV034', N'Lý Văn Việt', 9422625470, 'vietlyvan.staff@gmail.com', 'NV456');
INSERT INTO ADMIN.NHANVIEN VALUES ('NV035', N'Võ Hải Hoa', 6816683381, 'hoavohai.staff@gmail.com', 'NV456');
INSERT INTO ADMIN.NHANVIEN VALUES ('NV036', N'Phùng Hùng Huy', 9433098063, 'huyphunghung.staff@gmail.com', 'NV456');
INSERT INTO ADMIN.NHANVIEN VALUES ('NV037', N'Trương Thị Hoa', 9973689955, 'hoatruongthi.staff@gmail.com', 'NV456');
INSERT INTO ADMIN.NHANVIEN VALUES ('NV038', N'Võ Ngọc Hưng', 8043731573, 'hungvongoc.staff@gmail.com', 'NV456');
INSERT INTO ADMIN.NHANVIEN VALUES ('NV039', N'Tô Văn Hạnh', 4088150628, 'hanhtovan.staff@gmail.com', 'NV456');
INSERT INTO ADMIN.NHANVIEN VALUES ('NV040', N'Dương Minh Hùng', 4916296248, 'hungduongminh.staff@gmail.com', 'NV456');
INSERT INTO ADMIN.NHANVIEN VALUES ('NV041', N'Tăng Hùng Trang', 2741239715, 'trangtanghung.staff@gmail.com', 'NV456');
INSERT INTO ADMIN.NHANVIEN VALUES ('NV042', N'Đinh Trung Hưng', 8731390729, 'hungdinhtrung.staff@gmail.com', 'NV456');
INSERT INTO ADMIN.NHANVIEN VALUES ('NV043', N'Lê Đăng Hồng', 4217880016, 'hongledang.staff@gmail.com', 'NV456');
INSERT INTO ADMIN.NHANVIEN VALUES ('NV044', N'Từ Hà Phương', 8920112639, 'phuongtuha.staff@gmail.com', 'NV456');
INSERT INTO ADMIN.NHANVIEN VALUES ('NV045', N'Võ Đăng Huy', 9633267282, 'huyvodang.staff@gmail.com', 'NV456');
INSERT INTO ADMIN.NHANVIEN VALUES ('NV046', N'Đoàn Hồng Linh', 8938598782, 'linhdoanhong.staff@gmail.com', 'NV456');
INSERT INTO ADMIN.NHANVIEN VALUES ('NV047', N'Trần Hải Huy', 7454633353, 'huytranhai.staff@gmail.com', 'NV456');
INSERT INTO ADMIN.NHANVIEN VALUES ('NV048', N'Mai Ngọc Tùng', 6482614156, 'tungmaingoc.staff@gmail.com', 'NV456');
INSERT INTO ADMIN.NHANVIEN VALUES ('NV049', N'Tăng Bảo Hồng', 7062773449, 'hongtangbao.staff@gmail.com', 'NV456');
INSERT INTO ADMIN.NHANVIEN VALUES ('NV050', N'Bùi Hà Thủy', 5583969653, 'thuybuiha.staff@gmail.com', 'NV456');
INSERT INTO ADMIN.NHANVIEN VALUES ('NV051', N'Vũ Hải Hồng', 4097618786, 'hongvuhai.staff@gmail.com', 'NV456');
INSERT INTO ADMIN.NHANVIEN VALUES ('NV052', N'Trịnh Văn Nam', 4086323516, 'namtrinhvan.staff@gmail.com', 'NV456');
INSERT INTO ADMIN.NHANVIEN VALUES ('NV053', N'Phạm Minh Linh', 5657627516, 'linhphamminh.staff@gmail.com', 'NV456');
INSERT INTO ADMIN.NHANVIEN VALUES ('NV054', N'Trịnh Hưng Tùng', 7793104514, 'tungtrinhhung.staff@gmail.com', 'NV456');
INSERT INTO ADMIN.NHANVIEN VALUES ('NV055', N'Lê Thịnh Hạnh', 9262182187, 'hanhlethinh.staff@gmail.com', 'NV456');
INSERT INTO ADMIN.NHANVIEN VALUES ('NV056', N'Phùng Trung Hưng', 8360691830, 'hungphungtrung.staff@gmail.com', 'NV456');
INSERT INTO ADMIN.NHANVIEN VALUES ('NV057', N'Bùi Lê Trang', 5663262625, 'trangbuile.staff@gmail.com', 'NV456');
INSERT INTO ADMIN.NHANVIEN VALUES ('NV058', N'Đinh Lê Thủy', 6332251456, 'thuydinhle.staff@gmail.com', 'NV456');
INSERT INTO ADMIN.NHANVIEN VALUES ('NV059', N'Đặng Văn Nam', 9760631648, 'namdangvan.staff@gmail.com', 'NV456');
INSERT INTO ADMIN.NHANVIEN VALUES ('NV060', N'Đỗ Thuỳ Việt', 4164242070, 'vietdothuy.staff@gmail.com', 'NV456');
INSERT INTO ADMIN.NHANVIEN VALUES ('NV061', N'Đoàn Bảo Việt', 7716170004, 'vietdoanbao.staff@gmail.com', 'NV456');
INSERT INTO ADMIN.NHANVIEN VALUES ('NV062', N'Nguyễn Hùng Hương', 1843546054, 'huongnguyenhung.staff@gmail.com', 'NV456');
INSERT INTO ADMIN.NHANVIEN VALUES ('NV063', N'Đoàn Trung Phương', 5908239623, 'phuongdoantrung.staff@gmail.com', 'NV456');
INSERT INTO ADMIN.NHANVIEN VALUES ('NV064', N'Vũ Bảo Thu', 2366366220, 'thuvubao.staff@gmail.com', 'NV456');
INSERT INTO ADMIN.NHANVIEN VALUES ('NV065', N'Trần Văn Trang', 4614710016, 'trangtranvan.staff@gmail.com', 'NV456');
INSERT INTO ADMIN.NHANVIEN VALUES ('NV066', N'Từ Hồng Việt', 3637409848, 'viettuhong.staff@gmail.com', 'NV456');
INSERT INTO ADMIN.NHANVIEN VALUES ('NV067', N'Chu Hải Anh', 1282019740, 'anhchuhai.staff@gmail.com', 'NV456');
INSERT INTO ADMIN.NHANVIEN VALUES ('NV068', N'Mai Đăng Hùng', 4795954859, 'hungmaidang.staff@gmail.com', 'NV456');
INSERT INTO ADMIN.NHANVIEN VALUES ('NV069', N'Trịnh Hưng Hưng', 8813973464, 'hungtrinhhung.staff@gmail.com', 'NV456');
INSERT INTO ADMIN.NHANVIEN VALUES ('NV070', N'Phan Hữu Linh', 1172722531, 'linhphanhuu.staff@gmail.com', 'NV456');
INSERT INTO ADMIN.NHANVIEN VALUES ('NV071', N'Phạm Lê Thu', 1915004942, 'thuphamle.staff@gmail.com', 'NV456');
INSERT INTO ADMIN.NHANVIEN VALUES ('NV072', N'Tạ Hữu Tùng', 1768521834, 'tungtahuu.staff@gmail.com', 'NV456');
INSERT INTO ADMIN.NHANVIEN VALUES ('NV073', N'Dương Thủy Huy', 1908784523, 'huyduongthuy.staff@gmail.com', 'NV456');
INSERT INTO ADMIN.NHANVIEN VALUES ('NV074', N'Đào Hữu Trang', 8910515193, 'trangdaohuu.staff@gmail.com', 'NV456');
INSERT INTO ADMIN.NHANVIEN VALUES ('NV075', N'Chu Hạnh Thảo', 1732537266, 'thaochuhanh.staff@gmail.com', 'NV456');
INSERT INTO ADMIN.NHANVIEN VALUES ('NV076', N'Trương Minh Thủy', 4341384389, 'thuytruongminh.staff@gmail.com', 'NV456');
INSERT INTO ADMIN.NHANVIEN VALUES ('NV077', N'Lê Trung Trang', 3658837217, 'trangletrung.staff@gmail.com', 'NV456');
INSERT INTO ADMIN.NHANVIEN VALUES ('NV078', N'Từ Thuỳ Phương', 5014985401, 'phuongtuthuy.staff@gmail.com', 'NV456');
INSERT INTO ADMIN.NHANVIEN VALUES ('NV079', N'Sử Hải Thu', 1260219158, 'thusuhai.staff@gmail.com', 'NV456');
INSERT INTO ADMIN.NHANVIEN VALUES ('NV080', N'Thái Minh Hồng', 3395847097, 'hongthaiminh.staff@gmail.com', 'NV456');
INSERT INTO ADMIN.NHANVIEN VALUES ('NV081', N'Hà Hương Linh', 9448143455, 'linhhahuong.staff@gmail.com', 'NV456');
INSERT INTO ADMIN.NHANVIEN VALUES ('NV082', N'Sơn Thủy Hạnh', 9565024000, 'hanhsonthuy.staff@gmail.com', 'NV456');
INSERT INTO ADMIN.NHANVIEN VALUES ('NV083', N'Dương Ngọc Nam', 2232335564, 'namduongngoc.staff@gmail.com', 'NV456');
INSERT INTO ADMIN.NHANVIEN VALUES ('NV084', N'Trương Đăng Nam', 3768331780, 'namtruongdang.staff@gmail.com', 'NV456');
INSERT INTO ADMIN.NHANVIEN VALUES ('NV085', N'Sơn Hải Linh', 2386263519, 'linhsonhai.staff@gmail.com', 'NV456');
INSERT INTO ADMIN.NHANVIEN VALUES ('NV086', N'Lý Bảo Hương', 9001780844, 'huonglybao.staff@gmail.com', 'NV456');
INSERT INTO ADMIN.NHANVIEN VALUES ('NV087', N'Hoàng Bảo Hương', 4268197941, 'huonghoangbao.staff@gmail.com', 'NV456');
INSERT INTO ADMIN.NHANVIEN VALUES ('NV088', N'Sử Trung Tùng', 1801920933, 'tungsutrung.staff@gmail.com', 'NV456');
INSERT INTO ADMIN.NHANVIEN VALUES ('NV089', N'Chu Hải Phương', 9067258773, 'phuongchuhai.staff@gmail.com', 'NV456');
INSERT INTO ADMIN.NHANVIEN VALUES ('NV090', N'Đoàn Hạnh Hùng', 1772735605, 'hungdoanhanh.staff@gmail.com', 'NV456');
INSERT INTO ADMIN.NHANVIEN VALUES ('NV091', N'Nguyễn Hà Huy', 1678652250, 'huynguyenha.staff@gmail.com', 'NV456');
INSERT INTO ADMIN.NHANVIEN VALUES ('NV092', N'Phan Hạnh Hoa', 1248617482, 'hoaphanhanh.staff@gmail.com', 'NV456');
INSERT INTO ADMIN.NHANVIEN VALUES ('NV093', N'Nguyễn Hà Hoa', 9371110312, 'hoanguyenha.staff@gmail.com', 'NV456');
INSERT INTO ADMIN.NHANVIEN VALUES ('NV094', N'Thái Đăng Hạnh', 3016404846, 'hanhthaidang.staff@gmail.com', 'NV456');
INSERT INTO ADMIN.NHANVIEN VALUES ('NV095', N'Phùng Hưng Nam', 1964301104, 'namphunghung.staff@gmail.com', 'NV456');
INSERT INTO ADMIN.NHANVIEN VALUES ('NV096', N'Mai Hà Thu', 8918087609, 'thumaiha.staff@gmail.com', 'NV456');
INSERT INTO ADMIN.NHANVIEN VALUES ('NV097', N'Đỗ Hải Hải', 3715337756, 'haidohai.staff@gmail.com', 'NV456');
INSERT INTO ADMIN.NHANVIEN VALUES ('NV098', N'Võ Thịnh Thảo', 5632043241, 'thaovothinh.staff@gmail.com', 'NV456');
INSERT INTO ADMIN.NHANVIEN VALUES ('NV099', N'Thái Thị Thảo', 9878758727, 'thaothaithi.staff@gmail.com', 'NV456');
INSERT INTO ADMIN.NHANVIEN VALUES ('NV100', N'Thái Ngọc Hương', 9574354080, 'huongthaingoc.staff@gmail.com', 'NV456');
INSERT INTO ADMIN.NHANVIEN VALUES ('NV101', N'Mai Hữu Hà', 7166993934, 'hamaihuu.staff@gmail.com', 'NV456');
INSERT INTO ADMIN.NHANVIEN VALUES ('NV102', N'Trần Hương Trang', 9182889545, 'trangtranhuong.staff@gmail.com', 'NV456');
INSERT INTO ADMIN.NHANVIEN VALUES ('NV103', N'Tiêu Minh Nam', 9810571729, 'namtieuminh.staff@gmail.com', 'NV456');
INSERT INTO ADMIN.NHANVIEN VALUES ('NV104', N'Tiêu Bảo Thủy', 7537362695, 'thuytieubao.staff@gmail.com', 'NV456');
INSERT INTO ADMIN.NHANVIEN VALUES ('NV105', N'Thạch Trung Hùng', 6935187786, 'hungthachtrung.staff@gmail.com', 'NV456');
INSERT INTO ADMIN.NHANVIEN VALUES ('NV106', N'Phùng Minh Hà', 7263128038, 'haphungminh.staff@gmail.com', 'NV456');
INSERT INTO ADMIN.NHANVIEN VALUES ('NV107', N'Vũ Văn Nam', 5240308808, 'namvuvan.staff@gmail.com', 'NV456');
INSERT INTO ADMIN.NHANVIEN VALUES ('NV108', N'Ngô Ngọc Phương', 6396122539, 'phuongngongoc.staff@gmail.com', 'NV456');
INSERT INTO ADMIN.NHANVIEN VALUES ('NV109', N'Đoàn Văn Hoa', 7667395549, 'hoadoanvan.staff@gmail.com', 'NV456');
INSERT INTO ADMIN.NHANVIEN VALUES ('NV110', N'Trương Thuỳ Nam', 6296611638, 'namtruongthuy.staff@gmail.com', 'NV456');
INSERT INTO ADMIN.NHANVIEN VALUES ('NV111', N'Hồ Hùng Hưng', 7657495627, 'hunghohung.staff@gmail.com', 'NV456');
INSERT INTO ADMIN.NHANVIEN VALUES ('NV112', N'Vũ Bảo Hà', 8182572145, 'havubao.staff@gmail.com', 'NV456');
INSERT INTO ADMIN.NHANVIEN VALUES ('NV113', N'Sơn Hải Tùng', 3612120760, 'tungsonhai.staff@gmail.com', 'NV456');
INSERT INTO ADMIN.NHANVIEN VALUES ('NV114', N'Huỳnh Văn Hà', 4860917281, 'hahuynhvan.staff@gmail.com', 'NV456');
INSERT INTO ADMIN.NHANVIEN VALUES ('NV115', N'Trương Thịnh Việt', 1896439490, 'viettruongthinh.staff@gmail.com', 'NV456');
INSERT INTO ADMIN.NHANVIEN VALUES ('NV116', N'Lương Văn Hưng', 1551627499, 'hungluongvan.staff@gmail.com', 'NV456');
INSERT INTO ADMIN.NHANVIEN VALUES ('NV117', N'Hà Hữu Thảo', 4041396060, 'thaohahuu.staff@gmail.com', 'NV456');
INSERT INTO ADMIN.NHANVIEN VALUES ('NV118', N'Phan Trung Hoa', 6264421071, 'hoaphantrung.staff@gmail.com', 'NV456');
INSERT INTO ADMIN.NHANVIEN VALUES ('NV119', N'Chu Lê Hương', 8320279902, 'huongchule.staff@gmail.com', 'NV456');
INSERT INTO ADMIN.NHANVIEN VALUES ('NV120', N'Hà Hữu Thu', 7751950263, 'thuhahuu.staff@gmail.com', 'NV456');
INSERT INTO ADMIN.NHANVIEN VALUES ('NV121', N'Bùi Thị Hải', 4182975221, 'haibuithi.staff@gmail.com', 'NV456');
INSERT INTO ADMIN.NHANVIEN VALUES ('NV122', N'Tạ Lê Hà', 8120410651, 'hatale.staff@gmail.com', 'NV456');
INSERT INTO ADMIN.NHANVIEN VALUES ('NV123', N'Hà Minh Trang', 8857783654, 'tranghaminh.staff@gmail.com', 'NV456');
INSERT INTO ADMIN.NHANVIEN VALUES ('NV124', N'Tô Thuỳ Nam', 1713614597, 'namtothuy.staff@gmail.com', 'NV456');
INSERT INTO ADMIN.NHANVIEN VALUES ('NV125', N'Dương Văn Anh', 5985096532, 'anhduongvan.staff@gmail.com', 'NV456');
INSERT INTO ADMIN.NHANVIEN VALUES ('NV126', N'Đỗ Minh Hạnh', 5803279156, 'hanhdominh.staff@gmail.com', 'NV456');
INSERT INTO ADMIN.NHANVIEN VALUES ('NV127', N'Lê Hà Huy', 4136544510, 'huyleha.staff@gmail.com', 'NV456');
INSERT INTO ADMIN.NHANVIEN VALUES ('NV128', N'Thạch Hữu Thu', 8241643556, 'thuthachhuu.staff@gmail.com', 'NV456');
INSERT INTO ADMIN.NHANVIEN VALUES ('NV129', N'Đào Thủy Hải', 5564688031, 'haidaothuy.staff@gmail.com', 'NV456');
INSERT INTO ADMIN.NHANVIEN VALUES ('NV130', N'Tiêu Hải Việt', 5733496153, 'viettieuhai.staff@gmail.com', 'NV456');
INSERT INTO ADMIN.NHANVIEN VALUES ('NV131', N'Đỗ Hữu Hà', 6381993031, 'hadohuu.staff@gmail.com', 'NV456');
INSERT INTO ADMIN.NHANVIEN VALUES ('NV132', N'Tăng Hạnh Việt', 8122574578, 'viettanghanh.staff@gmail.com', 'NV456');
INSERT INTO ADMIN.NHANVIEN VALUES ('NV133', N'Dương Hạnh Hương', 9093310122, 'huongduonghanh.staff@gmail.com', 'NV456');
INSERT INTO ADMIN.NHANVIEN VALUES ('NV134', N'Sơn Hồng Hoa', 8222623688, 'hoasonhong.staff@gmail.com', 'NV456');
INSERT INTO ADMIN.NHANVIEN VALUES ('NV135', N'Đỗ Hữu Thảo', 7865936654, 'thaodohuu.staff@gmail.com', 'NV456');
INSERT INTO ADMIN.NHANVIEN VALUES ('NV136', N'Trương Hạnh Hà', 1477939363, 'hatruonghanh.staff@gmail.com', 'NV456');
INSERT INTO ADMIN.NHANVIEN VALUES ('NV137', N'Huỳnh Ngọc Hoa', 4470611659, 'hoahuynhngoc.staff@gmail.com', 'NV456');
INSERT INTO ADMIN.NHANVIEN VALUES ('NV138', N'Hoàng Văn Hồng', 1987451664, 'honghoangvan.staff@gmail.com', 'NV456');
INSERT INTO ADMIN.NHANVIEN VALUES ('NV139', N'Trương Hùng Hà', 1805383462, 'hatruonghung.staff@gmail.com', 'NV456');
INSERT INTO ADMIN.NHANVIEN VALUES ('NV140', N'Nguyễn Văn Huy', 5111114081, 'huynguyenvan.staff@gmail.com', 'NV456');
INSERT INTO ADMIN.NHANVIEN VALUES ('NV141', N'Dương Đăng Anh', 4704323836, 'anhduongdang.staff@gmail.com', 'NV456');
INSERT INTO ADMIN.NHANVIEN VALUES ('NV142', N'Tô Hải Thủy', 7081110553, 'thuytohai.staff@gmail.com', 'NV456');
INSERT INTO ADMIN.NHANVIEN VALUES ('NV143', N'Dương Bảo Anh', 8801072584, 'anhduongbao.staff@gmail.com', 'NV456');
INSERT INTO ADMIN.NHANVIEN VALUES ('NV144', N'Chu Thủy Việt', 3884934674, 'vietchuthuy.staff@gmail.com', 'NV456');
INSERT INTO ADMIN.NHANVIEN VALUES ('NV145', N'Trịnh Lê Hạnh', 1996595231, 'hanhtrinhle.staff@gmail.com', 'NV456');
INSERT INTO ADMIN.NHANVIEN VALUES ('NV146', N'Chu Đăng Hạnh', 1701597973, 'hanhchudang.staff@gmail.com', 'NV456');
INSERT INTO ADMIN.NHANVIEN VALUES ('NV147', N'Tăng Hà Hà', 4356987677, 'hatangha.staff@gmail.com', 'NV456');
INSERT INTO ADMIN.NHANVIEN VALUES ('NV148', N'Thái Bảo Anh', 6983577756, 'anhthaibao.staff@gmail.com', 'NV456');
INSERT INTO ADMIN.NHANVIEN VALUES ('NV149', N'Vũ Thuỳ Linh', 8217395641, 'linhvuthuy.staff@gmail.com', 'NV456');
INSERT INTO ADMIN.NHANVIEN VALUES ('NV150', N'Trịnh Trung Nam', 5026888532, 'namtrinhtrung.staff@gmail.com', 'NV456');
INSERT INTO ADMIN.NHANVIEN VALUES ('NV151', N'Từ Hồng Hồng', 9574298141, 'hongtuhong.staff@gmail.com', 'NV456');
INSERT INTO ADMIN.NHANVIEN VALUES ('NV152', N'Trương Thịnh Thủy', 1730779739, 'thuytruongthinh.staff@gmail.com', 'NV456');
INSERT INTO ADMIN.NHANVIEN VALUES ('NV153', N'Mai Đăng Hà', 7617601283, 'hamaidang.staff@gmail.com', 'NV456');
INSERT INTO ADMIN.NHANVIEN VALUES ('NV154', N'Mai Lê Hải', 2477792033, 'haimaile.staff@gmail.com', 'NV456');
INSERT INTO ADMIN.NHANVIEN VALUES ('NV155', N'Trịnh Lê Việt', 7565892412, 'viettrinhle.staff@gmail.com', 'NV456');
INSERT INTO ADMIN.NHANVIEN VALUES ('NV156', N'Lương Hữu Thủy', 9097220948, 'thuyluonghuu.staff@gmail.com', 'NV456');
INSERT INTO ADMIN.NHANVIEN VALUES ('NV157', N'Thái Hồng Hưng', 3871991366, 'hungthaihong.staff@gmail.com', 'NV456');
INSERT INTO ADMIN.NHANVIEN VALUES ('NV158', N'Lương Hùng Hùng', 4941605865, 'hungluonghung.staff@gmail.com', 'NV456');
INSERT INTO ADMIN.NHANVIEN VALUES ('NV159', N'Tô Thị Thu', 8483808441, 'thutothi.staff@gmail.com', 'NV456');
INSERT INTO ADMIN.NHANVIEN VALUES ('NV160', N'Võ Hải Thủy', 8777675009, 'thuyvohai.staff@gmail.com', 'NV456');
INSERT INTO ADMIN.NHANVIEN VALUES ('NV161', N'Trịnh Ngọc Thủy', 3388652520, 'thuytrinhngoc.staff@gmail.com', 'NV456');
INSERT INTO ADMIN.NHANVIEN VALUES ('NV162', N'Thái Thị Hương', 7637557763, 'huongthaithi.staff@gmail.com', 'NV456');
INSERT INTO ADMIN.NHANVIEN VALUES ('NV163', N'Hà Ngọc Hà', 6502319328, 'hahangoc.staff@gmail.com', 'NV456');
INSERT INTO ADMIN.NHANVIEN VALUES ('NV164', N'Đào Hà Phương', 1968486423, 'phuongdaoha.staff@gmail.com', 'NV456');
INSERT INTO ADMIN.NHANVIEN VALUES ('NV165', N'Bùi Hải Thảo', 6001071088, 'thaobuihai.staff@gmail.com', 'NV456');
INSERT INTO ADMIN.NHANVIEN VALUES ('NV166', N'Lương Hùng Hạnh', 2566669029, 'hanhluonghung.staff@gmail.com', 'NV456');
INSERT INTO ADMIN.NHANVIEN VALUES ('NV167', N'Trịnh Hương Hùng', 1746536381, 'hungtrinhhuong.staff@gmail.com', 'NV456');
INSERT INTO ADMIN.NHANVIEN VALUES ('NV168', N'Đào Thuỳ Thảo', 5632317674, 'thaodaothuy.staff@gmail.com', 'NV456');
INSERT INTO ADMIN.NHANVIEN VALUES ('NV169', N'Võ Bảo Hùng', 5944124293, 'hungvobao.staff@gmail.com', 'NV456');
INSERT INTO ADMIN.NHANVIEN VALUES ('NV170', N'Bùi Ngọc Thu', 1300504025, 'thubuingoc.staff@gmail.com', 'NV456');
INSERT INTO ADMIN.NHANVIEN VALUES ('NV171', N'Lê Hùng Hưng', 6623410203, 'hunglehung.staff@gmail.com', 'NV456');
INSERT INTO ADMIN.NHANVIEN VALUES ('NV172', N'Lương Hùng Hưng', 6084692212, 'hungluonghung.staff@gmail.com', 'NV456');
INSERT INTO ADMIN.NHANVIEN VALUES ('NV173', N'Võ Hưng Hùng', 8013012882, 'hungvohung.staff@gmail.com', 'NV456');
INSERT INTO ADMIN.NHANVIEN VALUES ('NV174', N'Bùi Lê Thủy', 9243371886, 'thuybuile.staff@gmail.com', 'NV456');
INSERT INTO ADMIN.NHANVIEN VALUES ('NV175', N'Tiêu Bảo Trang', 6860281406, 'trangtieubao.staff@gmail.com', 'NV456');
INSERT INTO ADMIN.NHANVIEN VALUES ('NV176', N'Phạm Hưng Hồng', 7814732996, 'hongphamhung.staff@gmail.com', 'NV456');
INSERT INTO ADMIN.NHANVIEN VALUES ('NV177', N'Trần Hải Anh', 7031994036, 'anhtranhai.staff@gmail.com', 'NV456');
INSERT INTO ADMIN.NHANVIEN VALUES ('NV178', N'Trịnh Trung Hoa', 1433900382, 'hoatrinhtrung.staff@gmail.com', 'NV456');
INSERT INTO ADMIN.NHANVIEN VALUES ('NV179', N'Võ Hương Hạnh', 2437655987, 'hanhvohuong.staff@gmail.com', 'NV456');
INSERT INTO ADMIN.NHANVIEN VALUES ('NV180', N'Võ Hưng Thảo', 2585186410, 'thaovohung.staff@gmail.com', 'NV456');
INSERT INTO ADMIN.NHANVIEN VALUES ('NV181', N'Chu Thủy Tùng', 6864447890, 'tungchuthuy.staff@gmail.com', 'NV456');
INSERT INTO ADMIN.NHANVIEN VALUES ('NV182', N'Sử Thịnh Hà', 2691647113, 'hasuthinh.staff@gmail.com', 'NV456');
INSERT INTO ADMIN.NHANVIEN VALUES ('NV183', N'Đoàn Hồng Hùng', 8535925446, 'hungdoanhong.staff@gmail.com', 'NV456');
INSERT INTO ADMIN.NHANVIEN VALUES ('NV184', N'Từ Hưng Hưng', 7852017181, 'hungtuhung.staff@gmail.com', 'NV456');
INSERT INTO ADMIN.NHANVIEN VALUES ('NV185', N'Vũ Đăng Hương', 6032662879, 'huongvudang.staff@gmail.com', 'NV456');
INSERT INTO ADMIN.NHANVIEN VALUES ('NV186', N'Lê Bảo Nam', 2341656891, 'namlebao.staff@gmail.com', 'NV456');
INSERT INTO ADMIN.NHANVIEN VALUES ('NV187', N'Thạch Ngọc Hương', 6452548699, 'huongthachngoc.staff@gmail.com', 'NV456');
INSERT INTO ADMIN.NHANVIEN VALUES ('NV188', N'Hà Hồng Hoa', 3892155220, 'hoahahong.staff@gmail.com', 'NV456');
INSERT INTO ADMIN.NHANVIEN VALUES ('NV189', N'Phan Bảo Hải', 7183459002, 'haiphanbao.staff@gmail.com', 'NV456');
INSERT INTO ADMIN.NHANVIEN VALUES ('NV190', N'Từ Hữu Phương', 7176155924, 'phuongtuhuu.staff@gmail.com', 'NV456');
INSERT INTO ADMIN.NHANVIEN VALUES ('NV191', N'Vũ Hưng Linh', 8294037465, 'linhvuhung.staff@gmail.com', 'NV456');
INSERT INTO ADMIN.NHANVIEN VALUES ('NV192', N'Trương Hạnh Việt', 1048406773, 'viettruonghanh.staff@gmail.com', 'NV456');
INSERT INTO ADMIN.NHANVIEN VALUES ('NV193', N'Lý Hương Anh', 9337549288, 'anhlyhuong.staff@gmail.com', 'NV456');
INSERT INTO ADMIN.NHANVIEN VALUES ('NV194', N'Dương Ngọc Hoa', 6472378753, 'hoaduongngoc.staff@gmail.com', 'NV456');
INSERT INTO ADMIN.NHANVIEN VALUES ('NV195', N'Phan Ngọc Trang', 9870658814, 'trangphanngoc.staff@gmail.com', 'NV456');
INSERT INTO ADMIN.NHANVIEN VALUES ('NV196', N'Tăng Trung Thủy', 1586844694, 'thuytangtrung.staff@gmail.com', 'NV456');
INSERT INTO ADMIN.NHANVIEN VALUES ('NV197', N'Đỗ Hữu Hạnh', 8438668270, 'hanhdohuu.staff@gmail.com', 'NV456');
INSERT INTO ADMIN.NHANVIEN VALUES ('NV198', N'Đoàn Đăng Anh', 4410772559, 'anhdoandang.staff@gmail.com', 'NV456');
INSERT INTO ADMIN.NHANVIEN VALUES ('NV199', N'Hồ Văn Thu', 8696203296, 'thuhovan.staff@gmail.com', 'NV456');
INSERT INTO ADMIN.NHANVIEN VALUES ('NV200', N'Dương Hữu Thu', 4513328200, 'thuduonghuu.staff@gmail.com', 'NV456');
INSERT INTO ADMIN.NHANVIEN VALUES ('NV201', N'Hoàng Minh Trang', 4277172499, 'tranghoangminh.staff@gmail.com', 'NV456');
INSERT INTO ADMIN.NHANVIEN VALUES ('NV202', N'Lương Thuỳ Thủy', 3334236224, 'thuyluongthuy.staff@gmail.com', 'NV456');
INSERT INTO ADMIN.NHANVIEN VALUES ('NV203', N'Đoàn Thủy Hạnh', 1837209496, 'hanhdoanthuy.staff@gmail.com', 'NV456');
INSERT INTO ADMIN.NHANVIEN VALUES ('NV204', N'Hoàng Thị Thủy', 2463831219, 'thuyhoangthi.staff@gmail.com', 'NV456');
INSERT INTO ADMIN.NHANVIEN VALUES ('NV205', N'Đặng Trung Phương', 4196461421, 'phuongdangtrung.staff@gmail.com', 'NV456');
INSERT INTO ADMIN.NHANVIEN VALUES ('NV206', N'Phạm Hương Hải', 9455901150, 'haiphamhuong.staff@gmail.com', 'NV456');
INSERT INTO ADMIN.NHANVIEN VALUES ('NV207', N'Chu Hà Hương', 2590837076, 'huongchuha.staff@gmail.com', 'NV456');
INSERT INTO ADMIN.NHANVIEN VALUES ('NV208', N'Lê Hải Phương', 1995182376, 'phuonglehai.staff@gmail.com', 'NV456');
INSERT INTO ADMIN.NHANVIEN VALUES ('NV209', N'Đặng Lê Hương', 9457746442, 'huongdangle.staff@gmail.com', 'NV456');
INSERT INTO ADMIN.NHANVIEN VALUES ('NV210', N'Võ Đăng Hải', 9576235693, 'haivodang.staff@gmail.com', 'NV456');
INSERT INTO ADMIN.NHANVIEN VALUES ('NV211', N'Tăng Hương Thảo', 4274198265, 'thaotanghuong.staff@gmail.com', 'NV456');
INSERT INTO ADMIN.NHANVIEN VALUES ('NV212', N'Vũ Văn Nam', 4690172197, 'namvuvan.staff@gmail.com', 'NV456');
INSERT INTO ADMIN.NHANVIEN VALUES ('NV213', N'Hồ Thủy Thảo', 3182092954, 'thaohothuy.staff@gmail.com', 'NV456');
INSERT INTO ADMIN.NHANVIEN VALUES ('NV214', N'Mai Bảo Tùng', 2512321632, 'tungmaibao.staff@gmail.com', 'NV456');
INSERT INTO ADMIN.NHANVIEN VALUES ('NV215', N'Vũ Thị Hồng', 1983580806, 'hongvuthi.staff@gmail.com', 'NV456');
INSERT INTO ADMIN.NHANVIEN VALUES ('NV216', N'Huỳnh Thủy Anh', 4303461482, 'anhhuynhthuy.staff@gmail.com', 'NV456');
INSERT INTO ADMIN.NHANVIEN VALUES ('NV217', N'Lương Hưng Huy', 2665767530, 'huyluonghung.staff@gmail.com', 'NV456');
INSERT INTO ADMIN.NHANVIEN VALUES ('NV218', N'Thạch Hạnh Thủy', 1575440338, 'thuythachhanh.staff@gmail.com', 'NV456');
INSERT INTO ADMIN.NHANVIEN VALUES ('NV219', N'Lương Hưng Anh', 4838663412, 'anhluonghung.staff@gmail.com', 'NV456');
INSERT INTO ADMIN.NHANVIEN VALUES ('NV220', N'Nguyễn Thị Thu', 6836626500, 'thunguyenthi.staff@gmail.com', 'NV456');
INSERT INTO ADMIN.NHANVIEN VALUES ('NV221', N'Tạ Minh Hạnh', 9774529595, 'hanhtaminh.staff@gmail.com', 'NV456');
INSERT INTO ADMIN.NHANVIEN VALUES ('NV222', N'Tăng Thủy Linh', 6214737198, 'linhtangthuy.staff@gmail.com', 'NV456');
INSERT INTO ADMIN.NHANVIEN VALUES ('NV223', N'Phan Hương Hưng', 6441163075, 'hungphanhuong.staff@gmail.com', 'NV456');
INSERT INTO ADMIN.NHANVIEN VALUES ('NV224', N'Mai Thuỳ Hoa', 1714386583, 'hoamaithuy.staff@gmail.com', 'NV456');
INSERT INTO ADMIN.NHANVIEN VALUES ('NV225', N'Vũ Văn Huy', 4465135825, 'huyvuvan.staff@gmail.com', 'NV456');
INSERT INTO ADMIN.NHANVIEN VALUES ('NV226', N'Thái Văn Hạnh', 2855655314, 'hanhthaivan.staff@gmail.com', 'NV456');
INSERT INTO ADMIN.NHANVIEN VALUES ('NV227', N'Tô Bảo Linh', 8297683412, 'linhtobao.staff@gmail.com', 'NV456');
INSERT INTO ADMIN.NHANVIEN VALUES ('NV228', N'Trần Ngọc Thu', 9986999532, 'thutranngoc.staff@gmail.com', 'NV456');
INSERT INTO ADMIN.NHANVIEN VALUES ('NV229', N'Đặng Hồng Tùng', 8808642417, 'tungdanghong.staff@gmail.com', 'NV456');
INSERT INTO ADMIN.NHANVIEN VALUES ('NV230', N'Hà Thịnh Hưng', 9954830887, 'hunghathinh.staff@gmail.com', 'NV456');
INSERT INTO ADMIN.NHANVIEN VALUES ('NV231', N'Sơn Thuỳ Hoa', 9136854087, 'hoasonthuy.staff@gmail.com', 'NV456');
INSERT INTO ADMIN.NHANVIEN VALUES ('NV232', N'Lê Hải Hưng', 2883866199, 'hunglehai.staff@gmail.com', 'NV456');
INSERT INTO ADMIN.NHANVIEN VALUES ('NV233', N'Thạch Trung Hưng', 1970708300, 'hungthachtrung.staff@gmail.com', 'NV456');
INSERT INTO ADMIN.NHANVIEN VALUES ('NV234', N'Lý Bảo Phương', 9966463636, 'phuonglybao.staff@gmail.com', 'NV456');
INSERT INTO ADMIN.NHANVIEN VALUES ('NV235', N'Tiêu Thủy Hương', 8105613600, 'huongtieuthuy.staff@gmail.com', 'NV456');
INSERT INTO ADMIN.NHANVIEN VALUES ('NV236', N'Trần Thị Anh', 8587330623, 'anhtranthi.staff@gmail.com', 'NV456');
INSERT INTO ADMIN.NHANVIEN VALUES ('NV237', N'Đỗ Hưng Hưng', 7484323191, 'hungdohung.staff@gmail.com', 'NV456');
INSERT INTO ADMIN.NHANVIEN VALUES ('NV238', N'Lý Lê Phương', 5243154275, 'phuonglyle.staff@gmail.com', 'NV456');
INSERT INTO ADMIN.NHANVIEN VALUES ('NV239', N'Tô Hương Linh', 3146430162, 'linhtohuong.staff@gmail.com', 'NV456');
INSERT INTO ADMIN.NHANVIEN VALUES ('NV240', N'Đặng Thủy Hưng', 3867142855, 'hungdangthuy.staff@gmail.com', 'NV456');
INSERT INTO ADMIN.NHANVIEN VALUES ('NV241', N'Sơn Thủy Hương', 3891290394, 'huongsonthuy.staff@gmail.com', 'NV456');
INSERT INTO ADMIN.NHANVIEN VALUES ('NV242', N'Chu Hồng Hải', 6172528771, 'haichuhong.staff@gmail.com', 'NV456');
INSERT INTO ADMIN.NHANVIEN VALUES ('NV243', N'Nguyễn Hữu Phương', 8780082405, 'phuongnguyenhuu.staff@gmail.com', 'NV456');
INSERT INTO ADMIN.NHANVIEN VALUES ('NV244', N'Đỗ Hạnh Nam', 4903606608, 'namdohanh.staff@gmail.com', 'NV456');
INSERT INTO ADMIN.NHANVIEN VALUES ('NV245', N'Dương Hải Hoa', 8895664465, 'hoaduonghai.staff@gmail.com', 'NV456');
INSERT INTO ADMIN.NHANVIEN VALUES ('NV246', N'Phan Hữu Thu', 3791408051, 'thuphanhuu.staff@gmail.com', 'NV456');
INSERT INTO ADMIN.NHANVIEN VALUES ('NV247', N'Trương Hải Hương', 8706938355, 'huongtruonghai.staff@gmail.com', 'NV456');
INSERT INTO ADMIN.NHANVIEN VALUES ('NV248', N'Trần Đăng Anh', 9137578170, 'anhtrandang.staff@gmail.com', 'NV456');
INSERT INTO ADMIN.NHANVIEN VALUES ('NV249', N'Tạ Hồng Trang', 4590207023, 'trangtahong.staff@gmail.com', 'NV456');
INSERT INTO ADMIN.NHANVIEN VALUES ('NV250', N'Trịnh Hà Thủy', 4843379690, 'thuytrinhha.staff@gmail.com', 'NV456');
INSERT INTO ADMIN.NHANVIEN VALUES ('NV251', N'Chu Thủy Linh', 6034265626, 'linhchuthuy.staff@gmail.com', 'NV456');
INSERT INTO ADMIN.NHANVIEN VALUES ('NV252', N'Tăng Thủy Hương', 4247165470, 'huongtangthuy.staff@gmail.com', 'NV456');
INSERT INTO ADMIN.NHANVIEN VALUES ('NV253', N'Bùi Hưng Thu', 4141477840, 'thubuihung.staff@gmail.com', 'NV456');
INSERT INTO ADMIN.NHANVIEN VALUES ('NV254', N'Hà Lê Hùng', 4608734663, 'hunghale.staff@gmail.com', 'NV456');
INSERT INTO ADMIN.NHANVIEN VALUES ('NV255', N'Trịnh Hồng Thu', 1006216231, 'thutrinhhong.staff@gmail.com', 'NV456');
INSERT INTO ADMIN.NHANVIEN VALUES ('NV256', N'Trương Ngọc Nam', 9350737293, 'namtruongngoc.staff@gmail.com', 'NV456');
INSERT INTO ADMIN.NHANVIEN VALUES ('NV257', N'Lương Bảo Thảo', 4404014473, 'thaoluongbao.staff@gmail.com', 'NV456');
INSERT INTO ADMIN.NHANVIEN VALUES ('NV258', N'Thạch Hưng Hoa', 2117788550, 'hoathachhung.staff@gmail.com', 'NV456');
INSERT INTO ADMIN.NHANVIEN VALUES ('NV259', N'Thạch Thuỳ Hưng', 6594746839, 'hungthachthuy.staff@gmail.com', 'NV456');
INSERT INTO ADMIN.NHANVIEN VALUES ('NV260', N'Phùng Hải Phương', 9384156183, 'phuongphunghai.staff@gmail.com', 'NV456');
INSERT INTO ADMIN.NHANVIEN VALUES ('NV261', N'Phùng Thịnh Thảo', 1753730036, 'thaophungthinh.staff@gmail.com', 'NV456');
INSERT INTO ADMIN.NHANVIEN VALUES ('NV262', N'Ngô Hồng Hoa', 6042648156, 'hoangohong.staff@gmail.com', 'NV456');
INSERT INTO ADMIN.NHANVIEN VALUES ('NV263', N'Hoàng Hải Hồng', 9740082996, 'honghoanghai.staff@gmail.com', 'NV456');
INSERT INTO ADMIN.NHANVIEN VALUES ('NV264', N'Phùng Hữu Thảo', 4008335191, 'thaophunghuu.staff@gmail.com', 'NV456');
INSERT INTO ADMIN.NHANVIEN VALUES ('NV265', N'Trịnh Văn Phương', 8036632910, 'phuongtrinhvan.staff@gmail.com', 'NV456');
INSERT INTO ADMIN.NHANVIEN VALUES ('NV266', N'Trần Thị Thủy', 7704929877, 'thuytranthi.staff@gmail.com', 'NV456');
INSERT INTO ADMIN.NHANVIEN VALUES ('NV267', N'Đoàn Trung Thủy', 5915579392, 'thuydoantrung.staff@gmail.com', 'NV456');
INSERT INTO ADMIN.NHANVIEN VALUES ('NV268', N'Từ Hữu Phương', 1544037118, 'phuongtuhuu.staff@gmail.com', 'NV456');
INSERT INTO ADMIN.NHANVIEN VALUES ('NV269', N'Dương Hưng Tùng', 9210050155, 'tungduonghung.staff@gmail.com', 'NV456');
INSERT INTO ADMIN.NHANVIEN VALUES ('NV270', N'Thái Hạnh Hùng', 8441861068, 'hungthaihanh.staff@gmail.com', 'NV456');
INSERT INTO ADMIN.NHANVIEN VALUES ('NV271', N'Nguyễn Ngọc Phương', 2215358073, 'phuongnguyenngoc.staff@gmail.com', 'NV456');
INSERT INTO ADMIN.NHANVIEN VALUES ('NV272', N'Sử Hạnh Thảo', 3324968605, 'thaosuhanh.staff@gmail.com', 'NV456');
INSERT INTO ADMIN.NHANVIEN VALUES ('NV273', N'Thạch Minh Thu', 1866264316, 'thuthachminh.staff@gmail.com', 'NV456');
INSERT INTO ADMIN.NHANVIEN VALUES ('NV274', N'Chu Thị Hùng', 6733574049, 'hungchuthi.staff@gmail.com', 'NV456');
INSERT INTO ADMIN.NHANVIEN VALUES ('NV275', N'Võ Ngọc Việt', 3334070939, 'vietvongoc.staff@gmail.com', 'NV456');
INSERT INTO ADMIN.NHANVIEN VALUES ('NV276', N'Lương Thủy Anh', 3881973479, 'anhluongthuy.staff@gmail.com', 'NV456');
INSERT INTO ADMIN.NHANVIEN VALUES ('NV277', N'Bùi Hà Linh', 2644378123, 'linhbuiha.staff@gmail.com', 'NV456');
INSERT INTO ADMIN.NHANVIEN VALUES ('NV278', N'Phạm Thị Hoa', 2342690782, 'hoaphamthi.staff@gmail.com', 'NV456');
INSERT INTO ADMIN.NHANVIEN VALUES ('NV279', N'Tăng Hương Hưng', 1600918359, 'hungtanghuong.staff@gmail.com', 'NV456');
INSERT INTO ADMIN.NHANVIEN VALUES ('NV280', N'Tạ Hương Phương', 3206772634, 'phuongtahuong.staff@gmail.com', 'NV456');
INSERT INTO ADMIN.NHANVIEN VALUES ('NV281', N'Phạm Thịnh Hưng', 6192753752, 'hungphamthinh.staff@gmail.com', 'NV456');
INSERT INTO ADMIN.NHANVIEN VALUES ('NV282', N'Bùi Hương Việt', 8152880398, 'vietbuihuong.staff@gmail.com', 'NV456');
INSERT INTO ADMIN.NHANVIEN VALUES ('NV283', N'Trịnh Thuỳ Thu', 9624789796, 'thutrinhthuy.staff@gmail.com', 'NV456');
INSERT INTO ADMIN.NHANVIEN VALUES ('NV284', N'Lê Minh Hoa', 3858602289, 'hoaleminh.staff@gmail.com', 'NV456');
INSERT INTO ADMIN.NHANVIEN VALUES ('NV285', N'Lương Hạnh Linh', 2772884731, 'linhluonghanh.staff@gmail.com', 'NV456');
INSERT INTO ADMIN.NHANVIEN VALUES ('NV286', N'Phùng Thủy Hùng', 4344316352, 'hungphungthuy.staff@gmail.com', 'NV456');
INSERT INTO ADMIN.NHANVIEN VALUES ('NV287', N'Bùi Hồng Tùng', 4056604412, 'tungbuihong.staff@gmail.com', 'NV456');
INSERT INTO ADMIN.NHANVIEN VALUES ('NV288', N'Đinh Hải Tùng', 6281695516, 'tungdinhhai.staff@gmail.com', 'NV456');
INSERT INTO ADMIN.NHANVIEN VALUES ('NV289', N'Dương Hữu Hạnh', 1676055193, 'hanhduonghuu.staff@gmail.com', 'NV456');
INSERT INTO ADMIN.NHANVIEN VALUES ('NV290', N'Sử Văn Linh', 8984852153, 'linhsuvan.staff@gmail.com', 'NV456');
INSERT INTO ADMIN.NHANVIEN VALUES ('NV291', N'Dương Hưng Trang', 7162634875, 'trangduonghung.staff@gmail.com', 'NV456');
INSERT INTO ADMIN.NHANVIEN VALUES ('NV292', N'Sơn Hùng Tùng', 7076467112, 'tungsonhung.staff@gmail.com', 'NV456');
INSERT INTO ADMIN.NHANVIEN VALUES ('NV293', N'Đỗ Thủy Hùng', 7098735350, 'hungdothuy.staff@gmail.com', 'NV456');
INSERT INTO ADMIN.NHANVIEN VALUES ('NV294', N'Lê Trung Hương', 9640705141, 'huongletrung.staff@gmail.com', 'NV456');
INSERT INTO ADMIN.NHANVIEN VALUES ('NV295', N'Từ Hồng Linh', 5222257236, 'linhtuhong.staff@gmail.com', 'NV456');
INSERT INTO ADMIN.NHANVIEN VALUES ('NV296', N'Từ Hưng Hùng', 6110602637, 'hungtuhung.staff@gmail.com', 'NV456');
INSERT INTO ADMIN.NHANVIEN VALUES ('NV297', N'Đoàn Thị Hạnh', 2602124278, 'hanhdoanthi.staff@gmail.com', 'NV456');
INSERT INTO ADMIN.NHANVIEN VALUES ('NV298', N'Thạch Hồng Hưng', 5383015363, 'hungthachhong.staff@gmail.com', 'NV456');
INSERT INTO ADMIN.NHANVIEN VALUES ('NV299', N'Dương Thủy Nam', 2361148499, 'namduongthuy.staff@gmail.com', 'NV456');
INSERT INTO ADMIN.NHANVIEN VALUES ('NV300', N'Lương Bảo Thủy', 5195220363, 'thuyluongbao.staff@gmail.com', 'NV456');
INSERT INTO ADMIN.NHANVIEN VALUES ('NV301', N'Trịnh Hồng Hùng', 8847450798, 'hungtrinhhong.staff@gmail.com', 'NV456');
INSERT INTO ADMIN.NHANVIEN VALUES ('NV302', N'Tạ Văn Thảo', 2930672405, 'thaotavan.staff@gmail.com', 'NV456');
INSERT INTO ADMIN.NHANVIEN VALUES ('NV303', N'Võ Hải Tùng', 4925137673, 'tungvohai.staff@gmail.com', 'NV456');
INSERT INTO ADMIN.NHANVIEN VALUES ('NV304', N'Huỳnh Văn Huy', 6918864655, 'huyhuynhvan.staff@gmail.com', 'NV456');
INSERT INTO ADMIN.NHANVIEN VALUES ('NV305', N'Từ Hạnh Phương', 1505676097, 'phuongtuhanh.staff@gmail.com', 'NV456');
INSERT INTO ADMIN.NHANVIEN VALUES ('NV306', N'Mai Hạnh Nam', 6494759185, 'nammaihanh.staff@gmail.com', 'NV456');
INSERT INTO ADMIN.NHANVIEN VALUES ('NV307', N'Tăng Thị Linh', 3935075291, 'linhtangthi.staff@gmail.com', 'NV456');
INSERT INTO ADMIN.NHANVIEN VALUES ('NV308', N'Tô Trung Hồng', 5056598658, 'hongtotrung.staff@gmail.com', 'NV456');
INSERT INTO ADMIN.NHANVIEN VALUES ('NV309', N'Trịnh Bảo Phương', 1305491924, 'phuongtrinhbao.staff@gmail.com', 'NV456');
INSERT INTO ADMIN.NHANVIEN VALUES ('NV310', N'Bùi Hạnh Phương', 5284396078, 'phuongbuihanh.staff@gmail.com', 'NV456');
INSERT INTO ADMIN.NHANVIEN VALUES ('NV311', N'Đặng Thịnh Tùng', 7397164605, 'tungdangthinh.staff@gmail.com', 'NV456');
INSERT INTO ADMIN.NHANVIEN VALUES ('NV312', N'Đào Lê Hưng', 7321465541, 'hungdaole.staff@gmail.com', 'NV456');
INSERT INTO ADMIN.NHANVIEN VALUES ('NV313', N'Thái Lê Tùng', 2077597910, 'tungthaile.staff@gmail.com', 'NV456');
INSERT INTO ADMIN.NHANVIEN VALUES ('NV314', N'Mai Ngọc Hà', 4541406566, 'hamaingoc.staff@gmail.com', 'NV456');
INSERT INTO ADMIN.NHANVIEN VALUES ('NV315', N'Hoàng Thị Nam', 5250921951, 'namhoangthi.staff@gmail.com', 'NV456');
INSERT INTO ADMIN.NHANVIEN VALUES ('NV316', N'Thái Hải Trang', 3893989995, 'trangthaihai.staff@gmail.com', 'NV456');
INSERT INTO ADMIN.NHANVIEN VALUES ('NV317', N'Nguyễn Đăng Hải', 7305131545, 'hainguyendang.staff@gmail.com', 'NV456');
INSERT INTO ADMIN.NHANVIEN VALUES ('NV318', N'Lê Thuỳ Nam', 1034468595, 'namlethuy.staff@gmail.com', 'NV456');
INSERT INTO ADMIN.NHANVIEN VALUES ('NV319', N'Đỗ Hồng Hà', 1786432442, 'hadohong.staff@gmail.com', 'NV456');
INSERT INTO ADMIN.NHANVIEN VALUES ('NV320', N'Sử Hải Hạnh', 6497392185, 'hanhsuhai.staff@gmail.com', 'NV456');
INSERT INTO ADMIN.NHANVIEN VALUES ('NV321', N'Phùng Đăng Tùng', 8676659023, 'tungphungdang.staff@gmail.com', 'NV456');
INSERT INTO ADMIN.NHANVIEN VALUES ('NV322', N'Tiêu Hải Huy', 3866485810, 'huytieuhai.staff@gmail.com', 'NV456');
INSERT INTO ADMIN.NHANVIEN VALUES ('NV323', N'Tiêu Bảo Hương', 3724972572, 'huongtieubao.staff@gmail.com', 'NV456');
INSERT INTO ADMIN.NHANVIEN VALUES ('NV324', N'Đỗ Hà Hạnh', 5100143132, 'hanhdoha.staff@gmail.com', 'NV456');
INSERT INTO ADMIN.NHANVIEN VALUES ('NV325', N'Từ Hùng Huy', 3338345598, 'huytuhung.staff@gmail.com', 'NV456');
INSERT INTO ADMIN.NHANVIEN VALUES ('NV326', N'Hồ Thủy Thủy', 7720501690, 'thuyhothuy.staff@gmail.com', 'NV456');
INSERT INTO ADMIN.NHANVIEN VALUES ('NV327', N'Tăng Minh Thảo', 4714716786, 'thaotangminh.staff@gmail.com', 'NV456');
INSERT INTO ADMIN.NHANVIEN VALUES ('NV328', N'Hà Đăng Phương', 1290766594, 'phuonghadang.staff@gmail.com', 'NV456');
INSERT INTO ADMIN.NHANVIEN VALUES ('NV329', N'Tiêu Ngọc Thu', 2706548680, 'thutieungoc.staff@gmail.com', 'NV456');
INSERT INTO ADMIN.NHANVIEN VALUES ('NV330', N'Trịnh Hà Trang', 7084225265, 'trangtrinhha.staff@gmail.com', 'NV456');
INSERT INTO ADMIN.NHANVIEN VALUES ('NV331', N'Phùng Trung Nam', 8190106188, 'namphungtrung.staff@gmail.com', 'NV456');
INSERT INTO ADMIN.NHANVIEN VALUES ('NV332', N'Lý Hải Hạnh', 1778754066, 'hanhlyhai.staff@gmail.com', 'NV456');
INSERT INTO ADMIN.NHANVIEN VALUES ('NV333', N'Mai Hạnh Hà', 4432341931, 'hamaihanh.staff@gmail.com', 'NV456');
INSERT INTO ADMIN.NHANVIEN VALUES ('NV334', N'Tạ Văn Hạnh', 6932722108, 'hanhtavan.staff@gmail.com', 'NV456');
INSERT INTO ADMIN.NHANVIEN VALUES ('NV335', N'Tăng Bảo Phương', 4103146750, 'phuongtangbao.staff@gmail.com', 'NV456');
INSERT INTO ADMIN.NHANVIEN VALUES ('NV336', N'Ngô Hà Linh', 8962982510, 'linhngoha.staff@gmail.com', 'NV456');
INSERT INTO ADMIN.NHANVIEN VALUES ('NV337', N'Tiêu Bảo Hương', 3187491962, 'huongtieubao.staff@gmail.com', 'NV456');
INSERT INTO ADMIN.NHANVIEN VALUES ('NV338', N'Tiêu Thủy Phương', 8316946348, 'phuongtieuthuy.staff@gmail.com', 'NV456');
INSERT INTO ADMIN.NHANVIEN VALUES ('NV339', N'Đào Bảo Nam', 7470790563, 'namdaobao.staff@gmail.com', 'NV456');
INSERT INTO ADMIN.NHANVIEN VALUES ('NV340', N'Huỳnh Hải Thủy', 1962237381, 'thuyhuynhhai.staff@gmail.com', 'NV456');
INSERT INTO ADMIN.NHANVIEN VALUES ('NV341', N'Tạ Ngọc Hải', 2518473929, 'haitangoc.staff@gmail.com', 'NV456');
INSERT INTO ADMIN.NHANVIEN VALUES ('NV342', N'Sử Thủy Thảo', 4685627262, 'thaosuthuy.staff@gmail.com', 'NV456');
INSERT INTO ADMIN.NHANVIEN VALUES ('NV343', N'Thái Hồng Huy', 2233648756, 'huythaihong.staff@gmail.com', 'NV456');
INSERT INTO ADMIN.NHANVIEN VALUES ('NV344', N'Lý Lê Hoa', 9183469716, 'hoalyle.staff@gmail.com', 'NV456');
INSERT INTO ADMIN.NHANVIEN VALUES ('NV345', N'Lê Hải Hồng', 2896655803, 'honglehai.staff@gmail.com', 'NV456');
INSERT INTO ADMIN.NHANVIEN VALUES ('NV346', N'Tô Minh Hoa', 7798771564, 'hoatominh.staff@gmail.com', 'NV456');
INSERT INTO ADMIN.NHANVIEN VALUES ('NV347', N'Chu Ngọc Hoa', 2291164680, 'hoachungoc.staff@gmail.com', 'NV456');
INSERT INTO ADMIN.NHANVIEN VALUES ('NV348', N'Ngô Hà Hà', 1195171982, 'hangoha.staff@gmail.com', 'NV456');
INSERT INTO ADMIN.NHANVIEN VALUES ('NV349', N'Lý Hạnh Phương', 9185731982, 'phuonglyhanh.staff@gmail.com', 'NV456');
INSERT INTO ADMIN.NHANVIEN VALUES ('NV350', N'Dương Thị Tùng', 8322879888, 'tungduongthi.staff@gmail.com', 'NV456');
INSERT INTO ADMIN.NHANVIEN VALUES ('NV351', N'Đinh Hương Việt', 8514988868, 'vietdinhhuong.staff@gmail.com', 'NV456');
INSERT INTO ADMIN.NHANVIEN VALUES ('NV352', N'Nguyễn Thủy Thu', 7943434438, 'thunguyenthuy.staff@gmail.com', 'NV456');
INSERT INTO ADMIN.NHANVIEN VALUES ('NV353', N'Nguyễn Thịnh Việt', 4362078941, 'vietnguyenthinh.staff@gmail.com', 'NV456');
INSERT INTO ADMIN.NHANVIEN VALUES ('NV354', N'Dương Hưng Thủy', 2958351685, 'thuyduonghung.staff@gmail.com', 'NV456');
INSERT INTO ADMIN.NHANVIEN VALUES ('NV355', N'Huỳnh Thị Hưng', 2786083017, 'hunghuynhthi.staff@gmail.com', 'NV456');
INSERT INTO ADMIN.NHANVIEN VALUES ('NV356', N'Võ Hải Linh', 8885615821, 'linhvohai.staff@gmail.com', 'NV456');
INSERT INTO ADMIN.NHANVIEN VALUES ('NV357', N'Ngô Hải Hà', 5098298617, 'hangohai.staff@gmail.com', 'NV456');
INSERT INTO ADMIN.NHANVIEN VALUES ('NV358', N'Phùng Đăng Hải', 2853738186, 'haiphungdang.staff@gmail.com', 'NV456');
INSERT INTO ADMIN.NHANVIEN VALUES ('NV359', N'Phùng Hùng Nam', 4974057077, 'namphunghung.staff@gmail.com', 'NV456');
INSERT INTO ADMIN.NHANVIEN VALUES ('NV360', N'Thạch Đăng Hoa', 3783743477, 'hoathachdang.staff@gmail.com', 'NV456');
INSERT INTO ADMIN.NHANVIEN VALUES ('NV361', N'Chu Trung Thảo', 5235722083, 'thaochutrung.staff@gmail.com', 'NV456');
INSERT INTO ADMIN.NHANVIEN VALUES ('NV362', N'Tiêu Hải Huy', 4507138441, 'huytieuhai.staff@gmail.com', 'NV456');
INSERT INTO ADMIN.NHANVIEN VALUES ('NV363', N'Đào Trung Nam', 2248079651, 'namdaotrung.staff@gmail.com', 'NV456');
INSERT INTO ADMIN.NHANVIEN VALUES ('NV364', N'Trịnh Trung Hương', 1160242754, 'huongtrinhtrung.staff@gmail.com', 'NV456');
INSERT INTO ADMIN.NHANVIEN VALUES ('NV365', N'Thạch Thủy Hạnh', 2336796086, 'hanhthachthuy.staff@gmail.com', 'NV456');
INSERT INTO ADMIN.NHANVIEN VALUES ('NV366', N'Vũ Văn Hương', 9167960600, 'huongvuvan.staff@gmail.com', 'NV456');
INSERT INTO ADMIN.NHANVIEN VALUES ('NV367', N'Mai Hữu Hương', 6125743603, 'huongmaihuu.staff@gmail.com', 'NV456');
INSERT INTO ADMIN.NHANVIEN VALUES ('NV368', N'Ngô Bảo Trang', 8771330681, 'trangngobao.staff@gmail.com', 'NV456');
INSERT INTO ADMIN.NHANVIEN VALUES ('NV369', N'Sử Thị Thủy', 1638772495, 'thuysuthi.staff@gmail.com', 'NV456');
INSERT INTO ADMIN.NHANVIEN VALUES ('NV370', N'Lý Hải Phương', 8357865172, 'phuonglyhai.staff@gmail.com', 'NV456');
INSERT INTO ADMIN.NHANVIEN VALUES ('NV371', N'Lương Minh Thủy', 3702221597, 'thuyluongminh.staff@gmail.com', 'NV456');
INSERT INTO ADMIN.NHANVIEN VALUES ('NV372', N'Tô Thuỳ Hải', 9412290817, 'haitothuy.staff@gmail.com', 'NV456');
INSERT INTO ADMIN.NHANVIEN VALUES ('NV373', N'Vũ Hải Việt', 8366577948, 'vietvuhai.staff@gmail.com', 'NV456');
INSERT INTO ADMIN.NHANVIEN VALUES ('NV374', N'Tiêu Hưng Hồng', 3912571433, 'hongtieuhung.staff@gmail.com', 'NV456');
INSERT INTO ADMIN.NHANVIEN VALUES ('NV375', N'Phan Ngọc Nam', 2984680880, 'namphanngoc.staff@gmail.com', 'NV456');
INSERT INTO ADMIN.NHANVIEN VALUES ('NV376', N'Hà Đăng Hùng', 9058317960, 'hunghadang.staff@gmail.com', 'NV456');
INSERT INTO ADMIN.NHANVIEN VALUES ('NV377', N'Thạch Bảo Hưng', 5032770594, 'hungthachbao.staff@gmail.com', 'NV456');
INSERT INTO ADMIN.NHANVIEN VALUES ('NV378', N'Phạm Hùng Trang', 6740289899, 'trangphamhung.staff@gmail.com', 'NV456');
INSERT INTO ADMIN.NHANVIEN VALUES ('NV379', N'Lương Hải Hồng', 5456846114, 'hongluonghai.staff@gmail.com', 'NV456');
INSERT INTO ADMIN.NHANVIEN VALUES ('NV380', N'Tiêu Hữu Hương', 8684604720, 'huongtieuhuu.staff@gmail.com', 'NV456');
INSERT INTO ADMIN.NHANVIEN VALUES ('NV381', N'Trịnh Lê Hải', 9183959782, 'haitrinhle.staff@gmail.com', 'NV456');
INSERT INTO ADMIN.NHANVIEN VALUES ('NV382', N'Đặng Hương Anh', 3808777381, 'anhdanghuong.staff@gmail.com', 'NV456');
INSERT INTO ADMIN.NHANVIEN VALUES ('NV383', N'Từ Hà Nam', 9327481965, 'namtuha.staff@gmail.com', 'NV456');
INSERT INTO ADMIN.NHANVIEN VALUES ('NV384', N'Lê Đăng Hạnh', 7710245827, 'hanhledang.staff@gmail.com', 'NV456');
INSERT INTO ADMIN.NHANVIEN VALUES ('NV385', N'Từ Văn Hải', 6174941338, 'haituvan.staff@gmail.com', 'NV456');
INSERT INTO ADMIN.NHANVIEN VALUES ('NV386', N'Đỗ Hải Thủy', 8485249856, 'thuydohai.staff@gmail.com', 'NV456');
INSERT INTO ADMIN.NHANVIEN VALUES ('NV387', N'Lương Hùng Hoa', 3036807341, 'hoaluonghung.staff@gmail.com', 'NV456');
INSERT INTO ADMIN.NHANVIEN VALUES ('NV388', N'Thái Bảo Huy', 5461952518, 'huythaibao.staff@gmail.com', 'NV456');
INSERT INTO ADMIN.NHANVIEN VALUES ('NV389', N'Dương Lê Trang', 7210347786, 'trangduongle.staff@gmail.com', 'NV456');
INSERT INTO ADMIN.NHANVIEN VALUES ('NV390', N'Thái Thủy Thủy', 4481056840, 'thuythaithuy.staff@gmail.com', 'NV456');
INSERT INTO ADMIN.NHANVIEN VALUES ('NV391', N'Lý Thịnh Thu', 1417787583, 'thulythinh.staff@gmail.com', 'NV456');
INSERT INTO ADMIN.NHANVIEN VALUES ('NV392', N'Lương Hưng Hoa', 8850300031, 'hoaluonghung.staff@gmail.com', 'NV456');
INSERT INTO ADMIN.NHANVIEN VALUES ('NV393', N'Đào Lê Hoa', 7216959760, 'hoadaole.staff@gmail.com', 'NV456');
INSERT INTO ADMIN.NHANVIEN VALUES ('NV394', N'Thái Đăng Hương', 9345299527, 'huongthaidang.staff@gmail.com', 'NV456');
INSERT INTO ADMIN.NHANVIEN VALUES ('NV395', N'Thái Hữu Hồng', 4618833842, 'hongthaihuu.staff@gmail.com', 'NV456');
INSERT INTO ADMIN.NHANVIEN VALUES ('NV396', N'Ngô Hùng Thảo', 1217801985, 'thaongohung.staff@gmail.com', 'NV456');
INSERT INTO ADMIN.NHANVIEN VALUES ('NV397', N'Tiêu Hạnh Thảo', 4837803695, 'thaotieuhanh.staff@gmail.com', 'NV456');
INSERT INTO ADMIN.NHANVIEN VALUES ('NV398', N'Tăng Hạnh Hạnh', 3563293493, 'hanhtanghanh.staff@gmail.com', 'NV456');
INSERT INTO ADMIN.NHANVIEN VALUES ('NV399', N'Lê Trung Hải', 5163040213, 'hailetrung.staff@gmail.com', 'NV456');
INSERT INTO ADMIN.NHANVIEN VALUES ('NV400', N'Trịnh Minh Tùng', 7463666773, 'tungtrinhminh.staff@gmail.com', 'NV456');


INSERT INTO ADMIN.PHIEUUNGTUYEN VALUES ('PUT001', N'Nhân viên y tế', N'Đang xử lý', 'UV260', 'NV319');
INSERT INTO ADMIN.PHIEUUNGTUYEN VALUES ('PUT002', N'Nhân viên IT', N'Chấp nhận', 'UV400', 'NV106');
INSERT INTO ADMIN.PHIEUUNGTUYEN VALUES ('PUT003', N'Nhân viên bảo vệ', N'Chấp nhận', 'UV153', 'NV025');
INSERT INTO ADMIN.PHIEUUNGTUYEN VALUES ('PUT004', N'Nhân viên kỹ thuật', N'Đang xử lý', 'UV016', 'NV045');
INSERT INTO ADMIN.PHIEUUNGTUYEN VALUES ('PUT005', N'Nhân viên IT', N'Mới nộp', 'UV127', 'NV188');
INSERT INTO ADMIN.PHIEUUNGTUYEN VALUES ('PUT006', N'Nhân viên bán hàng', N'Chấp nhận', 'UV351', 'NV121');
INSERT INTO ADMIN.PHIEUUNGTUYEN VALUES ('PUT007', N'Nhân viên kế toán', N'Chấp nhận', 'UV091', 'NV015');
INSERT INTO ADMIN.PHIEUUNGTUYEN VALUES ('PUT008', N'Nhân viên nghệ thuật', N'Đang xử lý', 'UV190', 'NV024');
INSERT INTO ADMIN.PHIEUUNGTUYEN VALUES ('PUT009', N'Nhân viên thu ngân', N'Chấp nhận', 'UV270', 'NV084');
INSERT INTO ADMIN.PHIEUUNGTUYEN VALUES ('PUT010', N'Nhân viên bán hàng', N'Chấp nhận', 'UV317', 'NV127');
INSERT INTO ADMIN.PHIEUUNGTUYEN VALUES ('PUT011', N'Nhân viên bảo hiểm', N'Mới nộp', 'UV368', 'NV329');
INSERT INTO ADMIN.PHIEUUNGTUYEN VALUES ('PUT012', N'Nhân viên sản xuất', N'Mới nộp', 'UV218', 'NV022');
INSERT INTO ADMIN.PHIEUUNGTUYEN VALUES ('PUT013', N'Nhân viên quản lý', N'Mới nộp', 'UV038', 'NV245');
INSERT INTO ADMIN.PHIEUUNGTUYEN VALUES ('PUT014', N'Nhân viên thu ngân', N'Chấp nhận', 'UV305', 'NV187');
INSERT INTO ADMIN.PHIEUUNGTUYEN VALUES ('PUT015', N'Nhân viên bảo hiểm', N'Đang xử lý', 'UV129', 'NV354');
INSERT INTO ADMIN.PHIEUUNGTUYEN VALUES ('PUT016', N'Nhân viên sản xuất', N'Đang xử lý', 'UV058', 'NV309');
INSERT INTO ADMIN.PHIEUUNGTUYEN VALUES ('PUT017', N'Nhân viên nghệ thuật', N'Mới nộp', 'UV202', 'NV324');
INSERT INTO ADMIN.PHIEUUNGTUYEN VALUES ('PUT018', N'Nhân viên bán hàng', N'Đang xử lý', 'UV382', 'NV065');
INSERT INTO ADMIN.PHIEUUNGTUYEN VALUES ('PUT019', N'Nhân viên tư vấn', N'Chấp nhận', 'UV064', 'NV181');
INSERT INTO ADMIN.PHIEUUNGTUYEN VALUES ('PUT020', N'Nhân viên y tế', N'Mới nộp', 'UV056', 'NV363');
INSERT INTO ADMIN.PHIEUUNGTUYEN VALUES ('PUT021', N'Nhân viên marketing', N'Chấp nhận', 'UV112', 'NV227');
INSERT INTO ADMIN.PHIEUUNGTUYEN VALUES ('PUT022', N'Nhân viên bảo hiểm', N'Mới nộp', 'UV198', 'NV130');
INSERT INTO ADMIN.PHIEUUNGTUYEN VALUES ('PUT023', N'Nhân viên kinh doanh', N'Mới nộp', 'UV174', 'NV233');
INSERT INTO ADMIN.PHIEUUNGTUYEN VALUES ('PUT024', N'Nhân viên kế toán', N'Mới nộp', 'UV351', 'NV218');
INSERT INTO ADMIN.PHIEUUNGTUYEN VALUES ('PUT025', N'Nhân viên giáo viên', N'Đang xử lý', 'UV355', 'NV017');
INSERT INTO ADMIN.PHIEUUNGTUYEN VALUES ('PUT026', N'Nhân viên bảo vệ', N'Mới nộp', 'UV385', 'NV085');
INSERT INTO ADMIN.PHIEUUNGTUYEN VALUES ('PUT027', N'Nhân viên y tế', N'Chấp nhận', 'UV222', 'NV081');
INSERT INTO ADMIN.PHIEUUNGTUYEN VALUES ('PUT028', N'Nhân viên sản xuất', N'Mới nộp', 'UV028', 'NV056');
INSERT INTO ADMIN.PHIEUUNGTUYEN VALUES ('PUT029', N'Nhân viên thể thao', N'Chấp nhận', 'UV010', 'NV261');
INSERT INTO ADMIN.PHIEUUNGTUYEN VALUES ('PUT030', N'Nhân viên bán hàng', N'Mới nộp', 'UV106', 'NV109');
INSERT INTO ADMIN.PHIEUUNGTUYEN VALUES ('PUT031', N'Nhân viên vận chuyển', N'Chấp nhận', 'UV100', 'NV360');
INSERT INTO ADMIN.PHIEUUNGTUYEN VALUES ('PUT032', N'Nhân viên tư vấn', N'Mới nộp', 'UV135', 'NV365');
INSERT INTO ADMIN.PHIEUUNGTUYEN VALUES ('PUT033', N'Nhân viên hành chính', N'Mới nộp', 'UV328', 'NV229');
INSERT INTO ADMIN.PHIEUUNGTUYEN VALUES ('PUT034', N'Nhân viên bảo hiểm', N'Chấp nhận', 'UV211', 'NV240');
INSERT INTO ADMIN.PHIEUUNGTUYEN VALUES ('PUT035', N'Nhân viên bán hàng', N'Chấp nhận', 'UV177', 'NV041');
INSERT INTO ADMIN.PHIEUUNGTUYEN VALUES ('PUT036', N'Nhân viên tư vấn', N'Đang xử lý', 'UV303', 'NV369');
INSERT INTO ADMIN.PHIEUUNGTUYEN VALUES ('PUT037', N'Nhân viên marketing', N'Đang xử lý', 'UV338', 'NV222');
INSERT INTO ADMIN.PHIEUUNGTUYEN VALUES ('PUT038', N'Nhân viên marketing', N'Mới nộp', 'UV397', 'NV100');
INSERT INTO ADMIN.PHIEUUNGTUYEN VALUES ('PUT039', N'Nhân viên hỗ trợ', N'Đang xử lý', 'UV052', 'NV259');
INSERT INTO ADMIN.PHIEUUNGTUYEN VALUES ('PUT040', N'Nhân viên bán hàng', N'Chấp nhận', 'UV132', 'NV224');
INSERT INTO ADMIN.PHIEUUNGTUYEN VALUES ('PUT041', N'Nhân viên bán hàng', N'Đang xử lý', 'UV282', 'NV319');
INSERT INTO ADMIN.PHIEUUNGTUYEN VALUES ('PUT042', N'Nhân viên bảo hiểm', N'Đang xử lý', 'UV101', 'NV126');
INSERT INTO ADMIN.PHIEUUNGTUYEN VALUES ('PUT043', N'Nhân viên chăm sóc khách hàng', N'Mới nộp', 'UV072', 'NV118');
INSERT INTO ADMIN.PHIEUUNGTUYEN VALUES ('PUT044', N'Nhân viên dịch vụ', N'Đang xử lý', 'UV228', 'NV013');
INSERT INTO ADMIN.PHIEUUNGTUYEN VALUES ('PUT045', N'Nhân viên dịch vụ', N'Chấp nhận', 'UV042', 'NV143');
INSERT INTO ADMIN.PHIEUUNGTUYEN VALUES ('PUT046', N'Nhân viên IT', N'Chấp nhận', 'UV284', 'NV330');
INSERT INTO ADMIN.PHIEUUNGTUYEN VALUES ('PUT047', N'Nhân viên bảo hiểm', N'Chấp nhận', 'UV273', 'NV282');
INSERT INTO ADMIN.PHIEUUNGTUYEN VALUES ('PUT048', N'Nhân viên bán hàng', N'Đang xử lý', 'UV125', 'NV355');
INSERT INTO ADMIN.PHIEUUNGTUYEN VALUES ('PUT049', N'Nhân viên bảo vệ', N'Đang xử lý', 'UV027', 'NV380');
INSERT INTO ADMIN.PHIEUUNGTUYEN VALUES ('PUT050', N'Nhân viên sản xuất', N'Mới nộp', 'UV006', 'NV012');
INSERT INTO ADMIN.PHIEUUNGTUYEN VALUES ('PUT051', N'Nhân viên kế toán', N'Chấp nhận', 'UV365', 'NV022');
INSERT INTO ADMIN.PHIEUUNGTUYEN VALUES ('PUT052', N'Nhân viên kinh doanh', N'Mới nộp', 'UV098', 'NV306');
INSERT INTO ADMIN.PHIEUUNGTUYEN VALUES ('PUT053', N'Nhân viên tư vấn', N'Chấp nhận', 'UV042', 'NV104');
INSERT INTO ADMIN.PHIEUUNGTUYEN VALUES ('PUT054', N'Nhân viên văn phòng', N'Đang xử lý', 'UV396', 'NV389');
INSERT INTO ADMIN.PHIEUUNGTUYEN VALUES ('PUT055', N'Nhân viên thu ngân', N'Chấp nhận', 'UV338', 'NV326');
INSERT INTO ADMIN.PHIEUUNGTUYEN VALUES ('PUT056', N'Nhân viên nghệ thuật', N'Đang xử lý', 'UV277', 'NV277');
INSERT INTO ADMIN.PHIEUUNGTUYEN VALUES ('PUT057', N'Nhân viên y tế', N'Chấp nhận', 'UV053', 'NV354');
INSERT INTO ADMIN.PHIEUUNGTUYEN VALUES ('PUT058', N'Nhân viên kỹ thuật', N'Đang xử lý', 'UV124', 'NV091');
INSERT INTO ADMIN.PHIEUUNGTUYEN VALUES ('PUT059', N'Nhân viên kinh doanh', N'Đang xử lý', 'UV141', 'NV342');
INSERT INTO ADMIN.PHIEUUNGTUYEN VALUES ('PUT060', N'Nhân viên hỗ trợ', N'Chấp nhận', 'UV288', 'NV213');
INSERT INTO ADMIN.PHIEUUNGTUYEN VALUES ('PUT061', N'Nhân viên IT', N'Mới nộp', 'UV160', 'NV036');
INSERT INTO ADMIN.PHIEUUNGTUYEN VALUES ('PUT062', N'Nhân viên nghệ thuật', N'Mới nộp', 'UV253', 'NV132');
INSERT INTO ADMIN.PHIEUUNGTUYEN VALUES ('PUT063', N'Nhân viên chăm sóc khách hàng', N'Đang xử lý', 'UV243', 'NV098');
INSERT INTO ADMIN.PHIEUUNGTUYEN VALUES ('PUT064', N'Nhân viên nghệ thuật', N'Chấp nhận', 'UV154', 'NV078');
INSERT INTO ADMIN.PHIEUUNGTUYEN VALUES ('PUT065', N'Nhân viên nghệ thuật', N'Đang xử lý', 'UV255', 'NV092');
INSERT INTO ADMIN.PHIEUUNGTUYEN VALUES ('PUT066', N'Nhân viên quản lý', N'Mới nộp', 'UV390', 'NV062');
INSERT INTO ADMIN.PHIEUUNGTUYEN VALUES ('PUT067', N'Nhân viên thể thao', N'Chấp nhận', 'UV093', 'NV165');
INSERT INTO ADMIN.PHIEUUNGTUYEN VALUES ('PUT068', N'Nhân viên IT', N'Đang xử lý', 'UV081', 'NV152');
INSERT INTO ADMIN.PHIEUUNGTUYEN VALUES ('PUT069', N'Nhân viên IT', N'Đang xử lý', 'UV264', 'NV327');
INSERT INTO ADMIN.PHIEUUNGTUYEN VALUES ('PUT070', N'Nhân viên y tế', N'Đang xử lý', 'UV236', 'NV180');
INSERT INTO ADMIN.PHIEUUNGTUYEN VALUES ('PUT071', N'Nhân viên marketing', N'Mới nộp', 'UV025', 'NV067');
INSERT INTO ADMIN.PHIEUUNGTUYEN VALUES ('PUT072', N'Nhân viên bảo trì', N'Chấp nhận', 'UV302', 'NV115');
INSERT INTO ADMIN.PHIEUUNGTUYEN VALUES ('PUT073', N'Nhân viên bảo trì', N'Đang xử lý', 'UV172', 'NV399');
INSERT INTO ADMIN.PHIEUUNGTUYEN VALUES ('PUT074', N'Nhân viên quản lý', N'Đang xử lý', 'UV179', 'NV211');
INSERT INTO ADMIN.PHIEUUNGTUYEN VALUES ('PUT075', N'Nhân viên marketing', N'Đang xử lý', 'UV124', 'NV312');
INSERT INTO ADMIN.PHIEUUNGTUYEN VALUES ('PUT076', N'Nhân viên kỹ thuật', N'Đang xử lý', 'UV014', 'NV273');
INSERT INTO ADMIN.PHIEUUNGTUYEN VALUES ('PUT077', N'Nhân viên bảo vệ', N'Mới nộp', 'UV034', 'NV023');
INSERT INTO ADMIN.PHIEUUNGTUYEN VALUES ('PUT078', N'Nhân viên kế toán', N'Chấp nhận', 'UV324', 'NV204');
INSERT INTO ADMIN.PHIEUUNGTUYEN VALUES ('PUT079', N'Nhân viên IT', N'Mới nộp', 'UV227', 'NV339');
INSERT INTO ADMIN.PHIEUUNGTUYEN VALUES ('PUT080', N'Nhân viên dịch vụ', N'Chấp nhận', 'UV227', 'NV113');
INSERT INTO ADMIN.PHIEUUNGTUYEN VALUES ('PUT081', N'Nhân viên chăm sóc khách hàng', N'Mới nộp', 'UV064', 'NV208');
INSERT INTO ADMIN.PHIEUUNGTUYEN VALUES ('PUT082', N'Nhân viên phục vụ', N'Mới nộp', 'UV250', 'NV286');
INSERT INTO ADMIN.PHIEUUNGTUYEN VALUES ('PUT083', N'Nhân viên vận chuyển', N'Đang xử lý', 'UV045', 'NV017');
INSERT INTO ADMIN.PHIEUUNGTUYEN VALUES ('PUT084', N'Nhân viên quản lý', N'Chấp nhận', 'UV192', 'NV213');
INSERT INTO ADMIN.PHIEUUNGTUYEN VALUES ('PUT085', N'Nhân viên kế toán', N'Mới nộp', 'UV021', 'NV389');
INSERT INTO ADMIN.PHIEUUNGTUYEN VALUES ('PUT086', N'Nhân viên phục vụ', N'Đang xử lý', 'UV335', 'NV089');
INSERT INTO ADMIN.PHIEUUNGTUYEN VALUES ('PUT087', N'Nhân viên văn phòng', N'Chấp nhận', 'UV381', 'NV235');
INSERT INTO ADMIN.PHIEUUNGTUYEN VALUES ('PUT088', N'Nhân viên kế toán', N'Mới nộp', 'UV388', 'NV015');
INSERT INTO ADMIN.PHIEUUNGTUYEN VALUES ('PUT089', N'Nhân viên marketing', N'Chấp nhận', 'UV114', 'NV093');
INSERT INTO ADMIN.PHIEUUNGTUYEN VALUES ('PUT090', N'Nhân viên marketing', N'Đang xử lý', 'UV358', 'NV364');
INSERT INTO ADMIN.PHIEUUNGTUYEN VALUES ('PUT091', N'Nhân viên marketing', N'Chấp nhận', 'UV112', 'NV337');
INSERT INTO ADMIN.PHIEUUNGTUYEN VALUES ('PUT092', N'Nhân viên bảo trì', N'Chấp nhận', 'UV367', 'NV277');
INSERT INTO ADMIN.PHIEUUNGTUYEN VALUES ('PUT093', N'Nhân viên phục vụ', N'Chấp nhận', 'UV167', 'NV392');
INSERT INTO ADMIN.PHIEUUNGTUYEN VALUES ('PUT094', N'Nhân viên sản xuất', N'Mới nộp', 'UV396', 'NV379');
INSERT INTO ADMIN.PHIEUUNGTUYEN VALUES ('PUT095', N'Nhân viên thể thao', N'Mới nộp', 'UV295', 'NV161');
INSERT INTO ADMIN.PHIEUUNGTUYEN VALUES ('PUT096', N'Nhân viên hành chính', N'Chấp nhận', 'UV159', 'NV385');
INSERT INTO ADMIN.PHIEUUNGTUYEN VALUES ('PUT097', N'Nhân viên tư vấn', N'Chấp nhận', 'UV025', 'NV158');
INSERT INTO ADMIN.PHIEUUNGTUYEN VALUES ('PUT098', N'Nhân viên bảo vệ', N'Đang xử lý', 'UV114', 'NV398');
INSERT INTO ADMIN.PHIEUUNGTUYEN VALUES ('PUT099', N'Nhân viên hành chính', N'Đang xử lý', 'UV393', 'NV046');
INSERT INTO ADMIN.PHIEUUNGTUYEN VALUES ('PUT100', N'Nhân viên thể thao', N'Đang xử lý', 'UV178', 'NV244');


INSERT INTO ADMIN.HOSOUNGTUYEN VALUES ('HS001', to_date('2024-03-09','YYYY-MM-DD'), N'Đang xử lý', 'PUT001');
INSERT INTO ADMIN.HOSOUNGTUYEN VALUES ('HS002', to_date('2024-01-05','YYYY-MM-DD'), N'Đang xử lý', 'PUT002');
INSERT INTO ADMIN.HOSOUNGTUYEN VALUES ('HS003', to_date('2023-05-13','YYYY-MM-DD'), N'Đang xử lý', 'PUT003');
INSERT INTO ADMIN.HOSOUNGTUYEN VALUES ('HS004', to_date('2023-11-24','YYYY-MM-DD'), N'Đã chấp nhận', 'PUT004');
INSERT INTO ADMIN.HOSOUNGTUYEN VALUES ('HS005', to_date('2024-01-20','YYYY-MM-DD'), N'Đã chấp nhận', 'PUT005');
INSERT INTO ADMIN.HOSOUNGTUYEN VALUES ('HS006', to_date('2023-07-09','YYYY-MM-DD'), N'Đã từ chối', 'PUT006');
INSERT INTO ADMIN.HOSOUNGTUYEN VALUES ('HS007', to_date('2024-03-29','YYYY-MM-DD'), N'Đang xử lý', 'PUT007');
INSERT INTO ADMIN.HOSOUNGTUYEN VALUES ('HS008', to_date('2023-10-16','YYYY-MM-DD'), N'Đang xử lý', 'PUT008');
INSERT INTO ADMIN.HOSOUNGTUYEN VALUES ('HS009', to_date('2022-06-09','YYYY-MM-DD'), N'Đã từ chối', 'PUT009');
INSERT INTO ADMIN.HOSOUNGTUYEN VALUES ('HS010', to_date('2022-08-11','YYYY-MM-DD'), N'Đã từ chối', 'PUT010');
INSERT INTO ADMIN.HOSOUNGTUYEN VALUES ('HS011', to_date('2023-09-20','YYYY-MM-DD'), N'Đã từ chối', 'PUT011');
INSERT INTO ADMIN.HOSOUNGTUYEN VALUES ('HS012', to_date('2022-11-21','YYYY-MM-DD'), N'Đã chấp nhận', 'PUT012');
INSERT INTO ADMIN.HOSOUNGTUYEN VALUES ('HS013', to_date('2023-10-13','YYYY-MM-DD'), N'Đã chấp nhận', 'PUT013');
INSERT INTO ADMIN.HOSOUNGTUYEN VALUES ('HS014', to_date('2022-10-18','YYYY-MM-DD'), N'Đang xử lý', 'PUT014');
INSERT INTO ADMIN.HOSOUNGTUYEN VALUES ('HS015', to_date('2022-03-13','YYYY-MM-DD'), N'Đang xử lý', 'PUT015');
INSERT INTO ADMIN.HOSOUNGTUYEN VALUES ('HS016', to_date('2024-01-21','YYYY-MM-DD'), N'Đã chấp nhận', 'PUT016');
INSERT INTO ADMIN.HOSOUNGTUYEN VALUES ('HS017', to_date('2023-05-27','YYYY-MM-DD'), N'Đã từ chối', 'PUT017');
INSERT INTO ADMIN.HOSOUNGTUYEN VALUES ('HS018', to_date('2022-08-25','YYYY-MM-DD'), N'Đã từ chối', 'PUT018');
INSERT INTO ADMIN.HOSOUNGTUYEN VALUES ('HS019', to_date('2023-10-17','YYYY-MM-DD'), N'Đã chấp nhận', 'PUT019');
INSERT INTO ADMIN.HOSOUNGTUYEN VALUES ('HS020', to_date('2023-04-10','YYYY-MM-DD'), N'Đang xử lý', 'PUT020');
INSERT INTO ADMIN.HOSOUNGTUYEN VALUES ('HS021', to_date('2024-06-21','YYYY-MM-DD'), N'Đã từ chối', 'PUT021');
INSERT INTO ADMIN.HOSOUNGTUYEN VALUES ('HS022', to_date('2024-01-05','YYYY-MM-DD'), N'Đã từ chối', 'PUT022');
INSERT INTO ADMIN.HOSOUNGTUYEN VALUES ('HS023', to_date('2022-12-19','YYYY-MM-DD'), N'Đang xử lý', 'PUT023');
INSERT INTO ADMIN.HOSOUNGTUYEN VALUES ('HS024', to_date('2023-09-25','YYYY-MM-DD'), N'Đã từ chối', 'PUT024');
INSERT INTO ADMIN.HOSOUNGTUYEN VALUES ('HS025', to_date('2024-03-31','YYYY-MM-DD'), N'Đang xử lý', 'PUT025');
INSERT INTO ADMIN.HOSOUNGTUYEN VALUES ('HS026', to_date('2022-01-25','YYYY-MM-DD'), N'Đã chấp nhận', 'PUT026');
INSERT INTO ADMIN.HOSOUNGTUYEN VALUES ('HS027', to_date('2022-11-16','YYYY-MM-DD'), N'Đang xử lý', 'PUT027');
INSERT INTO ADMIN.HOSOUNGTUYEN VALUES ('HS028', to_date('2023-10-22','YYYY-MM-DD'), N'Đang xử lý', 'PUT028');
INSERT INTO ADMIN.HOSOUNGTUYEN VALUES ('HS029', to_date('2022-08-25','YYYY-MM-DD'), N'Đã chấp nhận', 'PUT029');
INSERT INTO ADMIN.HOSOUNGTUYEN VALUES ('HS030', to_date('2022-12-13','YYYY-MM-DD'), N'Đã chấp nhận', 'PUT030');
INSERT INTO ADMIN.HOSOUNGTUYEN VALUES ('HS031', to_date('2022-07-25','YYYY-MM-DD'), N'Đã từ chối', 'PUT031');
INSERT INTO ADMIN.HOSOUNGTUYEN VALUES ('HS032', to_date('2023-12-08','YYYY-MM-DD'), N'Đã chấp nhận', 'PUT032');
INSERT INTO ADMIN.HOSOUNGTUYEN VALUES ('HS033', to_date('2022-09-20','YYYY-MM-DD'), N'Đang xử lý', 'PUT033');
INSERT INTO ADMIN.HOSOUNGTUYEN VALUES ('HS034', to_date('2022-07-28','YYYY-MM-DD'), N'Đã từ chối', 'PUT034');
INSERT INTO ADMIN.HOSOUNGTUYEN VALUES ('HS035', to_date('2023-09-29','YYYY-MM-DD'), N'Đang xử lý', 'PUT035');
INSERT INTO ADMIN.HOSOUNGTUYEN VALUES ('HS036', to_date('2023-03-18','YYYY-MM-DD'), N'Đã chấp nhận', 'PUT036');
INSERT INTO ADMIN.HOSOUNGTUYEN VALUES ('HS037', to_date('2022-07-13','YYYY-MM-DD'), N'Đã từ chối', 'PUT037');
INSERT INTO ADMIN.HOSOUNGTUYEN VALUES ('HS038', to_date('2023-09-05','YYYY-MM-DD'), N'Đã từ chối', 'PUT038');
INSERT INTO ADMIN.HOSOUNGTUYEN VALUES ('HS039', to_date('2023-08-14','YYYY-MM-DD'), N'Đang xử lý', 'PUT039');
INSERT INTO ADMIN.HOSOUNGTUYEN VALUES ('HS040', to_date('2023-09-04','YYYY-MM-DD'), N'Đang xử lý', 'PUT040');
INSERT INTO ADMIN.HOSOUNGTUYEN VALUES ('HS041', to_date('2022-11-27','YYYY-MM-DD'), N'Đã chấp nhận', 'PUT041');
INSERT INTO ADMIN.HOSOUNGTUYEN VALUES ('HS042', to_date('2023-02-14','YYYY-MM-DD'), N'Đang xử lý', 'PUT042');
INSERT INTO ADMIN.HOSOUNGTUYEN VALUES ('HS043', to_date('2022-05-27','YYYY-MM-DD'), N'Đã chấp nhận', 'PUT043');
INSERT INTO ADMIN.HOSOUNGTUYEN VALUES ('HS044', to_date('2024-01-15','YYYY-MM-DD'), N'Đã từ chối', 'PUT044');
INSERT INTO ADMIN.HOSOUNGTUYEN VALUES ('HS045', to_date('2024-06-07','YYYY-MM-DD'), N'Đã từ chối', 'PUT045');
INSERT INTO ADMIN.HOSOUNGTUYEN VALUES ('HS046', to_date('2024-06-23','YYYY-MM-DD'), N'Đã chấp nhận', 'PUT046');
INSERT INTO ADMIN.HOSOUNGTUYEN VALUES ('HS047', to_date('2022-10-05','YYYY-MM-DD'), N'Đã chấp nhận', 'PUT047');
INSERT INTO ADMIN.HOSOUNGTUYEN VALUES ('HS048', to_date('2023-04-17','YYYY-MM-DD'), N'Đã từ chối', 'PUT048');
INSERT INTO ADMIN.HOSOUNGTUYEN VALUES ('HS049', to_date('2023-08-14','YYYY-MM-DD'), N'Đang xử lý', 'PUT049');
INSERT INTO ADMIN.HOSOUNGTUYEN VALUES ('HS050', to_date('2023-07-24','YYYY-MM-DD'), N'Đang xử lý', 'PUT050');
INSERT INTO ADMIN.HOSOUNGTUYEN VALUES ('HS051', to_date('2022-04-08','YYYY-MM-DD'), N'Đã từ chối', 'PUT051');
INSERT INTO ADMIN.HOSOUNGTUYEN VALUES ('HS052', to_date('2024-03-16','YYYY-MM-DD'), N'Đã chấp nhận', 'PUT052');
INSERT INTO ADMIN.HOSOUNGTUYEN VALUES ('HS053', to_date('2024-01-20','YYYY-MM-DD'), N'Đã chấp nhận', 'PUT053');
INSERT INTO ADMIN.HOSOUNGTUYEN VALUES ('HS054', to_date('2023-04-17','YYYY-MM-DD'), N'Đang xử lý', 'PUT054');
INSERT INTO ADMIN.HOSOUNGTUYEN VALUES ('HS055', to_date('2023-12-10','YYYY-MM-DD'), N'Đã chấp nhận', 'PUT055');
INSERT INTO ADMIN.HOSOUNGTUYEN VALUES ('HS056', to_date('2023-02-20','YYYY-MM-DD'), N'Đã chấp nhận', 'PUT056');
INSERT INTO ADMIN.HOSOUNGTUYEN VALUES ('HS057', to_date('2023-03-22','YYYY-MM-DD'), N'Đã từ chối', 'PUT057');
INSERT INTO ADMIN.HOSOUNGTUYEN VALUES ('HS058', to_date('2022-04-29','YYYY-MM-DD'), N'Đã chấp nhận', 'PUT058');
INSERT INTO ADMIN.HOSOUNGTUYEN VALUES ('HS059', to_date('2023-02-26','YYYY-MM-DD'), N'Đã chấp nhận', 'PUT059');
INSERT INTO ADMIN.HOSOUNGTUYEN VALUES ('HS060', to_date('2024-06-12','YYYY-MM-DD'), N'Đã từ chối', 'PUT060');
INSERT INTO ADMIN.HOSOUNGTUYEN VALUES ('HS061', to_date('2023-07-26','YYYY-MM-DD'), N'Đang xử lý', 'PUT061');
INSERT INTO ADMIN.HOSOUNGTUYEN VALUES ('HS062', to_date('2022-05-15','YYYY-MM-DD'), N'Đã từ chối', 'PUT062');
INSERT INTO ADMIN.HOSOUNGTUYEN VALUES ('HS063', to_date('2023-08-16','YYYY-MM-DD'), N'Đã chấp nhận', 'PUT063');
INSERT INTO ADMIN.HOSOUNGTUYEN VALUES ('HS064', to_date('2022-08-04','YYYY-MM-DD'), N'Đang xử lý', 'PUT064');
INSERT INTO ADMIN.HOSOUNGTUYEN VALUES ('HS065', to_date('2023-06-17','YYYY-MM-DD'), N'Đã từ chối', 'PUT065');
INSERT INTO ADMIN.HOSOUNGTUYEN VALUES ('HS066', to_date('2024-01-06','YYYY-MM-DD'), N'Đang xử lý', 'PUT066');
INSERT INTO ADMIN.HOSOUNGTUYEN VALUES ('HS067', to_date('2024-04-28','YYYY-MM-DD'), N'Đang xử lý', 'PUT067');
INSERT INTO ADMIN.HOSOUNGTUYEN VALUES ('HS068', to_date('2022-05-18','YYYY-MM-DD'), N'Đã chấp nhận', 'PUT068');
INSERT INTO ADMIN.HOSOUNGTUYEN VALUES ('HS069', to_date('2023-08-05','YYYY-MM-DD'), N'Đã chấp nhận', 'PUT069');
INSERT INTO ADMIN.HOSOUNGTUYEN VALUES ('HS070', to_date('2023-10-05','YYYY-MM-DD'), N'Đang xử lý', 'PUT070');
INSERT INTO ADMIN.HOSOUNGTUYEN VALUES ('HS071', to_date('2023-05-12','YYYY-MM-DD'), N'Đã từ chối', 'PUT071');
INSERT INTO ADMIN.HOSOUNGTUYEN VALUES ('HS072', to_date('2022-03-04','YYYY-MM-DD'), N'Đã chấp nhận', 'PUT072');
INSERT INTO ADMIN.HOSOUNGTUYEN VALUES ('HS073', to_date('2022-10-02','YYYY-MM-DD'), N'Đã từ chối', 'PUT073');
INSERT INTO ADMIN.HOSOUNGTUYEN VALUES ('HS074', to_date('2022-04-29','YYYY-MM-DD'), N'Đang xử lý', 'PUT074');
INSERT INTO ADMIN.HOSOUNGTUYEN VALUES ('HS075', to_date('2022-06-02','YYYY-MM-DD'), N'Đã từ chối', 'PUT075');
INSERT INTO ADMIN.HOSOUNGTUYEN VALUES ('HS076', to_date('2024-04-06','YYYY-MM-DD'), N'Đã chấp nhận', 'PUT076');
INSERT INTO ADMIN.HOSOUNGTUYEN VALUES ('HS077', to_date('2022-02-06','YYYY-MM-DD'), N'Đang xử lý', 'PUT077');
INSERT INTO ADMIN.HOSOUNGTUYEN VALUES ('HS078', to_date('2022-05-24','YYYY-MM-DD'), N'Đã chấp nhận', 'PUT078');
INSERT INTO ADMIN.HOSOUNGTUYEN VALUES ('HS079', to_date('2024-06-11','YYYY-MM-DD'), N'Đã từ chối', 'PUT079');
INSERT INTO ADMIN.HOSOUNGTUYEN VALUES ('HS080', to_date('2024-04-21','YYYY-MM-DD'), N'Đã chấp nhận', 'PUT080');
INSERT INTO ADMIN.HOSOUNGTUYEN VALUES ('HS081', to_date('2023-11-01','YYYY-MM-DD'), N'Đã từ chối', 'PUT081');
INSERT INTO ADMIN.HOSOUNGTUYEN VALUES ('HS082', to_date('2023-04-08','YYYY-MM-DD'), N'Đã chấp nhận', 'PUT082');
INSERT INTO ADMIN.HOSOUNGTUYEN VALUES ('HS083', to_date('2022-08-21','YYYY-MM-DD'), N'Đang xử lý', 'PUT083');
INSERT INTO ADMIN.HOSOUNGTUYEN VALUES ('HS084', to_date('2023-02-18','YYYY-MM-DD'), N'Đã chấp nhận', 'PUT084');
INSERT INTO ADMIN.HOSOUNGTUYEN VALUES ('HS085', to_date('2023-02-14','YYYY-MM-DD'), N'Đã từ chối', 'PUT085');
INSERT INTO ADMIN.HOSOUNGTUYEN VALUES ('HS086', to_date('2023-07-14','YYYY-MM-DD'), N'Đã từ chối', 'PUT086');
INSERT INTO ADMIN.HOSOUNGTUYEN VALUES ('HS087', to_date('2022-07-15','YYYY-MM-DD'), N'Đã từ chối', 'PUT087');
INSERT INTO ADMIN.HOSOUNGTUYEN VALUES ('HS088', to_date('2022-01-28','YYYY-MM-DD'), N'Đã từ chối', 'PUT088');
INSERT INTO ADMIN.HOSOUNGTUYEN VALUES ('HS089', to_date('2024-01-07','YYYY-MM-DD'), N'Đang xử lý', 'PUT089');
INSERT INTO ADMIN.HOSOUNGTUYEN VALUES ('HS090', to_date('2023-01-09','YYYY-MM-DD'), N'Đang xử lý', 'PUT090');
INSERT INTO ADMIN.HOSOUNGTUYEN VALUES ('HS091', to_date('2022-08-14','YYYY-MM-DD'), N'Đã từ chối', 'PUT091');
INSERT INTO ADMIN.HOSOUNGTUYEN VALUES ('HS092', to_date('2022-02-03','YYYY-MM-DD'), N'Đã từ chối', 'PUT092');
INSERT INTO ADMIN.HOSOUNGTUYEN VALUES ('HS093', to_date('2024-02-10','YYYY-MM-DD'), N'Đã chấp nhận', 'PUT093');
INSERT INTO ADMIN.HOSOUNGTUYEN VALUES ('HS094', to_date('2023-09-23','YYYY-MM-DD'), N'Đã chấp nhận', 'PUT094');
INSERT INTO ADMIN.HOSOUNGTUYEN VALUES ('HS095', to_date('2024-04-07','YYYY-MM-DD'), N'Đã từ chối', 'PUT095');
INSERT INTO ADMIN.HOSOUNGTUYEN VALUES ('HS096', to_date('2022-03-25','YYYY-MM-DD'), N'Đã chấp nhận', 'PUT096');
INSERT INTO ADMIN.HOSOUNGTUYEN VALUES ('HS097', to_date('2023-10-26','YYYY-MM-DD'), N'Đã chấp nhận', 'PUT097');
INSERT INTO ADMIN.HOSOUNGTUYEN VALUES ('HS098', to_date('2022-04-12','YYYY-MM-DD'), N'Đã từ chối', 'PUT098');
INSERT INTO ADMIN.HOSOUNGTUYEN VALUES ('HS099', to_date('2023-06-09','YYYY-MM-DD'), N'Đã từ chối', 'PUT099');
INSERT INTO ADMIN.HOSOUNGTUYEN VALUES ('HS100', to_date('2023-05-25','YYYY-MM-DD'), N'Đang xử lý', 'PUT100');


INSERT INTO ADMIN.CHITIETHOSO VALUES (1, N'Bằng cấp', N'Bằng thạc sĩ', 'HS001');
INSERT INTO ADMIN.CHITIETHOSO VALUES (2, N'Chứng chỉ', N'Chứng chỉ TOEFL', 'HS001');
INSERT INTO ADMIN.CHITIETHOSO VALUES (1, N'Bằng cấp', N'Bằng tiến sĩ', 'HS002');
INSERT INTO ADMIN.CHITIETHOSO VALUES (2, N'Chứng chỉ', N'Chứng chỉ OCM', 'HS002');
INSERT INTO ADMIN.CHITIETHOSO VALUES (1, N'Bằng cấp', N'Bằng thạc sĩ', 'HS003');
INSERT INTO ADMIN.CHITIETHOSO VALUES (2, N'Chứng chỉ', N'Chứng chỉ OCM', 'HS003');
INSERT INTO ADMIN.CHITIETHOSO VALUES (1, N'Bằng cấp', N'Bằng tốt nghiệp tiểu học', 'HS004');
INSERT INTO ADMIN.CHITIETHOSO VALUES (2, N'Chứng chỉ', N'Chứng chỉ Coursera', 'HS004');
INSERT INTO ADMIN.CHITIETHOSO VALUES (1, N'Bằng cấp', N'Bằng tốt nghiệp THCS', 'HS005');
INSERT INTO ADMIN.CHITIETHOSO VALUES (2, N'Chứng chỉ', N'Chứng chỉ IELTS', 'HS005');
INSERT INTO ADMIN.CHITIETHOSO VALUES (1, N'Bằng cấp', N'Bằng tốt nghiệp THPT', 'HS006');
INSERT INTO ADMIN.CHITIETHOSO VALUES (2, N'Chứng chỉ', N'Chứng chỉ OCM', 'HS006');
INSERT INTO ADMIN.CHITIETHOSO VALUES (1, N'Bằng cấp', N'Bằng tốt nghiệp tiểu học', 'HS007');
INSERT INTO ADMIN.CHITIETHOSO VALUES (2, N'Chứng chỉ', N'Chứng chỉ OCB', 'HS007');
INSERT INTO ADMIN.CHITIETHOSO VALUES (1, N'Bằng cấp', N'Bằng tốt nghiệp THPT', 'HS008');
INSERT INTO ADMIN.CHITIETHOSO VALUES (2, N'Chứng chỉ', N'Chứng chỉ TOEFL', 'HS008');
INSERT INTO ADMIN.CHITIETHOSO VALUES (1, N'Bằng cấp', N'Bằng tốt nghiệp tiểu học', 'HS009');
INSERT INTO ADMIN.CHITIETHOSO VALUES (2, N'Chứng chỉ', N'Chứng chỉ TOEIC', 'HS009');
INSERT INTO ADMIN.CHITIETHOSO VALUES (1, N'Bằng cấp', N'Bằng tốt nghiệp THCS', 'HS010');
INSERT INTO ADMIN.CHITIETHOSO VALUES (2, N'Chứng chỉ', N'Chứng Chỉ Udemy', 'HS010');
INSERT INTO ADMIN.CHITIETHOSO VALUES (1, N'Bằng cấp', N'Bằng tốt nghiệp tiểu học', 'HS011');
INSERT INTO ADMIN.CHITIETHOSO VALUES (2, N'Chứng chỉ', N'Chứng chỉ Coursera', 'HS011');
INSERT INTO ADMIN.CHITIETHOSO VALUES (1, N'Bằng cấp', N'Bằng tốt nghiệp tiểu học', 'HS012');
INSERT INTO ADMIN.CHITIETHOSO VALUES (2, N'Chứng chỉ', N'Chứng chỉ MOS', 'HS012');
INSERT INTO ADMIN.CHITIETHOSO VALUES (1, N'Bằng cấp', N'Bằng cử nhân', 'HS013');
INSERT INTO ADMIN.CHITIETHOSO VALUES (2, N'Chứng chỉ', N'Chứng chỉ MOS', 'HS013');
INSERT INTO ADMIN.CHITIETHOSO VALUES (1, N'Bằng cấp', N'Bằng tốt nghiệp tiểu học', 'HS014');
INSERT INTO ADMIN.CHITIETHOSO VALUES (2, N'Chứng chỉ', N'Chứng chỉ Coursera', 'HS014');
INSERT INTO ADMIN.CHITIETHOSO VALUES (1, N'Bằng cấp', N'Bằng tốt nghiệp THPT', 'HS015');
INSERT INTO ADMIN.CHITIETHOSO VALUES (2, N'Chứng chỉ', N'Chứng chỉ LinkedIn', 'HS015');
INSERT INTO ADMIN.CHITIETHOSO VALUES (1, N'Bằng cấp', N'Bằng cử nhân', 'HS016');
INSERT INTO ADMIN.CHITIETHOSO VALUES (2, N'Chứng chỉ', N'Chứng chỉ TOEFL', 'HS016');
INSERT INTO ADMIN.CHITIETHOSO VALUES (1, N'Bằng cấp', N'Bằng tốt nghiệp THPT', 'HS017');
INSERT INTO ADMIN.CHITIETHOSO VALUES (2, N'Chứng chỉ', N'Chứng chỉ Coursera', 'HS017');
INSERT INTO ADMIN.CHITIETHOSO VALUES (1, N'Bằng cấp', N'Bằng cử nhân', 'HS018');
INSERT INTO ADMIN.CHITIETHOSO VALUES (2, N'Chứng chỉ', N'Chứng chỉ TOEIC', 'HS018');
INSERT INTO ADMIN.CHITIETHOSO VALUES (1, N'Bằng cấp', N'Bằng tốt nghiệp THPT', 'HS019');
INSERT INTO ADMIN.CHITIETHOSO VALUES (2, N'Chứng chỉ', N'Chứng chỉ Coursera', 'HS019');
INSERT INTO ADMIN.CHITIETHOSO VALUES (1, N'Bằng cấp', N'Bằng tiến sĩ', 'HS020');
INSERT INTO ADMIN.CHITIETHOSO VALUES (2, N'Chứng chỉ', N'Chứng chỉ Coursera', 'HS020');
INSERT INTO ADMIN.CHITIETHOSO VALUES (1, N'Bằng cấp', N'Bằng tốt nghiệp THCS', 'HS021');
INSERT INTO ADMIN.CHITIETHOSO VALUES (2, N'Chứng chỉ', N'Chứng chỉ TOEIC', 'HS021');
INSERT INTO ADMIN.CHITIETHOSO VALUES (1, N'Bằng cấp', N'Bằng tốt nghiệp THPT', 'HS022');
INSERT INTO ADMIN.CHITIETHOSO VALUES (2, N'Chứng chỉ', N'Chứng chỉ OCB', 'HS022');
INSERT INTO ADMIN.CHITIETHOSO VALUES (1, N'Bằng cấp', N'Bằng tốt nghiệp THPT', 'HS023');
INSERT INTO ADMIN.CHITIETHOSO VALUES (2, N'Chứng chỉ', N'Chứng chỉ Coursera', 'HS023');
INSERT INTO ADMIN.CHITIETHOSO VALUES (1, N'Bằng cấp', N'Bằng tốt nghiệp tiểu học', 'HS024');
INSERT INTO ADMIN.CHITIETHOSO VALUES (2, N'Chứng chỉ', N'Chứng chỉ MOS', 'HS024');
INSERT INTO ADMIN.CHITIETHOSO VALUES (1, N'Bằng cấp', N'Bằng thạc sĩ', 'HS025');
INSERT INTO ADMIN.CHITIETHOSO VALUES (2, N'Chứng chỉ', N'Chứng chỉ MOS', 'HS025');
INSERT INTO ADMIN.CHITIETHOSO VALUES (1, N'Bằng cấp', N'Bằng tốt nghiệp tiểu học', 'HS026');
INSERT INTO ADMIN.CHITIETHOSO VALUES (2, N'Chứng chỉ', N'Chứng chỉ OCM', 'HS026');
INSERT INTO ADMIN.CHITIETHOSO VALUES (1, N'Bằng cấp', N'Bằng cử nhân', 'HS027');
INSERT INTO ADMIN.CHITIETHOSO VALUES (2, N'Chứng chỉ', N'Chứng chỉ IC3', 'HS027');
INSERT INTO ADMIN.CHITIETHOSO VALUES (1, N'Bằng cấp', N'Bằng tiến sĩ', 'HS028');
INSERT INTO ADMIN.CHITIETHOSO VALUES (2, N'Chứng chỉ', N'Chứng chỉ IC3', 'HS028');
INSERT INTO ADMIN.CHITIETHOSO VALUES (1, N'Bằng cấp', N'Bằng thạc sĩ', 'HS029');
INSERT INTO ADMIN.CHITIETHOSO VALUES (2, N'Chứng chỉ', N'Chứng chỉ IC3', 'HS029');
INSERT INTO ADMIN.CHITIETHOSO VALUES (1, N'Bằng cấp', N'Bằng thạc sĩ', 'HS030');
INSERT INTO ADMIN.CHITIETHOSO VALUES (2, N'Chứng chỉ', N'Chứng chỉ TOEFL', 'HS030');
INSERT INTO ADMIN.CHITIETHOSO VALUES (1, N'Bằng cấp', N'Bằng tốt nghiệp tiểu học', 'HS031');
INSERT INTO ADMIN.CHITIETHOSO VALUES (2, N'Chứng chỉ', N'Chứng chỉ IC3', 'HS031');
INSERT INTO ADMIN.CHITIETHOSO VALUES (1, N'Bằng cấp', N'Bằng tiến sĩ', 'HS032');
INSERT INTO ADMIN.CHITIETHOSO VALUES (2, N'Chứng chỉ', N'Chứng chỉ TOEFL', 'HS032');
INSERT INTO ADMIN.CHITIETHOSO VALUES (1, N'Bằng cấp', N'Bằng tốt nghiệp tiểu học', 'HS033');
INSERT INTO ADMIN.CHITIETHOSO VALUES (2, N'Chứng chỉ', N'Chứng chỉ IC3', 'HS033');
INSERT INTO ADMIN.CHITIETHOSO VALUES (1, N'Bằng cấp', N'Bằng thạc sĩ', 'HS034');
INSERT INTO ADMIN.CHITIETHOSO VALUES (2, N'Chứng chỉ', N'Chứng chỉ TOEFL', 'HS034');
INSERT INTO ADMIN.CHITIETHOSO VALUES (1, N'Bằng cấp', N'Bằng cử nhân', 'HS035');
INSERT INTO ADMIN.CHITIETHOSO VALUES (2, N'Chứng chỉ', N'Chứng chỉ OCM', 'HS035');
INSERT INTO ADMIN.CHITIETHOSO VALUES (1, N'Bằng cấp', N'Bằng tốt nghiệp THCS', 'HS036');
INSERT INTO ADMIN.CHITIETHOSO VALUES (2, N'Chứng chỉ', N'Chứng chỉ OCM', 'HS036');
INSERT INTO ADMIN.CHITIETHOSO VALUES (1, N'Bằng cấp', N'Bằng tốt nghiệp tiểu học', 'HS037');
INSERT INTO ADMIN.CHITIETHOSO VALUES (2, N'Chứng chỉ', N'Chứng chỉ OCA', 'HS037');
INSERT INTO ADMIN.CHITIETHOSO VALUES (1, N'Bằng cấp', N'Bằng tốt nghiệp THCS', 'HS038');
INSERT INTO ADMIN.CHITIETHOSO VALUES (2, N'Chứng chỉ', N'Chứng chỉ TOEFL', 'HS038');
INSERT INTO ADMIN.CHITIETHOSO VALUES (1, N'Bằng cấp', N'Bằng tốt nghiệp THPT', 'HS039');
INSERT INTO ADMIN.CHITIETHOSO VALUES (2, N'Chứng chỉ', N'Chứng chỉ TOEIC', 'HS039');
INSERT INTO ADMIN.CHITIETHOSO VALUES (1, N'Bằng cấp', N'Bằng tốt nghiệp THPT', 'HS040');
INSERT INTO ADMIN.CHITIETHOSO VALUES (2, N'Chứng chỉ', N'Chứng chỉ IELTS', 'HS040');
INSERT INTO ADMIN.CHITIETHOSO VALUES (1, N'Bằng cấp', N'Bằng tốt nghiệp tiểu học', 'HS041');
INSERT INTO ADMIN.CHITIETHOSO VALUES (2, N'Chứng chỉ', N'Chứng chỉ MOS', 'HS041');
INSERT INTO ADMIN.CHITIETHOSO VALUES (1, N'Bằng cấp', N'Bằng tốt nghiệp tiểu học', 'HS042');
INSERT INTO ADMIN.CHITIETHOSO VALUES (2, N'Chứng chỉ', N'Chứng chỉ Coursera', 'HS042');
INSERT INTO ADMIN.CHITIETHOSO VALUES (1, N'Bằng cấp', N'Bằng tốt nghiệp tiểu học', 'HS043');
INSERT INTO ADMIN.CHITIETHOSO VALUES (2, N'Chứng chỉ', N'Chứng chỉ OCA', 'HS043');
INSERT INTO ADMIN.CHITIETHOSO VALUES (1, N'Bằng cấp', N'Bằng tiến sĩ', 'HS044');
INSERT INTO ADMIN.CHITIETHOSO VALUES (2, N'Chứng chỉ', N'Chứng chỉ TOEIC', 'HS044');
INSERT INTO ADMIN.CHITIETHOSO VALUES (1, N'Bằng cấp', N'Bằng tốt nghiệp THCS', 'HS045');
INSERT INTO ADMIN.CHITIETHOSO VALUES (2, N'Chứng chỉ', N'Chứng chỉ Coursera', 'HS045');
INSERT INTO ADMIN.CHITIETHOSO VALUES (1, N'Bằng cấp', N'Bằng tiến sĩ', 'HS046');
INSERT INTO ADMIN.CHITIETHOSO VALUES (2, N'Chứng chỉ', N'Chứng chỉ TOEFL', 'HS046');
INSERT INTO ADMIN.CHITIETHOSO VALUES (1, N'Bằng cấp', N'Bằng cử nhân', 'HS047');
INSERT INTO ADMIN.CHITIETHOSO VALUES (2, N'Chứng chỉ', N'Chứng chỉ TOEFL', 'HS047');
INSERT INTO ADMIN.CHITIETHOSO VALUES (1, N'Bằng cấp', N'Bằng tốt nghiệp tiểu học', 'HS048');
INSERT INTO ADMIN.CHITIETHOSO VALUES (2, N'Chứng chỉ', N'Chứng chỉ OCB', 'HS048');
INSERT INTO ADMIN.CHITIETHOSO VALUES (1, N'Bằng cấp', N'Bằng tốt nghiệp THCS', 'HS049');
INSERT INTO ADMIN.CHITIETHOSO VALUES (2, N'Chứng chỉ', N'Chứng chỉ IC3', 'HS049');
INSERT INTO ADMIN.CHITIETHOSO VALUES (1, N'Bằng cấp', N'Bằng tốt nghiệp THPT', 'HS050');
INSERT INTO ADMIN.CHITIETHOSO VALUES (2, N'Chứng chỉ', N'Chứng chỉ OCB', 'HS050');
INSERT INTO ADMIN.CHITIETHOSO VALUES (1, N'Bằng cấp', N'Bằng tiến sĩ', 'HS051');
INSERT INTO ADMIN.CHITIETHOSO VALUES (2, N'Chứng chỉ', N'Chứng chỉ IELTS', 'HS051');
INSERT INTO ADMIN.CHITIETHOSO VALUES (1, N'Bằng cấp', N'Bằng tốt nghiệp tiểu học', 'HS052');
INSERT INTO ADMIN.CHITIETHOSO VALUES (2, N'Chứng chỉ', N'Chứng Chỉ Udemy', 'HS052');
INSERT INTO ADMIN.CHITIETHOSO VALUES (1, N'Bằng cấp', N'Bằng cử nhân', 'HS053');
INSERT INTO ADMIN.CHITIETHOSO VALUES (2, N'Chứng chỉ', N'Chứng chỉ OCM', 'HS053');
INSERT INTO ADMIN.CHITIETHOSO VALUES (1, N'Bằng cấp', N'Bằng tốt nghiệp tiểu học', 'HS054');
INSERT INTO ADMIN.CHITIETHOSO VALUES (2, N'Chứng chỉ', N'Chứng chỉ MOS', 'HS054');
INSERT INTO ADMIN.CHITIETHOSO VALUES (1, N'Bằng cấp', N'Bằng tốt nghiệp THCS', 'HS055');
INSERT INTO ADMIN.CHITIETHOSO VALUES (2, N'Chứng chỉ', N'Chứng chỉ OCA', 'HS055');
INSERT INTO ADMIN.CHITIETHOSO VALUES (1, N'Bằng cấp', N'Bằng thạc sĩ', 'HS056');
INSERT INTO ADMIN.CHITIETHOSO VALUES (2, N'Chứng chỉ', N'Chứng chỉ OCA', 'HS056');
INSERT INTO ADMIN.CHITIETHOSO VALUES (1, N'Bằng cấp', N'Bằng tiến sĩ', 'HS057');
INSERT INTO ADMIN.CHITIETHOSO VALUES (2, N'Chứng chỉ', N'Chứng chỉ IELTS', 'HS057');
INSERT INTO ADMIN.CHITIETHOSO VALUES (1, N'Bằng cấp', N'Bằng tốt nghiệp THPT', 'HS058');
INSERT INTO ADMIN.CHITIETHOSO VALUES (2, N'Chứng chỉ', N'Chứng chỉ TOEFL', 'HS058');
INSERT INTO ADMIN.CHITIETHOSO VALUES (1, N'Bằng cấp', N'Bằng tiến sĩ', 'HS059');
INSERT INTO ADMIN.CHITIETHOSO VALUES (2, N'Chứng chỉ', N'Chứng chỉ TOEIC', 'HS059');
INSERT INTO ADMIN.CHITIETHOSO VALUES (1, N'Bằng cấp', N'Bằng cử nhân', 'HS060');
INSERT INTO ADMIN.CHITIETHOSO VALUES (2, N'Chứng chỉ', N'Chứng chỉ MOS', 'HS060');
INSERT INTO ADMIN.CHITIETHOSO VALUES (1, N'Bằng cấp', N'Bằng thạc sĩ', 'HS061');
INSERT INTO ADMIN.CHITIETHOSO VALUES (2, N'Chứng chỉ', N'Chứng chỉ OCA', 'HS061');
INSERT INTO ADMIN.CHITIETHOSO VALUES (1, N'Bằng cấp', N'Bằng tốt nghiệp tiểu học', 'HS062');
INSERT INTO ADMIN.CHITIETHOSO VALUES (2, N'Chứng chỉ', N'Chứng Chỉ Udemy', 'HS062');
INSERT INTO ADMIN.CHITIETHOSO VALUES (1, N'Bằng cấp', N'Bằng cử nhân', 'HS063');
INSERT INTO ADMIN.CHITIETHOSO VALUES (2, N'Chứng chỉ', N'Chứng chỉ IELTS', 'HS063');
INSERT INTO ADMIN.CHITIETHOSO VALUES (1, N'Bằng cấp', N'Bằng tiến sĩ', 'HS064');
INSERT INTO ADMIN.CHITIETHOSO VALUES (2, N'Chứng chỉ', N'Chứng chỉ OCA', 'HS064');
INSERT INTO ADMIN.CHITIETHOSO VALUES (1, N'Bằng cấp', N'Bằng cử nhân', 'HS065');
INSERT INTO ADMIN.CHITIETHOSO VALUES (2, N'Chứng chỉ', N'Chứng chỉ TOEFL', 'HS065');
INSERT INTO ADMIN.CHITIETHOSO VALUES (1, N'Bằng cấp', N'Bằng cử nhân', 'HS066');
INSERT INTO ADMIN.CHITIETHOSO VALUES (2, N'Chứng chỉ', N'Chứng chỉ IELTS', 'HS066');
INSERT INTO ADMIN.CHITIETHOSO VALUES (1, N'Bằng cấp', N'Bằng tốt nghiệp THPT', 'HS067');
INSERT INTO ADMIN.CHITIETHOSO VALUES (2, N'Chứng chỉ', N'Chứng chỉ OCA', 'HS067');
INSERT INTO ADMIN.CHITIETHOSO VALUES (1, N'Bằng cấp', N'Bằng cử nhân', 'HS068');
INSERT INTO ADMIN.CHITIETHOSO VALUES (2, N'Chứng chỉ', N'Chứng chỉ IELTS', 'HS068');
INSERT INTO ADMIN.CHITIETHOSO VALUES (1, N'Bằng cấp', N'Bằng tốt nghiệp THCS', 'HS069');
INSERT INTO ADMIN.CHITIETHOSO VALUES (2, N'Chứng chỉ', N'Chứng chỉ OCB', 'HS069');
INSERT INTO ADMIN.CHITIETHOSO VALUES (1, N'Bằng cấp', N'Bằng tốt nghiệp tiểu học', 'HS070');
INSERT INTO ADMIN.CHITIETHOSO VALUES (2, N'Chứng chỉ', N'Chứng chỉ Coursera', 'HS070');
INSERT INTO ADMIN.CHITIETHOSO VALUES (1, N'Bằng cấp', N'Bằng tốt nghiệp tiểu học', 'HS071');
INSERT INTO ADMIN.CHITIETHOSO VALUES (2, N'Chứng chỉ', N'Chứng chỉ TOEIC', 'HS071');
INSERT INTO ADMIN.CHITIETHOSO VALUES (1, N'Bằng cấp', N'Bằng tiến sĩ', 'HS072');
INSERT INTO ADMIN.CHITIETHOSO VALUES (2, N'Chứng chỉ', N'Chứng Chỉ Udemy', 'HS072');
INSERT INTO ADMIN.CHITIETHOSO VALUES (1, N'Bằng cấp', N'Bằng tiến sĩ', 'HS073');
INSERT INTO ADMIN.CHITIETHOSO VALUES (2, N'Chứng chỉ', N'Chứng chỉ IELTS', 'HS073');
INSERT INTO ADMIN.CHITIETHOSO VALUES (1, N'Bằng cấp', N'Bằng tốt nghiệp THCS', 'HS074');
INSERT INTO ADMIN.CHITIETHOSO VALUES (2, N'Chứng chỉ', N'Chứng chỉ MOS', 'HS074');
INSERT INTO ADMIN.CHITIETHOSO VALUES (1, N'Bằng cấp', N'Bằng thạc sĩ', 'HS075');
INSERT INTO ADMIN.CHITIETHOSO VALUES (2, N'Chứng chỉ', N'Chứng chỉ OCA', 'HS075');
INSERT INTO ADMIN.CHITIETHOSO VALUES (1, N'Bằng cấp', N'Bằng thạc sĩ', 'HS076');
INSERT INTO ADMIN.CHITIETHOSO VALUES (2, N'Chứng chỉ', N'Chứng Chỉ Udemy', 'HS076');
INSERT INTO ADMIN.CHITIETHOSO VALUES (1, N'Bằng cấp', N'Bằng tốt nghiệp THPT', 'HS077');
INSERT INTO ADMIN.CHITIETHOSO VALUES (2, N'Chứng chỉ', N'Chứng chỉ IELTS', 'HS077');
INSERT INTO ADMIN.CHITIETHOSO VALUES (1, N'Bằng cấp', N'Bằng thạc sĩ', 'HS078');
INSERT INTO ADMIN.CHITIETHOSO VALUES (2, N'Chứng chỉ', N'Chứng chỉ MOS', 'HS078');
INSERT INTO ADMIN.CHITIETHOSO VALUES (1, N'Bằng cấp', N'Bằng thạc sĩ', 'HS079');
INSERT INTO ADMIN.CHITIETHOSO VALUES (2, N'Chứng chỉ', N'Chứng chỉ OCB', 'HS079');
INSERT INTO ADMIN.CHITIETHOSO VALUES (1, N'Bằng cấp', N'Bằng thạc sĩ', 'HS080');
INSERT INTO ADMIN.CHITIETHOSO VALUES (2, N'Chứng chỉ', N'Chứng chỉ OCB', 'HS080');
INSERT INTO ADMIN.CHITIETHOSO VALUES (1, N'Bằng cấp', N'Bằng tốt nghiệp THCS', 'HS081');
INSERT INTO ADMIN.CHITIETHOSO VALUES (2, N'Chứng chỉ', N'Chứng Chỉ Udemy', 'HS081');
INSERT INTO ADMIN.CHITIETHOSO VALUES (1, N'Bằng cấp', N'Bằng thạc sĩ', 'HS082');
INSERT INTO ADMIN.CHITIETHOSO VALUES (2, N'Chứng chỉ', N'Chứng chỉ OCA', 'HS082');
INSERT INTO ADMIN.CHITIETHOSO VALUES (1, N'Bằng cấp', N'Bằng tốt nghiệp THCS', 'HS083');
INSERT INTO ADMIN.CHITIETHOSO VALUES (2, N'Chứng chỉ', N'Chứng chỉ MOS', 'HS083');
INSERT INTO ADMIN.CHITIETHOSO VALUES (1, N'Bằng cấp', N'Bằng tốt nghiệp THPT', 'HS084');
INSERT INTO ADMIN.CHITIETHOSO VALUES (2, N'Chứng chỉ', N'Chứng chỉ IELTS', 'HS084');
INSERT INTO ADMIN.CHITIETHOSO VALUES (1, N'Bằng cấp', N'Bằng tốt nghiệp THCS', 'HS085');
INSERT INTO ADMIN.CHITIETHOSO VALUES (2, N'Chứng chỉ', N'Chứng chỉ TOEFL', 'HS085');
INSERT INTO ADMIN.CHITIETHOSO VALUES (1, N'Bằng cấp', N'Bằng tốt nghiệp THCS', 'HS086');
INSERT INTO ADMIN.CHITIETHOSO VALUES (2, N'Chứng chỉ', N'Chứng chỉ IELTS', 'HS086');
INSERT INTO ADMIN.CHITIETHOSO VALUES (1, N'Bằng cấp', N'Bằng tốt nghiệp THPT', 'HS087');
INSERT INTO ADMIN.CHITIETHOSO VALUES (2, N'Chứng chỉ', N'Chứng chỉ TOEIC', 'HS087');
INSERT INTO ADMIN.CHITIETHOSO VALUES (1, N'Bằng cấp', N'Bằng thạc sĩ', 'HS088');
INSERT INTO ADMIN.CHITIETHOSO VALUES (2, N'Chứng chỉ', N'Chứng chỉ OCA', 'HS088');
INSERT INTO ADMIN.CHITIETHOSO VALUES (1, N'Bằng cấp', N'Bằng thạc sĩ', 'HS089');
INSERT INTO ADMIN.CHITIETHOSO VALUES (2, N'Chứng chỉ', N'Chứng chỉ OCB', 'HS089');
INSERT INTO ADMIN.CHITIETHOSO VALUES (1, N'Bằng cấp', N'Bằng tốt nghiệp tiểu học', 'HS090');
INSERT INTO ADMIN.CHITIETHOSO VALUES (2, N'Chứng chỉ', N'Chứng chỉ Coursera', 'HS090');
INSERT INTO ADMIN.CHITIETHOSO VALUES (1, N'Bằng cấp', N'Bằng cử nhân', 'HS091');
INSERT INTO ADMIN.CHITIETHOSO VALUES (2, N'Chứng chỉ', N'Chứng chỉ MOS', 'HS091');
INSERT INTO ADMIN.CHITIETHOSO VALUES (1, N'Bằng cấp', N'Bằng tốt nghiệp THPT', 'HS092');
INSERT INTO ADMIN.CHITIETHOSO VALUES (2, N'Chứng chỉ', N'Chứng chỉ IELTS', 'HS092');
INSERT INTO ADMIN.CHITIETHOSO VALUES (1, N'Bằng cấp', N'Bằng cử nhân', 'HS093');
INSERT INTO ADMIN.CHITIETHOSO VALUES (2, N'Chứng chỉ', N'Chứng chỉ OCA', 'HS093');
INSERT INTO ADMIN.CHITIETHOSO VALUES (1, N'Bằng cấp', N'Bằng tốt nghiệp tiểu học', 'HS094');
INSERT INTO ADMIN.CHITIETHOSO VALUES (2, N'Chứng chỉ', N'Chứng chỉ IELTS', 'HS094');
INSERT INTO ADMIN.CHITIETHOSO VALUES (1, N'Bằng cấp', N'Bằng tốt nghiệp THCS', 'HS095');
INSERT INTO ADMIN.CHITIETHOSO VALUES (2, N'Chứng chỉ', N'Chứng chỉ LinkedIn', 'HS095');
INSERT INTO ADMIN.CHITIETHOSO VALUES (1, N'Bằng cấp', N'Bằng tốt nghiệp THPT', 'HS096');
INSERT INTO ADMIN.CHITIETHOSO VALUES (2, N'Chứng chỉ', N'Chứng Chỉ Udemy', 'HS096');
INSERT INTO ADMIN.CHITIETHOSO VALUES (1, N'Bằng cấp', N'Bằng cử nhân', 'HS097');
INSERT INTO ADMIN.CHITIETHOSO VALUES (2, N'Chứng chỉ', N'Chứng chỉ MOS', 'HS097');
INSERT INTO ADMIN.CHITIETHOSO VALUES (1, N'Bằng cấp', N'Bằng tốt nghiệp THPT', 'HS098');
INSERT INTO ADMIN.CHITIETHOSO VALUES (2, N'Chứng chỉ', N'Chứng chỉ OCA', 'HS098');
INSERT INTO ADMIN.CHITIETHOSO VALUES (1, N'Bằng cấp', N'Bằng tốt nghiệp tiểu học', 'HS099');
INSERT INTO ADMIN.CHITIETHOSO VALUES (2, N'Chứng chỉ', N'Chứng chỉ IELTS', 'HS099');
INSERT INTO ADMIN.CHITIETHOSO VALUES (1, N'Bằng cấp', N'Bằng tiến sĩ', 'HS100');
INSERT INTO ADMIN.CHITIETHOSO VALUES (2, N'Chứng chỉ', N'Chứng chỉ OCB', 'HS100');


INSERT INTO ADMIN.DOANHNGHIEP VALUES ('CTY001', N'Công Ty TNHH Bảo hiểm Ngọc Hồng', '9253459130', N'Hà Hữu Hùng', N'Ninh Bình', 'ngochong.company@gmail.com', 'DN789');
INSERT INTO ADMIN.DOANHNGHIEP VALUES ('CTY002', N'Công Ty Cổ Phần Thu ngân Văn Hạnh', '3121534987', N'Chu Đăng Phương', N'Hòa Bình', 'vanhanh.company@gmail.com', 'DN789');
INSERT INTO ADMIN.DOANHNGHIEP VALUES ('CTY003', N'Tập đoàn Marketing Đăng Anh', '1941976282', N'Trương Đăng Nam', N'Kiên Giang', 'danganh.company@gmail.com', 'DN789');
INSERT INTO ADMIN.DOANHNGHIEP VALUES ('CTY004', N'Tập đoàn Bảo hiểm Bảo Hương', '4474092339', N'Trần Hương Phương', N'Kiên Giang', 'baohuong.company@gmail.com', 'DN789');
INSERT INTO ADMIN.DOANHNGHIEP VALUES ('CTY005', N'Công Ty TNHH Marketing Hạnh Hương', '6693182873', N'Trịnh Hùng Hà', N'Vĩnh Long', 'hanhhuong.company@gmail.com', 'DN789');
INSERT INTO ADMIN.DOANHNGHIEP VALUES ('CTY006', N'Công Ty Cổ Phần Bán hàng Thịnh Trang', '9541117983', N'Đặng Thủy Hạnh', N'Tiền Giang', 'thinhtrang.company@gmail.com', 'DN789');
INSERT INTO ADMIN.DOANHNGHIEP VALUES ('CTY007', N'Tập đoàn Hỗ trợ Hải Hưng', '5166118871', N'Võ Hữu Nam', N'Tiền Giang', 'haihung.company@gmail.com', 'DN789');
INSERT INTO ADMIN.DOANHNGHIEP VALUES ('CTY008', N'Công Ty Cổ Phần Tài chính Bảo Việt', '9300747279', N'Tô Hồng Hưng', N'Gia lai', 'baoviet.company@gmail.com', 'DN789');
INSERT INTO ADMIN.DOANHNGHIEP VALUES ('CTY009', N'Công Ty TNHH Marketing Minh Hoa', '3843783696', N'Trịnh Hạnh Việt', N'Khánh Hòa', 'minhhoa.company@gmail.com', 'DN789');
INSERT INTO ADMIN.DOANHNGHIEP VALUES ('CTY010', N'Công Ty Cổ Phần Bảo trì Hà Thủy', '5035490843', N'Đinh Ngọc Hoa', N'Hà Tĩnh', 'hathuy.company@gmail.com', 'DN789');
INSERT INTO ADMIN.DOANHNGHIEP VALUES ('CTY011', N'Công Ty Cổ Phần Bảo trì Hùng Nam', '8234508021', N'Bùi Lê Phương', N'Đắk Nông', 'hungnam.company@gmail.com', 'DN789');
INSERT INTO ADMIN.DOANHNGHIEP VALUES ('CTY012', N'Công Ty Cổ Phần Bảo hiểm Thịnh Linh', '6331450404', N'Hồ Hải Thủy', N'Đồng Nai', 'thinhlinh.company@gmail.com', 'DN789');
INSERT INTO ADMIN.DOANHNGHIEP VALUES ('CTY013', N'Công Ty Cổ Phần Bảo vệ Hưng Việt', '9838560687', N'Đỗ Trung Hải', N'Thừa Thiên Huế', 'hungviet.company@gmail.com', 'DN789');
INSERT INTO ADMIN.DOANHNGHIEP VALUES ('CTY014', N'Công Ty TNHH Kỹ thuật Hùng Huy', '1690122572', N'Từ Hưng Hạnh', N'Đồng Tháp', 'hunghuy.company@gmail.com', 'DN789');
INSERT INTO ADMIN.DOANHNGHIEP VALUES ('CTY015', N'Tập đoàn Tư vấn Hưng Tùng', '5655619393', N'Tô Hà Huy', N'Hòa Bình', 'hungtung.company@gmail.com', 'DN789');
INSERT INTO ADMIN.DOANHNGHIEP VALUES ('CTY016', N'Công Ty Cổ Phần Bảo vệ Hà Hà', '7543760445', N'Phùng Ngọc Anh', N'Bình Thuận', 'haha.company@gmail.com', 'DN789');
INSERT INTO ADMIN.DOANHNGHIEP VALUES ('CTY017', N'Công Ty TNHH Thu ngân Văn Tùng', '6813903319', N'Hoàng Minh Trang', N'Bến Tre', 'vantung.company@gmail.com', 'DN789');
INSERT INTO ADMIN.DOANHNGHIEP VALUES ('CTY018', N'Công Ty TNHH Kế toán Hồng Anh', '4008054653', N'Ngô Lê Hùng', N'Bình Dương', 'honganh.company@gmail.com', 'DN789');
INSERT INTO ADMIN.DOANHNGHIEP VALUES ('CTY019', N'Công Ty TNHH Marketing Trung Hoa', '3551716847', N'Thạch Hữu Hồng', N'Quảng Ngãi', 'trunghoa.company@gmail.com', 'DN789');
INSERT INTO ADMIN.DOANHNGHIEP VALUES ('CTY020', N'Công Ty Cổ Phần Bất động sản Thịnh Hải', '6350769906', N'Đỗ Hạnh Trang', N'Thanh Hóa', 'thinhhai.company@gmail.com', 'DN789');
INSERT INTO ADMIN.DOANHNGHIEP VALUES ('CTY021', N'Tập đoàn Thể thao Hưng Huy', '9635822128', N'Bùi Hải Việt', N'Lâm Đồng', 'hunghuy.company@gmail.com', 'DN789');
INSERT INTO ADMIN.DOANHNGHIEP VALUES ('CTY022', N'Công Ty Cổ Phần Tài chính Hải Hà', '1766584257', N'Lý Lê Hà', N'Quảng Bình', 'haiha.company@gmail.com', 'DN789');
INSERT INTO ADMIN.DOANHNGHIEP VALUES ('CTY023', N'Tập đoàn Kế toán Lê Trang', '9842169801', N'Lý Đăng Hồng', N'Nam Định', 'letrang.company@gmail.com', 'DN789');
INSERT INTO ADMIN.DOANHNGHIEP VALUES ('CTY024', N'Công Ty TNHH Giáo dục Văn Hương', '2061219545', N'Tô Hải Hà', N'Khánh Hòa', 'vanhuong.company@gmail.com', 'DN789');
INSERT INTO ADMIN.DOANHNGHIEP VALUES ('CTY025', N'Công Ty Cổ Phần Bảo hiểm Hồng Linh', '6967097136', N'Tạ Lê Thủy', N'Thái Bình', 'honglinh.company@gmail.com', 'DN789');
INSERT INTO ADMIN.DOANHNGHIEP VALUES ('CTY026', N'Công Ty Cổ Phần Dịch vụ Thịnh Anh', '4212511302', N'Nguyễn Hạnh Anh', N'Yên Bái', 'thinhanh.company@gmail.com', 'DN789');
INSERT INTO ADMIN.DOANHNGHIEP VALUES ('CTY027', N'Công Ty Cổ Phần Kỹ thuật Hùng Thảo', '2553622478', N'Đặng Thủy Hương', N'Đà Nẵng', 'hungthao.company@gmail.com', 'DN789');
INSERT INTO ADMIN.DOANHNGHIEP VALUES ('CTY028', N'Công Ty Cổ Phần Phục vụ Lê Hạnh', '9584056846', N'Tiêu Thị Huy', N'Hà Nam', 'lehanh.company@gmail.com', 'DN789');
INSERT INTO ADMIN.DOANHNGHIEP VALUES ('CTY029', N'Tập đoàn Giáo dục Bảo Nam', '9942733657', N'Sử Hải Hà', N'Vĩnh Long', 'baonam.company@gmail.com', 'DN789');
INSERT INTO ADMIN.DOANHNGHIEP VALUES ('CTY030', N'Công Ty Cổ Phần Bảo vệ Thủy Nam', '4507357614', N'Nguyễn Lê Anh', N'Thừa Thiên Huế', 'thuynam.company@gmail.com', 'DN789');
INSERT INTO ADMIN.DOANHNGHIEP VALUES ('CTY031', N'Tập đoàn Y tế Hùng Thảo', '3190662315', N'Huỳnh Ngọc Hùng', N'Lâm Đồng', 'hungthao.company@gmail.com', 'DN789');
INSERT INTO ADMIN.DOANHNGHIEP VALUES ('CTY032', N'Tập đoàn Thể thao Hùng Hương', '8813021261', N'Tiêu Hồng Nam', N'Bắc Giang', 'hunghuong.company@gmail.com', 'DN789');
INSERT INTO ADMIN.DOANHNGHIEP VALUES ('CTY033', N'Tập đoàn Bất động sản Thịnh Hưng', '7567255534', N'Ngô Thủy Tùng', N'Bắc Ninh', 'thinhhung.company@gmail.com', 'DN789');
INSERT INTO ADMIN.DOANHNGHIEP VALUES ('CTY034', N'Công Ty TNHH Bảo vệ Ngọc Thủy', '6604401542', N'Thạch Thịnh Thủy', N'Bến Tre', 'ngocthuy.company@gmail.com', 'DN789');
INSERT INTO ADMIN.DOANHNGHIEP VALUES ('CTY035', N'Tập đoàn IT Hải Hoa', '4970574521', N'Đặng Hữu Hà', N'Đắk Lắk', 'haihoa.company@gmail.com', 'DN789');
INSERT INTO ADMIN.DOANHNGHIEP VALUES ('CTY036', N'Công Ty TNHH Kinh doanh Lê Hoa', '7953431050', N'Trần Hồng Thủy', N'Quảng Ngãi', 'lehoa.company@gmail.com', 'DN789');
INSERT INTO ADMIN.DOANHNGHIEP VALUES ('CTY037', N'Công Ty TNHH Bảo hiểm Thị Hưng', '6336028207', N'Trần Bảo Hùng', N'Quảng Ngãi', 'thihung.company@gmail.com', 'DN789');
INSERT INTO ADMIN.DOANHNGHIEP VALUES ('CTY038', N'Tập đoàn Văn phòng Hưng Hà', '7850337657', N'Phan Thuỳ Thu', N'Cà mau', 'hungha.company@gmail.com', 'DN789');
INSERT INTO ADMIN.DOANHNGHIEP VALUES ('CTY039', N'Tập đoàn Thể thao Minh Hoa', '1921782850', N'Bùi Trung Hưng', N'Khánh Hòa', 'minhhoa.company@gmail.com', 'DN789');
INSERT INTO ADMIN.DOANHNGHIEP VALUES ('CTY040', N'Tập đoàn Văn phòng Đăng Việt', '2958086405', N'Đinh Minh Việt', N'Sóc Trăng', 'dangviet.company@gmail.com', 'DN789');
INSERT INTO ADMIN.DOANHNGHIEP VALUES ('CTY041', N'Tập đoàn Dịch vụ Thủy Nam', '4027659124', N'Phạm Hưng Linh', N'Quảng Bình', 'thuynam.company@gmail.com', 'DN789');
INSERT INTO ADMIN.DOANHNGHIEP VALUES ('CTY042', N'Công Ty TNHH Giáo dục Văn Tùng', '2111314267', N'Vũ Đăng Tùng', N'Bình Dương', 'vantung.company@gmail.com', 'DN789');
INSERT INTO ADMIN.DOANHNGHIEP VALUES ('CTY043', N'Công Ty TNHH Phục vụ Lê Hải', '4750276104', N'Trần Bảo Việt', N'Bình Dương', 'lehai.company@gmail.com', 'DN789');
INSERT INTO ADMIN.DOANHNGHIEP VALUES ('CTY044', N'Tập đoàn Kế toán Bảo Thu', '5736162535', N'Ngô Hồng Phương', N'Kiên Giang', 'baothu.company@gmail.com', 'DN789');
INSERT INTO ADMIN.DOANHNGHIEP VALUES ('CTY045', N'Công Ty Cổ Phần Tài chính Thuỳ Thảo', '4472690237', N'Huỳnh Thị Thu', N'Quảng Ngãi', 'thuythao.company@gmail.com', 'DN789');
INSERT INTO ADMIN.DOANHNGHIEP VALUES ('CTY046', N'Công Ty TNHH Thể thao Lê Nam', '6536341152', N'Sử Trung Anh', N'Hưng Yên', 'lenam.company@gmail.com', 'DN789');
INSERT INTO ADMIN.DOANHNGHIEP VALUES ('CTY047', N'Tập đoàn Hỗ trợ Hải Linh', '4784974059', N'Thái Bảo Trang', N'Vĩnh Phúc', 'hailinh.company@gmail.com', 'DN789');
INSERT INTO ADMIN.DOANHNGHIEP VALUES ('CTY048', N'Tập đoàn Bất động sản Hùng Hùng', '5375658773', N'Võ Hà Hạnh', N'Bình Dương', 'hunghung.company@gmail.com', 'DN789');
INSERT INTO ADMIN.DOANHNGHIEP VALUES ('CTY049', N'Công Ty Cổ Phần Kinh doanh Hùng Anh', '4234721991', N'Hồ Hải Việt', N'Vĩnh Phúc', 'hunganh.company@gmail.com', 'DN789');
INSERT INTO ADMIN.DOANHNGHIEP VALUES ('CTY050', N'Tập đoàn Quản lý Minh Hương', '5743090606', N'Bùi Hạnh Thu', N'Hải Phòng', 'minhhuong.company@gmail.com', 'DN789');
INSERT INTO ADMIN.DOANHNGHIEP VALUES ('CTY051', N'Tập đoàn Quản lý Thị Huy', '3635502898', N'Đào Hùng Nam', N'Kon Tum', 'thihuy.company@gmail.com', 'DN789');
INSERT INTO ADMIN.DOANHNGHIEP VALUES ('CTY052', N'Công Ty TNHH Sản xuất Thịnh Hải', '5111138232', N'Đào Ngọc Thu', N'Thanh Hóa', 'thinhhai.company@gmail.com', 'DN789');
INSERT INTO ADMIN.DOANHNGHIEP VALUES ('CTY053', N'Công Ty Cổ Phần Giáo dục Hồng Thủy', '1663921810', N'Trịnh Văn Hương', N'Cà mau', 'hongthuy.company@gmail.com', 'DN789');
INSERT INTO ADMIN.DOANHNGHIEP VALUES ('CTY054', N'Tập đoàn Phục vụ Hải Hưng', '1060781813', N'Sơn Hải Tùng', N'Gia lai', 'haihung.company@gmail.com', 'DN789');
INSERT INTO ADMIN.DOANHNGHIEP VALUES ('CTY055', N'Công Ty Cổ Phần Tài chính Thịnh Anh', '1446565290', N'Mai Bảo Hùng', N'Hải Dương', 'thinhanh.company@gmail.com', 'DN789');
INSERT INTO ADMIN.DOANHNGHIEP VALUES ('CTY056', N'Công Ty TNHH Kế toán Hải Hoa', '7985370877', N'Đoàn Trung Phương', N'Bình Thuận', 'haihoa.company@gmail.com', 'DN789');
INSERT INTO ADMIN.DOANHNGHIEP VALUES ('CTY057', N'Công Ty TNHH Vận chuyển Hưng Thảo', '4912268117', N'Nguyễn Văn Trang', N'Hòa Bình', 'hungthao.company@gmail.com', 'DN789');
INSERT INTO ADMIN.DOANHNGHIEP VALUES ('CTY058', N'Công Ty Cổ Phần Vận chuyển Hải Anh', '3556787998', N'Phùng Hà Hồng', N'Hậu Giang', 'haianh.company@gmail.com', 'DN789');
INSERT INTO ADMIN.DOANHNGHIEP VALUES ('CTY059', N'Tập đoàn Kinh doanh Thuỳ Tùng', '4515447983', N'Đinh Hải Nam', N'Tuyên Quang', 'thuytung.company@gmail.com', 'DN789');
INSERT INTO ADMIN.DOANHNGHIEP VALUES ('CTY060', N'Tập đoàn Bán hàng Hưng Thủy', '9873195752', N'Huỳnh Bảo Nam', N'Lai Châu', 'hungthuy.company@gmail.com', 'DN789');
INSERT INTO ADMIN.DOANHNGHIEP VALUES ('CTY061', N'Tập đoàn Thể thao Thịnh Hưng', '6470248881', N'Tăng Thủy Nam', N'Trà Vinh', 'thinhhung.company@gmail.com', 'DN789');
INSERT INTO ADMIN.DOANHNGHIEP VALUES ('CTY062', N'Công Ty TNHH Văn phòng Đăng Thủy', '9228871354', N'Tiêu Bảo Hương', N'Lào Cai', 'dangthuy.company@gmail.com', 'DN789');
INSERT INTO ADMIN.DOANHNGHIEP VALUES ('CTY063', N'Tập đoàn Tài chính Đăng Hà', '2396218404', N'Thái Hữu Trang', N'Lai Châu', 'dangha.company@gmail.com', 'DN789');
INSERT INTO ADMIN.DOANHNGHIEP VALUES ('CTY064', N'Tập đoàn Hỗ trợ Bảo Hà', '9972620947', N'Huỳnh Thủy Thủy', N'Quảng Bình', 'baoha.company@gmail.com', 'DN789');
INSERT INTO ADMIN.DOANHNGHIEP VALUES ('CTY065', N'Công Ty Cổ Phần Marketing Ngọc Nam', '8301828763', N'Thái Đăng Thảo', N'Sóc Trăng', 'ngocnam.company@gmail.com', 'DN789');
INSERT INTO ADMIN.DOANHNGHIEP VALUES ('CTY066', N'Công Ty TNHH Vận chuyển Ngọc Hương', '2532956117', N'Đào Lê Huy', N'Đà Nẵng', 'ngochuong.company@gmail.com', 'DN789');
INSERT INTO ADMIN.DOANHNGHIEP VALUES ('CTY067', N'Công Ty Cổ Phần Quản lý Hương Hạnh', '5190890127', N'Đoàn Hà Phương', N'Lạng Sơn', 'huonghanh.company@gmail.com', 'DN789');
INSERT INTO ADMIN.DOANHNGHIEP VALUES ('CTY068', N'Công Ty Cổ Phần Bảo vệ Hồng Hùng', '2218472878', N'Hà Minh Hồng', N'Hưng Yên', 'honghung.company@gmail.com', 'DN789');
INSERT INTO ADMIN.DOANHNGHIEP VALUES ('CTY069', N'Công Ty TNHH Vận chuyển Bảo Thu', '3513860474', N'Sơn Đăng Tùng', N'Tiền Giang', 'baothu.company@gmail.com', 'DN789');
INSERT INTO ADMIN.DOANHNGHIEP VALUES ('CTY070', N'Công Ty TNHH Vận chuyển Thị Việt', '8870387764', N'Bùi Văn Trang', N'Thái Nguyên', 'thiviet.company@gmail.com', 'DN789');
INSERT INTO ADMIN.DOANHNGHIEP VALUES ('CTY071', N'Tập đoàn Kế toán Hùng Hùng', '5204420622', N'Trịnh Hùng Hùng', N'Thái Bình', 'hunghung.company@gmail.com', 'DN789');
INSERT INTO ADMIN.DOANHNGHIEP VALUES ('CTY072', N'Công Ty Cổ Phần Tài chính Đăng Nam', '5754024587', N'Nguyễn Bảo Việt', N'Bắc Ninh', 'dangnam.company@gmail.com', 'DN789');
INSERT INTO ADMIN.DOANHNGHIEP VALUES ('CTY073', N'Tập đoàn Sản xuất Đăng Hùng', '5038000158', N'Phạm Lê Hải', N'Trà Vinh', 'danghung.company@gmail.com', 'DN789');
INSERT INTO ADMIN.DOANHNGHIEP VALUES ('CTY074', N'Công Ty TNHH Tư vấn Hương Linh', '8707913127', N'Võ Thủy Anh', N'Hà Nội', 'huonglinh.company@gmail.com', 'DN789');
INSERT INTO ADMIN.DOANHNGHIEP VALUES ('CTY075', N'Tập đoàn IT Hưng Phương', '6701054191', N'Tô Thị Hoa', N'Khánh Hòa', 'hungphuong.company@gmail.com', 'DN789');
INSERT INTO ADMIN.DOANHNGHIEP VALUES ('CTY076', N'Tập đoàn Thu ngân Thuỳ Hà', '6293733544', N'Trần Hồng Phương', N'Thái Nguyên', 'thuyha.company@gmail.com', 'DN789');
INSERT INTO ADMIN.DOANHNGHIEP VALUES ('CTY077', N'Tập đoàn IT Hùng Thủy', '5271788569', N'Hà Hưng Thủy', N'Kon Tum', 'hungthuy.company@gmail.com', 'DN789');
INSERT INTO ADMIN.DOANHNGHIEP VALUES ('CTY078', N'Tập đoàn Bảo hiểm Hương Việt', '1952746828', N'Trịnh Thuỳ Hưng', N'Phú Thọ', 'huongviet.company@gmail.com', 'DN789');
INSERT INTO ADMIN.DOANHNGHIEP VALUES ('CTY079', N'Công Ty Cổ Phần Hỗ trợ Hạnh Hoa', '8553923227', N'Tạ Ngọc Hương', N'Thái Bình', 'hanhhoa.company@gmail.com', 'DN789');
INSERT INTO ADMIN.DOANHNGHIEP VALUES ('CTY080', N'Công Ty TNHH Bất động sản Thuỳ Thu', '5273761287', N'Chu Thị Huy', N'Bắc Giang', 'thuythu.company@gmail.com', 'DN789');
INSERT INTO ADMIN.DOANHNGHIEP VALUES ('CTY081', N'Tập đoàn Tài chính Hồng Hồng', '8892786877', N'Tô Thịnh Phương', N'Quảng Bình', 'honghong.company@gmail.com', 'DN789');
INSERT INTO ADMIN.DOANHNGHIEP VALUES ('CTY082', N'Công Ty Cổ Phần Văn phòng Thuỳ Thủy', '6345930922', N'Đinh Thủy Hương', N'Ninh Bình', 'thuythuy.company@gmail.com', 'DN789');
INSERT INTO ADMIN.DOANHNGHIEP VALUES ('CTY083', N'Tập đoàn Thể thao Hùng Huy', '4066473424', N'Chu Thị Hùng', N'Lào Cai', 'hunghuy.company@gmail.com', 'DN789');
INSERT INTO ADMIN.DOANHNGHIEP VALUES ('CTY084', N'Công Ty Cổ Phần Nghệ thuật Hồng Thảo', '5633365767', N'Phùng Hương Việt', N'Hà Tĩnh', 'hongthao.company@gmail.com', 'DN789');
INSERT INTO ADMIN.DOANHNGHIEP VALUES ('CTY085', N'Tập đoàn Giáo dục Thị Hà', '7787903269', N'Hà Thuỳ Thu', N'Thái Nguyên', 'thiha.company@gmail.com', 'DN789');
INSERT INTO ADMIN.DOANHNGHIEP VALUES ('CTY086', N'Công Ty Cổ Phần Tài chính Lê Thảo', '9201639931', N'Trịnh Đăng Hạnh', N'Khánh Hòa', 'lethao.company@gmail.com', 'DN789');
INSERT INTO ADMIN.DOANHNGHIEP VALUES ('CTY087', N'Công Ty TNHH Kỹ thuật Thủy Trang', '3177260976', N'Võ Lê Việt', N'Thừa Thiên Huế', 'thuytrang.company@gmail.com', 'DN789');
INSERT INTO ADMIN.DOANHNGHIEP VALUES ('CTY088', N'Công Ty Cổ Phần Tư vấn Minh Linh', '8155533376', N'Mai Ngọc Thủy', N'Tây Ninh', 'minhlinh.company@gmail.com', 'DN789');
INSERT INTO ADMIN.DOANHNGHIEP VALUES ('CTY089', N'Công Ty TNHH Kinh doanh Bảo Hạnh', '3224930136', N'Nguyễn Hữu Thủy', N'Tiền Giang', 'baohanh.company@gmail.com', 'DN789');
INSERT INTO ADMIN.DOANHNGHIEP VALUES ('CTY090', N'Công Ty Cổ Phần Tài chính Hải Linh', '9591986130', N'Thạch Đăng Linh', N'Hưng Yên', 'hailinh.company@gmail.com', 'DN789');
INSERT INTO ADMIN.DOANHNGHIEP VALUES ('CTY091', N'Công Ty Cổ Phần Bảo trì Thủy Nam', '5152682030', N'Huỳnh Hồng Hoa', N'Hậu Giang', 'thuynam.company@gmail.com', 'DN789');
INSERT INTO ADMIN.DOANHNGHIEP VALUES ('CTY092', N'Công Ty TNHH Y tế Hạnh Hùng', '8370693607', N'Hà Đăng Thủy', N'Tuyên Quang', 'hanhhung.company@gmail.com', 'DN789');
INSERT INTO ADMIN.DOANHNGHIEP VALUES ('CTY093', N'Công Ty Cổ Phần Sản xuất Hùng Hải', '8648188947', N'Từ Thủy Thu', N'Bình Dương', 'hunghai.company@gmail.com', 'DN789');
INSERT INTO ADMIN.DOANHNGHIEP VALUES ('CTY094', N'Công Ty Cổ Phần Bảo vệ Thủy Hạnh', '4100673053', N'Tiêu Hồng Hoa', N'Phú Thọ', 'thuyhanh.company@gmail.com', 'DN789');
INSERT INTO ADMIN.DOANHNGHIEP VALUES ('CTY095', N'Công Ty Cổ Phần Marketing Minh Thủy', '1316417839', N'Vũ Lê Tùng', N'Hải Phòng', 'minhthuy.company@gmail.com', 'DN789');
INSERT INTO ADMIN.DOANHNGHIEP VALUES ('CTY096', N'Công Ty TNHH Y tế Lê Huy', '8957502339', N'Phùng Thịnh Thảo', N'Gia lai', 'lehuy.company@gmail.com', 'DN789');
INSERT INTO ADMIN.DOANHNGHIEP VALUES ('CTY097', N'Tập đoàn Dịch vụ Trung Việt', '2386955041', N'Thạch Ngọc Nam', N'Lào Cai', 'trungviet.company@gmail.com', 'DN789');
INSERT INTO ADMIN.DOANHNGHIEP VALUES ('CTY098', N'Công Ty TNHH Văn phòng Thịnh Hùng', '8623652177', N'Ngô Bảo Huy', N'Nam Định', 'thinhhung.company@gmail.com', 'DN789');
INSERT INTO ADMIN.DOANHNGHIEP VALUES ('CTY099', N'Công Ty Cổ Phần Dịch vụ Trung Anh', '9013390632', N'Hà Bảo Hồng', N'Bắc Ninh', 'trunganh.company@gmail.com', 'DN789');
INSERT INTO ADMIN.DOANHNGHIEP VALUES ('CTY100', N'Công Ty TNHH Văn phòng Hạnh Hải', '9448226183', N'Sơn Lê Phương', N'Quảng Bình', 'hanhhai.company@gmail.com', 'DN789');
INSERT INTO ADMIN.DOANHNGHIEP VALUES ('CTY101', N'Công Ty TNHH Nghệ thuật Thuỳ Hà', '3331635026', N'Trịnh Hùng Trang', N'Lạng Sơn', 'thuyha.company@gmail.com', 'DN789');
INSERT INTO ADMIN.DOANHNGHIEP VALUES ('CTY102', N'Tập đoàn Phục vụ Trung Hoa', '3005910460', N'Hoàng Minh Hùng', N'Bắc Ninh', 'trunghoa.company@gmail.com', 'DN789');
INSERT INTO ADMIN.DOANHNGHIEP VALUES ('CTY103', N'Công Ty Cổ Phần Nghệ thuật Hồng Thu', '1753524698', N'Chu Thủy Phương', N'Phú Thọ', 'hongthu.company@gmail.com', 'DN789');
INSERT INTO ADMIN.DOANHNGHIEP VALUES ('CTY104', N'Tập đoàn Nghệ thuật Văn Hương', '5768392894', N'Lê Ngọc Việt', N'Cà mau', 'vanhuong.company@gmail.com', 'DN789');
INSERT INTO ADMIN.DOANHNGHIEP VALUES ('CTY105', N'Công Ty TNHH Giáo dục Văn Nam', '3067606743', N'Ngô Thủy Thủy', N'Quảng Bình', 'vannam.company@gmail.com', 'DN789');
INSERT INTO ADMIN.DOANHNGHIEP VALUES ('CTY106', N'Công Ty TNHH Văn phòng Hạnh Huy', '4043673637', N'Đoàn Hương Tùng', N'Ninh Thuận', 'hanhhuy.company@gmail.com', 'DN789');
INSERT INTO ADMIN.DOANHNGHIEP VALUES ('CTY107', N'Công Ty Cổ Phần Kế toán Bảo Hải', '5016299491', N'Từ Hồng Thảo', N'Hưng Yên', 'baohai.company@gmail.com', 'DN789');
INSERT INTO ADMIN.DOANHNGHIEP VALUES ('CTY108', N'Công Ty Cổ Phần Tư vấn Lê Trang', '2598635825', N'Sơn Bảo Nam', N'Đồng Tháp', 'letrang.company@gmail.com', 'DN789');
INSERT INTO ADMIN.DOANHNGHIEP VALUES ('CTY109', N'Công Ty TNHH Giáo dục Hải Hoa', '7014626288', N'Hà Thị Tùng', N'Hậu Giang', 'haihoa.company@gmail.com', 'DN789');
INSERT INTO ADMIN.DOANHNGHIEP VALUES ('CTY110', N'Công Ty TNHH Quản lý Hải Hà', '2536893983', N'Trịnh Hạnh Thảo', N'Bến Tre', 'haiha.company@gmail.com', 'DN789');
INSERT INTO ADMIN.DOANHNGHIEP VALUES ('CTY111', N'Công Ty Cổ Phần Quản lý Văn Tùng', '4016301103', N'Tăng Minh Hương', N'Thái Bình', 'vantung.company@gmail.com', 'DN789');
INSERT INTO ADMIN.DOANHNGHIEP VALUES ('CTY112', N'Công Ty Cổ Phần Giáo dục Thuỳ Thu', '7850203133', N'Đào Ngọc Hùng', N'Bắc Ninh', 'thuythu.company@gmail.com', 'DN789');
INSERT INTO ADMIN.DOANHNGHIEP VALUES ('CTY113', N'Công Ty Cổ Phần Giáo dục Thị Việt', '6603569747', N'Đào Lê Anh', N'Thái Bình', 'thiviet.company@gmail.com', 'DN789');
INSERT INTO ADMIN.DOANHNGHIEP VALUES ('CTY114', N'Công Ty TNHH Bán hàng Minh Việt', '8685717813', N'Tô Hà Anh', N'Kiên Giang', 'minhviet.company@gmail.com', 'DN789');
INSERT INTO ADMIN.DOANHNGHIEP VALUES ('CTY115', N'Công Ty TNHH Hỗ trợ Thuỳ Hồng', '5704710253', N'Bùi Hải Thủy', N'Sơn La', 'thuyhong.company@gmail.com', 'DN789');
INSERT INTO ADMIN.DOANHNGHIEP VALUES ('CTY116', N'Công Ty Cổ Phần Kế toán Minh Hùng', '4387529699', N'Hà Trung Hương', N'Hậu Giang', 'minhhung.company@gmail.com', 'DN789');
INSERT INTO ADMIN.DOANHNGHIEP VALUES ('CTY117', N'Công Ty TNHH Kế toán Thủy Nam', '1577699197', N'Phùng Hà Linh', N'Yên Bái', 'thuynam.company@gmail.com', 'DN789');
INSERT INTO ADMIN.DOANHNGHIEP VALUES ('CTY118', N'Công Ty TNHH Bán hàng Ngọc Tùng', '4184592786', N'Huỳnh Hương Thảo', N'Ninh Bình', 'ngoctung.company@gmail.com', 'DN789');
INSERT INTO ADMIN.DOANHNGHIEP VALUES ('CTY119', N'Công Ty Cổ Phần Sản xuất Hải Thu', '4280246931', N'Đinh Hải Huy', N'Lâm Đồng', 'haithu.company@gmail.com', 'DN789');
INSERT INTO ADMIN.DOANHNGHIEP VALUES ('CTY120', N'Tập đoàn Thu ngân Thủy Anh', '1628249015', N'Tăng Thị Huy', N'Hà Nội', 'thuyanh.company@gmail.com', 'DN789');
INSERT INTO ADMIN.DOANHNGHIEP VALUES ('CTY121', N'Công Ty Cổ Phần Sản xuất Trung Thủy', '9623944306', N'Từ Hương Thảo', N'Ninh Thuận', 'trungthuy.company@gmail.com', 'DN789');
INSERT INTO ADMIN.DOANHNGHIEP VALUES ('CTY122', N'Công Ty TNHH Dịch vụ Thủy Thảo', '1281264751', N'Thạch Đăng Tùng', N'Bến Tre', 'thuythao.company@gmail.com', 'DN789');
INSERT INTO ADMIN.DOANHNGHIEP VALUES ('CTY123', N'Công Ty Cổ Phần Phục vụ Thị Hùng', '1373069396', N'Nguyễn Minh Nam', N'Bắc Giang', 'thihung.company@gmail.com', 'DN789');
INSERT INTO ADMIN.DOANHNGHIEP VALUES ('CTY124', N'Tập đoàn Vận chuyển Ngọc Huy', '2083786918', N'Tô Lê Nam', N'Hà Nội', 'ngochuy.company@gmail.com', 'DN789');
INSERT INTO ADMIN.DOANHNGHIEP VALUES ('CTY125', N'Tập đoàn Y tế Hải Việt', '7110704447', N'Trương Thuỳ Hương', N'Bình Phước', 'haiviet.company@gmail.com', 'DN789');
INSERT INTO ADMIN.DOANHNGHIEP VALUES ('CTY126', N'Công Ty TNHH Nghệ thuật Trung Hương', '1422632838', N'Vũ Thị Thảo', N'Đắk Nông', 'trunghuong.company@gmail.com', 'DN789');
INSERT INTO ADMIN.DOANHNGHIEP VALUES ('CTY127', N'Tập đoàn Bảo hiểm Thủy Hạnh', '2521751358', N'Võ Đăng Trang', N'Hải Dương', 'thuyhanh.company@gmail.com', 'DN789');
INSERT INTO ADMIN.DOANHNGHIEP VALUES ('CTY128', N'Tập đoàn Y tế Thuỳ Thu', '6911626433', N'Phan Hạnh Thảo', N'Trà Vinh', 'thuythu.company@gmail.com', 'DN789');
INSERT INTO ADMIN.DOANHNGHIEP VALUES ('CTY129', N'Công Ty TNHH IT Thuỳ Linh', '9086412347', N'Đào Trung Thảo', N'Trà Vinh', 'thuylinh.company@gmail.com', 'DN789');
INSERT INTO ADMIN.DOANHNGHIEP VALUES ('CTY130', N'Công Ty TNHH Tài chính Đăng Hạnh', '2237411932', N'Lý Thịnh Tùng', N'Quảng Ninh', 'danghanh.company@gmail.com', 'DN789');
INSERT INTO ADMIN.DOANHNGHIEP VALUES ('CTY131', N'Tập đoàn Bảo hiểm Hùng Hương', '5568591382', N'Dương Hà Phương', N'Tây Ninh', 'hunghuong.company@gmail.com', 'DN789');
INSERT INTO ADMIN.DOANHNGHIEP VALUES ('CTY132', N'Tập đoàn Kế toán Hải Huy', '4152760395', N'Đoàn Trung Hùng', N'Long An', 'haihuy.company@gmail.com', 'DN789');
INSERT INTO ADMIN.DOANHNGHIEP VALUES ('CTY133', N'Công Ty TNHH Thu ngân Hữu Thu', '1175589500', N'Chu Hương Thảo', N'Quảng Trị', 'huuthu.company@gmail.com', 'DN789');
INSERT INTO ADMIN.DOANHNGHIEP VALUES ('CTY134', N'Tập đoàn IT Văn Thủy', '4932229244', N'Ngô Thuỳ Hải', N'Phú Thọ', 'vanthuy.company@gmail.com', 'DN789');
INSERT INTO ADMIN.DOANHNGHIEP VALUES ('CTY135', N'Công Ty TNHH Kỹ thuật Văn Hương', '4857820687', N'Trịnh Hương Hạnh', N'Vĩnh Phúc', 'vanhuong.company@gmail.com', 'DN789');
INSERT INTO ADMIN.DOANHNGHIEP VALUES ('CTY136', N'Công Ty TNHH Bảo vệ Hưng Hương', '6024750941', N'Hồ Thị Hồng', N'Thừa Thiên Huế', 'hunghuong.company@gmail.com', 'DN789');
INSERT INTO ADMIN.DOANHNGHIEP VALUES ('CTY137', N'Công Ty Cổ Phần Hỗ trợ Trung Huy', '8691577022', N'Mai Hạnh Trang', N'Đà Nẵng', 'trunghuy.company@gmail.com', 'DN789');
INSERT INTO ADMIN.DOANHNGHIEP VALUES ('CTY138', N'Công Ty Cổ Phần Dịch vụ Lê Tùng', '7502007427', N'Phạm Văn Hưng', N'Bình Dương', 'letung.company@gmail.com', 'DN789');
INSERT INTO ADMIN.DOANHNGHIEP VALUES ('CTY139', N'Công Ty Cổ Phần Marketing Hữu Việt', '4427375809', N'Tiêu Lê Hùng', N'Gia lai', 'huuviet.company@gmail.com', 'DN789');
INSERT INTO ADMIN.DOANHNGHIEP VALUES ('CTY140', N'Công Ty Cổ Phần Kinh doanh Thị Anh', '7024875582', N'Tô Minh Phương', N'Thanh Hóa', 'thianh.company@gmail.com', 'DN789');
INSERT INTO ADMIN.DOANHNGHIEP VALUES ('CTY141', N'Công Ty TNHH Sản xuất Hải Thu', '1691901193', N'Tăng Hải Trang', N'Quảng Nam', 'haithu.company@gmail.com', 'DN789');
INSERT INTO ADMIN.DOANHNGHIEP VALUES ('CTY142', N'Công Ty TNHH Nghệ thuật Thuỳ Trang', '9304044622', N'Nguyễn Hạnh Hạnh', N'Lâm Đồng', 'thuytrang.company@gmail.com', 'DN789');
INSERT INTO ADMIN.DOANHNGHIEP VALUES ('CTY143', N'Công Ty TNHH Tư vấn Hùng Thảo', '5680730038', N'Trần Hồng Thu', N'Thái Bình', 'hungthao.company@gmail.com', 'DN789');
INSERT INTO ADMIN.DOANHNGHIEP VALUES ('CTY144', N'Công Ty Cổ Phần Kế toán Thủy Việt', '5926895956', N'Hồ Thịnh Thủy', N'Vĩnh Phúc', 'thuyviet.company@gmail.com', 'DN789');
INSERT INTO ADMIN.DOANHNGHIEP VALUES ('CTY145', N'Công Ty TNHH Bảo vệ Hữu Hạnh', '7076495781', N'Thái Đăng Hùng', N'Lai Châu', 'huuhanh.company@gmail.com', 'DN789');
INSERT INTO ADMIN.DOANHNGHIEP VALUES ('CTY146', N'Tập đoàn Giáo dục Hải Hoa', '1736343037', N'Lý Thị Hà', N'Vĩnh Long', 'haihoa.company@gmail.com', 'DN789');
INSERT INTO ADMIN.DOANHNGHIEP VALUES ('CTY147', N'Công Ty TNHH Marketing Trung Hùng', '8262406458', N'Lý Hưng Thu', N'Quảng Nam', 'trunghung.company@gmail.com', 'DN789');
INSERT INTO ADMIN.DOANHNGHIEP VALUES ('CTY148', N'Công Ty Cổ Phần Bán hàng Hồng Linh', '7757351717', N'Đỗ Đăng Linh', N'Vĩnh Phúc', 'honglinh.company@gmail.com', 'DN789');
INSERT INTO ADMIN.DOANHNGHIEP VALUES ('CTY149', N'Tập đoàn Hỗ trợ Văn Hoa', '6258417019', N'Trần Đăng Phương', N'Cà mau', 'vanhoa.company@gmail.com', 'DN789');
INSERT INTO ADMIN.DOANHNGHIEP VALUES ('CTY150', N'Công Ty Cổ Phần Kỹ thuật Văn Thủy', '4245631001', N'Đỗ Đăng Anh', N'Ninh Bình', 'vanthuy.company@gmail.com', 'DN789');
INSERT INTO ADMIN.DOANHNGHIEP VALUES ('CTY151', N'Công Ty TNHH Văn phòng Hồng Trang', '4328206065', N'Sơn Bảo Thủy', N'Bình Dương', 'hongtrang.company@gmail.com', 'DN789');
INSERT INTO ADMIN.DOANHNGHIEP VALUES ('CTY152', N'Tập đoàn Hỗ trợ Lê Hải', '7472725800', N'Dương Trung Hưng', N'Bến Tre', 'lehai.company@gmail.com', 'DN789');
INSERT INTO ADMIN.DOANHNGHIEP VALUES ('CTY153', N'Công Ty Cổ Phần Phục vụ Hải Hưng', '6661840006', N'Đinh Ngọc Việt', N'Sơn La', 'haihung.company@gmail.com', 'DN789');
INSERT INTO ADMIN.DOANHNGHIEP VALUES ('CTY154', N'Công Ty TNHH Dịch vụ Thị Linh', '1165350594', N'Hồ Ngọc Thủy', N'Sóc Trăng', 'thilinh.company@gmail.com', 'DN789');
INSERT INTO ADMIN.DOANHNGHIEP VALUES ('CTY155', N'Tập đoàn Giáo dục Hạnh Thu', '5254640918', N'Trần Ngọc Trang', N'Quảng Ngãi', 'hanhthu.company@gmail.com', 'DN789');
INSERT INTO ADMIN.DOANHNGHIEP VALUES ('CTY156', N'Tập đoàn Bảo trì Trung Tùng', '7694734876', N'Tô Lê Linh', N'Quảng Trị', 'trungtung.company@gmail.com', 'DN789');
INSERT INTO ADMIN.DOANHNGHIEP VALUES ('CTY157', N'Công Ty Cổ Phần Marketing Trung Linh', '3954334780', N'Huỳnh Ngọc Hương', N'Đà Nẵng', 'trunglinh.company@gmail.com', 'DN789');
INSERT INTO ADMIN.DOANHNGHIEP VALUES ('CTY158', N'Công Ty TNHH Nghệ thuật Hồng Thảo', '4373246827', N'Trịnh Hải Linh', N'Hải Phòng', 'hongthao.company@gmail.com', 'DN789');
INSERT INTO ADMIN.DOANHNGHIEP VALUES ('CTY159', N'Công Ty Cổ Phần Y tế Hùng Hưng', '7953845069', N'Trịnh Trung Trang', N'Thanh Hóa', 'hunghung.company@gmail.com', 'DN789');
INSERT INTO ADMIN.DOANHNGHIEP VALUES ('CTY160', N'Công Ty TNHH Vận chuyển Hải Anh', '4565414345', N'Lê Đăng Trang', N'Yên Bái', 'haianh.company@gmail.com', 'DN789');
INSERT INTO ADMIN.DOANHNGHIEP VALUES ('CTY161', N'Tập đoàn Hỗ trợ Hưng Hạnh', '7372910293', N'Huỳnh Hạnh Hoa', N'Đồng Tháp', 'hunghanh.company@gmail.com', 'DN789');
INSERT INTO ADMIN.DOANHNGHIEP VALUES ('CTY162', N'Công Ty Cổ Phần Sản xuất Hồng Trang', '1056535205', N'Tiêu Thịnh Phương', N'Thanh Hóa', 'hongtrang.company@gmail.com', 'DN789');
INSERT INTO ADMIN.DOANHNGHIEP VALUES ('CTY163', N'Tập đoàn Kỹ thuật Hải Phương', '7750964649', N'Trần Thị Thu', N'Hậu Giang', 'haiphuong.company@gmail.com', 'DN789');
INSERT INTO ADMIN.DOANHNGHIEP VALUES ('CTY164', N'Công Ty Cổ Phần Giáo dục Hương Linh', '3427679125', N'Đoàn Lê Hạnh', N'Bắc Giang', 'huonglinh.company@gmail.com', 'DN789');
INSERT INTO ADMIN.DOANHNGHIEP VALUES ('CTY165', N'Tập đoàn Tài chính Hương Việt', '9850966642', N'Tô Đăng Thủy', N'Tuyên Quang', 'huongviet.company@gmail.com', 'DN789');
INSERT INTO ADMIN.DOANHNGHIEP VALUES ('CTY166', N'Tập đoàn Dịch vụ Hữu Hùng', '9780210117', N'Đào Hưng Tùng', N'Bình Phước', 'huuhung.company@gmail.com', 'DN789');
INSERT INTO ADMIN.DOANHNGHIEP VALUES ('CTY167', N'Công Ty TNHH Marketing Hà Thủy', '7527922314', N'Tăng Hồng Thảo', N'Tiền Giang', 'hathuy.company@gmail.com', 'DN789');
INSERT INTO ADMIN.DOANHNGHIEP VALUES ('CTY168', N'Công Ty TNHH Bảo trì Thị Tùng', '8334128559', N'Huỳnh Hùng Thảo', N'Khánh Hòa', 'thitung.company@gmail.com', 'DN789');
INSERT INTO ADMIN.DOANHNGHIEP VALUES ('CTY169', N'Công Ty Cổ Phần Bất động sản Bảo Hoa', '7688199550', N'Sử Bảo Hoa', N'Quảng Trị', 'baohoa.company@gmail.com', 'DN789');
INSERT INTO ADMIN.DOANHNGHIEP VALUES ('CTY170', N'Công Ty Cổ Phần Vận chuyển Hương Phương', '7332322774', N'Lương Hùng Anh', N'Kon Tum', 'huongphuong.company@gmail.com', 'DN789');
INSERT INTO ADMIN.DOANHNGHIEP VALUES ('CTY171', N'Công Ty Cổ Phần Tài chính Văn Huy', '6525110841', N'Chu Lê Hùng', N'Đồng Nai', 'vanhuy.company@gmail.com', 'DN789');
INSERT INTO ADMIN.DOANHNGHIEP VALUES ('CTY172', N'Công Ty Cổ Phần Vận chuyển Đăng Tùng', '8076210794', N'Đinh Hồng Tùng', N'Quảng Ninh', 'dangtung.company@gmail.com', 'DN789');
INSERT INTO ADMIN.DOANHNGHIEP VALUES ('CTY173', N'Công Ty TNHH Kỹ thuật Trung Hoa', '6835139583', N'Chu Thị Linh', N'Ninh Thuận', 'trunghoa.company@gmail.com', 'DN789');
INSERT INTO ADMIN.DOANHNGHIEP VALUES ('CTY174', N'Công Ty TNHH Giáo dục Hữu Hải', '6080473380', N'Từ Hạnh Huy', N'Kiên Giang', 'huuhai.company@gmail.com', 'DN789');
INSERT INTO ADMIN.DOANHNGHIEP VALUES ('CTY175', N'Tập đoàn Hỗ trợ Thuỳ Hạnh', '1852928543', N'Lý Đăng Nam', N'Gia lai', 'thuyhanh.company@gmail.com', 'DN789');
INSERT INTO ADMIN.DOANHNGHIEP VALUES ('CTY176', N'Tập đoàn Y tế Hưng Linh', '8290212696', N'Võ Hữu Việt', N'Tây Ninh', 'hunglinh.company@gmail.com', 'DN789');
INSERT INTO ADMIN.DOANHNGHIEP VALUES ('CTY177', N'Công Ty TNHH Quản lý Hùng Việt', '9166614904', N'Thái Hương Thu', N'Hải Phòng', 'hungviet.company@gmail.com', 'DN789');
INSERT INTO ADMIN.DOANHNGHIEP VALUES ('CTY178', N'Công Ty Cổ Phần Bảo vệ Lê Thủy', '7803290439', N'Chu Trung Nam', N'Phú Yên', 'lethuy.company@gmail.com', 'DN789');
INSERT INTO ADMIN.DOANHNGHIEP VALUES ('CTY179', N'Công Ty TNHH Tư vấn Hương Thảo', '8983073696', N'Tiêu Minh Anh', N'Hải Phòng', 'huongthao.company@gmail.com', 'DN789');
INSERT INTO ADMIN.DOANHNGHIEP VALUES ('CTY180', N'Tập đoàn Giáo dục Hải Linh', '5135190374', N'Sử Ngọc Hưng', N'Hải Phòng', 'hailinh.company@gmail.com', 'DN789');
INSERT INTO ADMIN.DOANHNGHIEP VALUES ('CTY181', N'Công Ty Cổ Phần Marketing Thị Tùng', '7755221606', N'Đỗ Văn Linh', N'Vĩnh Phúc', 'thitung.company@gmail.com', 'DN789');
INSERT INTO ADMIN.DOANHNGHIEP VALUES ('CTY182', N'Tập đoàn Kinh doanh Thủy Hạnh', '7344612096', N'Thái Hà Hồng', N'Hậu Giang', 'thuyhanh.company@gmail.com', 'DN789');
INSERT INTO ADMIN.DOANHNGHIEP VALUES ('CTY183', N'Tập đoàn Nghệ thuật Lê Hương', '6513882872', N'Phạm Thủy Thu', N'Lai Châu', 'lehuong.company@gmail.com', 'DN789');
INSERT INTO ADMIN.DOANHNGHIEP VALUES ('CTY184', N'Công Ty TNHH Bán hàng Thị Hương', '8416059038', N'Thái Trung Hoa', N'Bắc Ninh', 'thihuong.company@gmail.com', 'DN789');
INSERT INTO ADMIN.DOANHNGHIEP VALUES ('CTY185', N'Công Ty TNHH Thu ngân Thị Hương', '8744761803', N'Đỗ Thị Thảo', N'Lạng Sơn', 'thihuong.company@gmail.com', 'DN789');
INSERT INTO ADMIN.DOANHNGHIEP VALUES ('CTY186', N'Công Ty Cổ Phần Hỗ trợ Minh Hương', '4247487763', N'Tăng Hùng Hưng', N'Quảng Trị', 'minhhuong.company@gmail.com', 'DN789');
INSERT INTO ADMIN.DOANHNGHIEP VALUES ('CTY187', N'Công Ty TNHH Bán hàng Hải Nam', '8301611601', N'Từ Đăng Thảo', N'Hòa Bình', 'hainam.company@gmail.com', 'DN789');
INSERT INTO ADMIN.DOANHNGHIEP VALUES ('CTY188', N'Công Ty TNHH Hỗ trợ Hạnh Nam', '9715811699', N'Lương Trung Tùng', N'Phú Yên', 'hanhnam.company@gmail.com', 'DN789');
INSERT INTO ADMIN.DOANHNGHIEP VALUES ('CTY189', N'Tập đoàn Bán hàng Hồng Thủy', '8391359440', N'Phùng Hồng Việt', N'Cà mau', 'hongthuy.company@gmail.com', 'DN789');
INSERT INTO ADMIN.DOANHNGHIEP VALUES ('CTY190', N'Tập đoàn Tư vấn Hữu Linh', '7620335163', N'Ngô Lê Anh', N'Thừa Thiên Huế', 'huulinh.company@gmail.com', 'DN789');
INSERT INTO ADMIN.DOANHNGHIEP VALUES ('CTY191', N'Công Ty TNHH Y tế Lê Hạnh', '4077857159', N'Trương Hạnh Anh', N'Quảng Ngãi', 'lehanh.company@gmail.com', 'DN789');
INSERT INTO ADMIN.DOANHNGHIEP VALUES ('CTY192', N'Tập đoàn Vận chuyển Trung Hoa', '2901873635', N'Hà Thị Hùng', N'Hà Nam', 'trunghoa.company@gmail.com', 'DN789');
INSERT INTO ADMIN.DOANHNGHIEP VALUES ('CTY193', N'Công Ty TNHH Văn phòng Thủy Phương', '9304753397', N'Trần Trung Hùng', N'Gia lai', 'thuyphuong.company@gmail.com', 'DN789');
INSERT INTO ADMIN.DOANHNGHIEP VALUES ('CTY194', N'Tập đoàn Bất động sản Thịnh Hải', '4104714098', N'Tạ Hải Linh', N'Hải Dương', 'thinhhai.company@gmail.com', 'DN789');
INSERT INTO ADMIN.DOANHNGHIEP VALUES ('CTY195', N'Công Ty TNHH Marketing Lê Hoa', '2184594834', N'Sơn Hữu Nam', N'Thái Bình', 'lehoa.company@gmail.com', 'DN789');
INSERT INTO ADMIN.DOANHNGHIEP VALUES ('CTY196', N'Công Ty Cổ Phần Quản lý Hạnh Hải', '9453530675', N'Đặng Ngọc Hưng', N'Phú Yên', 'hanhhai.company@gmail.com', 'DN789');
INSERT INTO ADMIN.DOANHNGHIEP VALUES ('CTY197', N'Công Ty Cổ Phần Marketing Ngọc Thủy', '9011777213', N'Nguyễn Hưng Thu', N'Thái Nguyên', 'ngocthuy.company@gmail.com', 'DN789');
INSERT INTO ADMIN.DOANHNGHIEP VALUES ('CTY198', N'Công Ty Cổ Phần Y tế Hưng Hà', '4204763183', N'Trương Lê Thủy', N'Lâm Đồng', 'hungha.company@gmail.com', 'DN789');
INSERT INTO ADMIN.DOANHNGHIEP VALUES ('CTY199', N'Công Ty TNHH Marketing Hạnh Hồng', '9294330645', N'Tăng Thị Hải', N'Kiên Giang', 'hanhhong.company@gmail.com', 'DN789');
INSERT INTO ADMIN.DOANHNGHIEP VALUES ('CTY200', N'Công Ty Cổ Phần Y tế Minh Hà', '3841228511', N'Trịnh Hưng Thu', N'Quảng Bình', 'minhha.company@gmail.com', 'DN789');
INSERT INTO ADMIN.DOANHNGHIEP VALUES ('CTY201', N'Công Ty Cổ Phần Thu ngân Ngọc Hương', '4183001569', N'Đào Thủy Thủy', N'Tiền Giang', 'ngochuong.company@gmail.com', 'DN789');
INSERT INTO ADMIN.DOANHNGHIEP VALUES ('CTY202', N'Tập đoàn Hỗ trợ Thịnh Hải', '1131592154', N'Phùng Thuỳ Thu', N'Trà Vinh', 'thinhhai.company@gmail.com', 'DN789');
INSERT INTO ADMIN.DOANHNGHIEP VALUES ('CTY203', N'Công Ty TNHH Marketing Bảo Thu', '7433674559', N'Phan Minh Hà', N'Bình Định', 'baothu.company@gmail.com', 'DN789');
INSERT INTO ADMIN.DOANHNGHIEP VALUES ('CTY204', N'Công Ty Cổ Phần Bán hàng Thịnh Hồng', '8317332098', N'Thạch Bảo Hà', N'Thái Nguyên', 'thinhhong.company@gmail.com', 'DN789');
INSERT INTO ADMIN.DOANHNGHIEP VALUES ('CTY205', N'Công Ty TNHH Nghệ thuật Thuỳ Hưng', '6495131865', N'Thái Ngọc Phương', N'Yên Bái', 'thuyhung.company@gmail.com', 'DN789');
INSERT INTO ADMIN.DOANHNGHIEP VALUES ('CTY206', N'Công Ty TNHH Tài chính Đăng Phương', '3730907470', N'Tiêu Đăng Thủy', N'Vĩnh Phúc', 'dangphuong.company@gmail.com', 'DN789');
INSERT INTO ADMIN.DOANHNGHIEP VALUES ('CTY207', N'Công Ty Cổ Phần Bảo trì Hải Thảo', '8216453299', N'Ngô Hà Hải', N'Quảng Ninh', 'haithao.company@gmail.com', 'DN789');
INSERT INTO ADMIN.DOANHNGHIEP VALUES ('CTY208', N'Công Ty Cổ Phần Bảo vệ Hồng Hà', '3134041243', N'Sơn Lê Thủy', N'Bình Định', 'hongha.company@gmail.com', 'DN789');
INSERT INTO ADMIN.DOANHNGHIEP VALUES ('CTY209', N'Công Ty Cổ Phần Giáo dục Hà Tùng', '1032211231', N'Đặng Hữu Thảo', N'Đồng Tháp', 'hatung.company@gmail.com', 'DN789');
INSERT INTO ADMIN.DOANHNGHIEP VALUES ('CTY210', N'Công Ty TNHH Tư vấn Lê Hải', '6741923134', N'Từ Văn Việt', N'Sóc Trăng', 'lehai.company@gmail.com', 'DN789');
INSERT INTO ADMIN.DOANHNGHIEP VALUES ('CTY211', N'Tập đoàn Tư vấn Hồng Nam', '2518760898', N'Trương Thủy Hương', N'Bình Dương', 'hongnam.company@gmail.com', 'DN789');
INSERT INTO ADMIN.DOANHNGHIEP VALUES ('CTY212', N'Tập đoàn Bất động sản Bảo Linh', '8060646006', N'Hoàng Trung Tùng', N'Hưng Yên', 'baolinh.company@gmail.com', 'DN789');
INSERT INTO ADMIN.DOANHNGHIEP VALUES ('CTY213', N'Công Ty TNHH Kế toán Lê Hùng', '8777125302', N'Đỗ Đăng Việt', N'Gia lai', 'lehung.company@gmail.com', 'DN789');
INSERT INTO ADMIN.DOANHNGHIEP VALUES ('CTY214', N'Công Ty TNHH Nghệ thuật Đăng Phương', '6603920309', N'Lương Hùng Anh', N'Hà Nam', 'dangphuong.company@gmail.com', 'DN789');
INSERT INTO ADMIN.DOANHNGHIEP VALUES ('CTY215', N'Công Ty TNHH Hỗ trợ Hưng Thảo', '7688662294', N'Đào Ngọc Hùng', N'Yên Bái', 'hungthao.company@gmail.com', 'DN789');
INSERT INTO ADMIN.DOANHNGHIEP VALUES ('CTY216', N'Tập đoàn Văn phòng Lê Hà', '8732237982', N'Bùi Hữu Trang', N'Thái Bình', 'leha.company@gmail.com', 'DN789');
INSERT INTO ADMIN.DOANHNGHIEP VALUES ('CTY217', N'Công Ty Cổ Phần Văn phòng Thủy Hạnh', '4297495200', N'Từ Thuỳ Huy', N'Quảng Bình', 'thuyhanh.company@gmail.com', 'DN789');
INSERT INTO ADMIN.DOANHNGHIEP VALUES ('CTY218', N'Công Ty Cổ Phần Thể thao Hương Huy', '6015328078', N'Dương Hương Hoa', N'Lào Cai', 'huonghuy.company@gmail.com', 'DN789');
INSERT INTO ADMIN.DOANHNGHIEP VALUES ('CTY219', N'Tập đoàn Bất động sản Ngọc Việt', '4151233349', N'Ngô Văn Nam', N'Bình Phước', 'ngocviet.company@gmail.com', 'DN789');
INSERT INTO ADMIN.DOANHNGHIEP VALUES ('CTY220', N'Công Ty TNHH Bất động sản Bảo Hồng', '8128469979', N'Thái Hồng Hoa', N'Quảng Nam', 'baohong.company@gmail.com', 'DN789');
INSERT INTO ADMIN.DOANHNGHIEP VALUES ('CTY221', N'Công Ty Cổ Phần Tư vấn Thịnh Hưng', '2735349647', N'Sử Đăng Tùng', N'Quảng Ngãi', 'thinhhung.company@gmail.com', 'DN789');
INSERT INTO ADMIN.DOANHNGHIEP VALUES ('CTY222', N'Tập đoàn Thể thao Hưng Thủy', '4678216442', N'Phùng Thuỳ Phương', N'Sóc Trăng', 'hungthuy.company@gmail.com', 'DN789');
INSERT INTO ADMIN.DOANHNGHIEP VALUES ('CTY223', N'Công Ty Cổ Phần Y tế Hạnh Hà', '3161234805', N'Đoàn Lê Hương', N'Quảng Trị', 'hanhha.company@gmail.com', 'DN789');
INSERT INTO ADMIN.DOANHNGHIEP VALUES ('CTY224', N'Tập đoàn Bảo hiểm Hưng Hưng', '3992358893', N'Đỗ Hùng Hồng', N'Hà Tĩnh', 'hunghung.company@gmail.com', 'DN789');
INSERT INTO ADMIN.DOANHNGHIEP VALUES ('CTY225', N'Tập đoàn Văn phòng Hữu Phương', '2097548441', N'Tiêu Hạnh Hoa', N'Lâm Đồng', 'huuphuong.company@gmail.com', 'DN789');
INSERT INTO ADMIN.DOANHNGHIEP VALUES ('CTY226', N'Tập đoàn Bán hàng Thủy Trang', '5262476799', N'Thạch Hưng Nam', N'Tiền Giang', 'thuytrang.company@gmail.com', 'DN789');
INSERT INTO ADMIN.DOANHNGHIEP VALUES ('CTY227', N'Tập đoàn Bán hàng Thịnh Hùng', '1250443399', N'Từ Hồng Hải', N'Đắk Nông', 'thinhhung.company@gmail.com', 'DN789');
INSERT INTO ADMIN.DOANHNGHIEP VALUES ('CTY228', N'Công Ty Cổ Phần Dịch vụ Minh Hoa', '5154810584', N'Võ Hùng Hương', N'Ninh Bình', 'minhhoa.company@gmail.com', 'DN789');
INSERT INTO ADMIN.DOANHNGHIEP VALUES ('CTY229', N'Công Ty TNHH Giáo dục Lê Hạnh', '6136677819', N'Đỗ Đăng Thảo', N'Phú Yên', 'lehanh.company@gmail.com', 'DN789');
INSERT INTO ADMIN.DOANHNGHIEP VALUES ('CTY230', N'Tập đoàn Bảo hiểm Thịnh Hưng', '7457314942', N'Sử Minh Linh', N'Phú Thọ', 'thinhhung.company@gmail.com', 'DN789');
INSERT INTO ADMIN.DOANHNGHIEP VALUES ('CTY231', N'Công Ty Cổ Phần Quản lý Hùng Hùng', '5761201229', N'Thạch Hưng Nam', N'Lai Châu', 'hunghung.company@gmail.com', 'DN789');
INSERT INTO ADMIN.DOANHNGHIEP VALUES ('CTY232', N'Công Ty TNHH Bảo hiểm Thủy Trang', '3264487511', N'Bùi Văn Hương', N'Lào Cai', 'thuytrang.company@gmail.com', 'DN789');
INSERT INTO ADMIN.DOANHNGHIEP VALUES ('CTY233', N'Công Ty Cổ Phần Bất động sản Đăng Linh', '2635788908', N'Tăng Ngọc Phương', N'Kon Tum', 'danglinh.company@gmail.com', 'DN789');
INSERT INTO ADMIN.DOANHNGHIEP VALUES ('CTY234', N'Công Ty Cổ Phần Dịch vụ Ngọc Tùng', '6453120433', N'Lý Hồng Hà', N'Yên Bái', 'ngoctung.company@gmail.com', 'DN789');
INSERT INTO ADMIN.DOANHNGHIEP VALUES ('CTY235', N'Công Ty TNHH Marketing Hưng Thu', '5510879639', N'Chu Đăng Hạnh', N'Thái Nguyên', 'hungthu.company@gmail.com', 'DN789');
INSERT INTO ADMIN.DOANHNGHIEP VALUES ('CTY236', N'Công Ty TNHH Kinh doanh Hà Hà', '1827249930', N'Hoàng Đăng Nam', N'Yên Bái', 'haha.company@gmail.com', 'DN789');
INSERT INTO ADMIN.DOANHNGHIEP VALUES ('CTY237', N'Tập đoàn Quản lý Hưng Anh', '7726775895', N'Đỗ Hùng Huy', N'Vĩnh Phúc', 'hunganh.company@gmail.com', 'DN789');
INSERT INTO ADMIN.DOANHNGHIEP VALUES ('CTY238', N'Tập đoàn Quản lý Thuỳ Anh', '8118498685', N'Tạ Thị Thu', N'Phú Thọ', 'thuyanh.company@gmail.com', 'DN789');
INSERT INTO ADMIN.DOANHNGHIEP VALUES ('CTY239', N'Công Ty Cổ Phần Y tế Thủy Hương', '6712992993', N'Sơn Bảo Linh', N'Kon Tum', 'thuyhuong.company@gmail.com', 'DN789');
INSERT INTO ADMIN.DOANHNGHIEP VALUES ('CTY240', N'Công Ty Cổ Phần Kinh doanh Hưng Thủy', '5233933972', N'Trịnh Đăng Hoa', N'Đà Nẵng', 'hungthuy.company@gmail.com', 'DN789');
INSERT INTO ADMIN.DOANHNGHIEP VALUES ('CTY241', N'Công Ty Cổ Phần Kinh doanh Đăng Huy', '3275584145', N'Mai Ngọc Linh', N'Hà Nội', 'danghuy.company@gmail.com', 'DN789');
INSERT INTO ADMIN.DOANHNGHIEP VALUES ('CTY242', N'Công Ty TNHH Giáo dục Hạnh Hải', '3871432793', N'Mai Thịnh Huy', N'Hậu Giang', 'hanhhai.company@gmail.com', 'DN789');
INSERT INTO ADMIN.DOANHNGHIEP VALUES ('CTY243', N'Công Ty TNHH Kỹ thuật Hùng Thủy', '6382649777', N'Đinh Hưng Hùng', N'Đồng Nai', 'hungthuy.company@gmail.com', 'DN789');
INSERT INTO ADMIN.DOANHNGHIEP VALUES ('CTY244', N'Công Ty TNHH Bất động sản Hải Linh', '8871430802', N'Lê Hồng Linh', N'Thanh Hóa', 'hailinh.company@gmail.com', 'DN789');
INSERT INTO ADMIN.DOANHNGHIEP VALUES ('CTY245', N'Tập đoàn Thu ngân Thị Thảo', '7972838823', N'Sử Bảo Thu', N'Tiền Giang', 'thithao.company@gmail.com', 'DN789');
INSERT INTO ADMIN.DOANHNGHIEP VALUES ('CTY246', N'Công Ty TNHH Marketing Hưng Phương', '4282375879', N'Mai Đăng Hương', N'Bình Dương', 'hungphuong.company@gmail.com', 'DN789');
INSERT INTO ADMIN.DOANHNGHIEP VALUES ('CTY247', N'Công Ty TNHH Kỹ thuật Hưng Phương', '2592222113', N'Huỳnh Hải Phương', N'Hòa Bình', 'hungphuong.company@gmail.com', 'DN789');
INSERT INTO ADMIN.DOANHNGHIEP VALUES ('CTY248', N'Tập đoàn Bất động sản Hải Anh', '6068461064', N'Tăng Trung Hải', N'Đà Nẵng', 'haianh.company@gmail.com', 'DN789');
INSERT INTO ADMIN.DOANHNGHIEP VALUES ('CTY249', N'Công Ty TNHH Bảo trì Hà Hải', '9760646321', N'Đào Hải Hồng', N'Hà Tĩnh', 'hahai.company@gmail.com', 'DN789');
INSERT INTO ADMIN.DOANHNGHIEP VALUES ('CTY250', N'Công Ty TNHH Sản xuất Hải Hải', '6116311905', N'Từ Hùng Thu', N'Bến Tre', 'haihai.company@gmail.com', 'DN789');
INSERT INTO ADMIN.DOANHNGHIEP VALUES ('CTY251', N'Công Ty Cổ Phần Tư vấn Hùng Thảo', '8343006699', N'Chu Minh Phương', N'Đồng Tháp', 'hungthao.company@gmail.com', 'DN789');
INSERT INTO ADMIN.DOANHNGHIEP VALUES ('CTY252', N'Công Ty Cổ Phần Tài chính Thuỳ Phương', '2962521310', N'Phan Đăng Hương', N'Kiên Giang', 'thuyphuong.company@gmail.com', 'DN789');
INSERT INTO ADMIN.DOANHNGHIEP VALUES ('CTY253', N'Công Ty TNHH Bảo hiểm Hà Tùng', '9727667229', N'Trần Hữu Tùng', N'Bắc Ninh', 'hatung.company@gmail.com', 'DN789');
INSERT INTO ADMIN.DOANHNGHIEP VALUES ('CTY254', N'Công Ty Cổ Phần Y tế Ngọc Thủy', '4178116148', N'Hoàng Ngọc Hoa', N'Quảng Nam', 'ngocthuy.company@gmail.com', 'DN789');
INSERT INTO ADMIN.DOANHNGHIEP VALUES ('CTY255', N'Tập đoàn Tư vấn Ngọc Linh', '7636157736', N'Nguyễn Hà Nam', N'Bến Tre', 'ngoclinh.company@gmail.com', 'DN789');
INSERT INTO ADMIN.DOANHNGHIEP VALUES ('CTY256', N'Tập đoàn Sản xuất Thịnh Hoa', '2580598175', N'Trương Thuỳ Nam', N'Đà Nẵng', 'thinhhoa.company@gmail.com', 'DN789');
INSERT INTO ADMIN.DOANHNGHIEP VALUES ('CTY257', N'Công Ty TNHH Vận chuyển Hải Thảo', '4713677489', N'Đặng Hải Hoa', N'Hòa Bình', 'haithao.company@gmail.com', 'DN789');
INSERT INTO ADMIN.DOANHNGHIEP VALUES ('CTY258', N'Tập đoàn Tài chính Trung Linh', '1434494503', N'Phùng Hải Việt', N'Hà Nam', 'trunglinh.company@gmail.com', 'DN789');
INSERT INTO ADMIN.DOANHNGHIEP VALUES ('CTY259', N'Công Ty Cổ Phần Bán hàng Trung Anh', '2791143390', N'Sử Hạnh Huy', N'Tiền Giang', 'trunganh.company@gmail.com', 'DN789');
INSERT INTO ADMIN.DOANHNGHIEP VALUES ('CTY260', N'Tập đoàn Kinh doanh Hải Hà', '8650102276', N'Tô Hải Hoa', N'Nghệ An', 'haiha.company@gmail.com', 'DN789');
INSERT INTO ADMIN.DOANHNGHIEP VALUES ('CTY261', N'Công Ty TNHH Y tế Trung Linh', '4457896638', N'Võ Hữu Trang', N'Lai Châu', 'trunglinh.company@gmail.com', 'DN789');
INSERT INTO ADMIN.DOANHNGHIEP VALUES ('CTY262', N'Công Ty TNHH Phục vụ Ngọc Hà', '9998374201', N'Tô Thị Hồng', N'Yên Bái', 'ngocha.company@gmail.com', 'DN789');
INSERT INTO ADMIN.DOANHNGHIEP VALUES ('CTY263', N'Công Ty TNHH Kế toán Ngọc Trang', '6325494352', N'Mai Thịnh Hưng', N'Yên Bái', 'ngoctrang.company@gmail.com', 'DN789');
INSERT INTO ADMIN.DOANHNGHIEP VALUES ('CTY264', N'Công Ty Cổ Phần Kỹ thuật Hùng Hương', '7583859688', N'Từ Hạnh Tùng', N'Lào Cai', 'hunghuong.company@gmail.com', 'DN789');
INSERT INTO ADMIN.DOANHNGHIEP VALUES ('CTY265', N'Công Ty TNHH Tài chính Hải Hương', '2062352582', N'Dương Hải Hà', N'Sơn La', 'haihuong.company@gmail.com', 'DN789');
INSERT INTO ADMIN.DOANHNGHIEP VALUES ('CTY266', N'Công Ty TNHH Tài chính Thịnh Trang', '5542457102', N'Phùng Hương Hà', N'Thanh Hóa', 'thinhtrang.company@gmail.com', 'DN789');
INSERT INTO ADMIN.DOANHNGHIEP VALUES ('CTY267', N'Công Ty Cổ Phần Tư vấn Lê Hải', '3866428576', N'Tạ Thuỳ Thủy', N'Bình Phước', 'lehai.company@gmail.com', 'DN789');
INSERT INTO ADMIN.DOANHNGHIEP VALUES ('CTY268', N'Công Ty Cổ Phần Kế toán Đăng Thủy', '8908664927', N'Đinh Hải Hải', N'Kon Tum', 'dangthuy.company@gmail.com', 'DN789');
INSERT INTO ADMIN.DOANHNGHIEP VALUES ('CTY269', N'Tập đoàn Nghệ thuật Hà Thu', '4894839405', N'Thái Văn Hạnh', N'Thừa Thiên Huế', 'hathu.company@gmail.com', 'DN789');
INSERT INTO ADMIN.DOANHNGHIEP VALUES ('CTY270', N'Công Ty TNHH Tài chính Đăng Trang', '6126652054', N'Đỗ Hải Hùng', N'Quảng Nam', 'dangtrang.company@gmail.com', 'DN789');
INSERT INTO ADMIN.DOANHNGHIEP VALUES ('CTY271', N'Tập đoàn Bảo hiểm Hữu Thu', '9707508223', N'Bùi Minh Phương', N'Đồng Tháp', 'huuthu.company@gmail.com', 'DN789');
INSERT INTO ADMIN.DOANHNGHIEP VALUES ('CTY272', N'Công Ty TNHH Văn phòng Thị Thu', '5524549536', N'Thái Trung Tùng', N'Phú Yên', 'thithu.company@gmail.com', 'DN789');
INSERT INTO ADMIN.DOANHNGHIEP VALUES ('CTY273', N'Công Ty Cổ Phần Thể thao Lê Tùng', '6151393709', N'Ngô Trung Trang', N'Bắc Giang', 'letung.company@gmail.com', 'DN789');
INSERT INTO ADMIN.DOANHNGHIEP VALUES ('CTY274', N'Tập đoàn Bất động sản Hải Hùng', '7063732349', N'Đỗ Ngọc Thu', N'Nghệ An', 'haihung.company@gmail.com', 'DN789');
INSERT INTO ADMIN.DOANHNGHIEP VALUES ('CTY275', N'Công Ty TNHH Kinh doanh Hà Việt', '5052207786', N'Đặng Hữu Phương', N'Bến Tre', 'haviet.company@gmail.com', 'DN789');
INSERT INTO ADMIN.DOANHNGHIEP VALUES ('CTY276', N'Công Ty TNHH Thu ngân Minh Hương', '6403686191', N'Phan Hạnh Trang', N'Bình Dương', 'minhhuong.company@gmail.com', 'DN789');
INSERT INTO ADMIN.DOANHNGHIEP VALUES ('CTY277', N'Công Ty TNHH Bảo trì Hải Hương', '2361338431', N'Sử Bảo Anh', N'Thái Bình', 'haihuong.company@gmail.com', 'DN789');
INSERT INTO ADMIN.DOANHNGHIEP VALUES ('CTY278', N'Công Ty TNHH Y tế Hải Linh', '2051289862', N'Đỗ Đăng Huy', N'Thái Nguyên', 'hailinh.company@gmail.com', 'DN789');
INSERT INTO ADMIN.DOANHNGHIEP VALUES ('CTY279', N'Tập đoàn Phục vụ Hưng Hạnh', '2163148138', N'Từ Lê Thu', N'Kiên Giang', 'hunghanh.company@gmail.com', 'DN789');
INSERT INTO ADMIN.DOANHNGHIEP VALUES ('CTY280', N'Tập đoàn Dịch vụ Hùng Thảo', '8550028412', N'Thạch Thị Hồng', N'Thanh Hóa', 'hungthao.company@gmail.com', 'DN789');
INSERT INTO ADMIN.DOANHNGHIEP VALUES ('CTY281', N'Công Ty TNHH Nghệ thuật Thịnh Hồng', '5080427993', N'Từ Thủy Anh', N'Hồ Chí Minh', 'thinhhong.company@gmail.com', 'DN789');
INSERT INTO ADMIN.DOANHNGHIEP VALUES ('CTY282', N'Tập đoàn Phục vụ Thuỳ Nam', '9186380778', N'Huỳnh Hải Thủy', N'Đắk Nông', 'thuynam.company@gmail.com', 'DN789');
INSERT INTO ADMIN.DOANHNGHIEP VALUES ('CTY283', N'Công Ty TNHH Văn phòng Hải Anh', '5401406785', N'Sơn Hưng Hà', N'Bình Thuận', 'haianh.company@gmail.com', 'DN789');
INSERT INTO ADMIN.DOANHNGHIEP VALUES ('CTY284', N'Công Ty TNHH Tài chính Hồng Hưng', '4975692961', N'Phùng Trung Hồng', N'Thái Bình', 'honghung.company@gmail.com', 'DN789');
INSERT INTO ADMIN.DOANHNGHIEP VALUES ('CTY285', N'Tập đoàn Y tế Hưng Hùng', '9080480748', N'Tăng Trung Thủy', N'Quảng Nam', 'hunghung.company@gmail.com', 'DN789');
INSERT INTO ADMIN.DOANHNGHIEP VALUES ('CTY286', N'Công Ty TNHH Thể thao Văn Hưng', '2774117820', N'Tô Hùng Phương', N'Hải Phòng', 'vanhung.company@gmail.com', 'DN789');
INSERT INTO ADMIN.DOANHNGHIEP VALUES ('CTY287', N'Tập đoàn Dịch vụ Hồng Việt', '4322197232', N'Đỗ Đăng Nam', N'Cà mau', 'hongviet.company@gmail.com', 'DN789');
INSERT INTO ADMIN.DOANHNGHIEP VALUES ('CTY288', N'Công Ty TNHH Kinh doanh Đăng Thủy', '4840944355', N'Trịnh Bảo Hạnh', N'Bắc Ninh', 'dangthuy.company@gmail.com', 'DN789');
INSERT INTO ADMIN.DOANHNGHIEP VALUES ('CTY289', N'Tập đoàn Hỗ trợ Thủy Hưng', '6214213951', N'Vũ Hữu Hương', N'Hưng Yên', 'thuyhung.company@gmail.com', 'DN789');
INSERT INTO ADMIN.DOANHNGHIEP VALUES ('CTY290', N'Công Ty TNHH Quản lý Hồng Hà', '1163448794', N'Sơn Bảo Thủy', N'Quảng Nam', 'hongha.company@gmail.com', 'DN789');
INSERT INTO ADMIN.DOANHNGHIEP VALUES ('CTY291', N'Công Ty Cổ Phần Quản lý Lê Anh', '5151283559', N'Hà Thuỳ Linh', N'Phú Thọ', 'leanh.company@gmail.com', 'DN789');
INSERT INTO ADMIN.DOANHNGHIEP VALUES ('CTY292', N'Tập đoàn Hỗ trợ Hưng Hạnh', '1501781615', N'Vũ Hưng Tùng', N'Thừa Thiên Huế', 'hunghanh.company@gmail.com', 'DN789');
INSERT INTO ADMIN.DOANHNGHIEP VALUES ('CTY293', N'Công Ty Cổ Phần Vận chuyển Trung Thảo', '5017665881', N'Huỳnh Đăng Hùng', N'Lai Châu', 'trungthao.company@gmail.com', 'DN789');
INSERT INTO ADMIN.DOANHNGHIEP VALUES ('CTY294', N'Tập đoàn Thu ngân Hải Tùng', '3930094234', N'Võ Hữu Phương', N'Hậu Giang', 'haitung.company@gmail.com', 'DN789');
INSERT INTO ADMIN.DOANHNGHIEP VALUES ('CTY295', N'Công Ty TNHH IT Thịnh Anh', '8144882554', N'Trương Hồng Thảo', N'Bình Thuận', 'thinhanh.company@gmail.com', 'DN789');
INSERT INTO ADMIN.DOANHNGHIEP VALUES ('CTY296', N'Tập đoàn Bảo hiểm Hồng Hương', '9478117053', N'Trịnh Lê Trang', N'Hậu Giang', 'honghuong.company@gmail.com', 'DN789');
INSERT INTO ADMIN.DOANHNGHIEP VALUES ('CTY297', N'Công Ty Cổ Phần Thu ngân Lê Hương', '7773064144', N'Huỳnh Trung Thu', N'Bình Dương', 'lehuong.company@gmail.com', 'DN789');
INSERT INTO ADMIN.DOANHNGHIEP VALUES ('CTY298', N'Tập đoàn Văn phòng Hưng Hồng', '6376676428', N'Lương Minh Hùng', N'Đắk Nông', 'hunghong.company@gmail.com', 'DN789');
INSERT INTO ADMIN.DOANHNGHIEP VALUES ('CTY299', N'Tập đoàn Bán hàng Thuỳ Phương', '1473973029', N'Mai Ngọc Việt', N'Nam Định', 'thuyphuong.company@gmail.com', 'DN789');
INSERT INTO ADMIN.DOANHNGHIEP VALUES ('CTY300', N'Công Ty Cổ Phần Marketing Hạnh Thảo', '7894848089', N'Thạch Hà Hồng', N'Quảng Ngãi', 'hanhthao.company@gmail.com', 'DN789');
INSERT INTO ADMIN.DOANHNGHIEP VALUES ('CTY301', N'Công Ty Cổ Phần Quản lý Hải Hồng', '5094145726', N'Đào Thủy Hùng', N'Hòa Bình', 'haihong.company@gmail.com', 'DN789');
INSERT INTO ADMIN.DOANHNGHIEP VALUES ('CTY302', N'Công Ty Cổ Phần Kế toán Bảo Thủy', '5552129174', N'Sơn Hưng Thủy', N'Tuyên Quang', 'baothuy.company@gmail.com', 'DN789');
INSERT INTO ADMIN.DOANHNGHIEP VALUES ('CTY303', N'Công Ty Cổ Phần Bảo vệ Hùng Hải', '7365353807', N'Bùi Hải Linh', N'Đồng Tháp', 'hunghai.company@gmail.com', 'DN789');
INSERT INTO ADMIN.DOANHNGHIEP VALUES ('CTY304', N'Công Ty Cổ Phần Nghệ thuật Hải Hưng', '4761695299', N'Hoàng Thủy Việt', N'Tiền Giang', 'haihung.company@gmail.com', 'DN789');
INSERT INTO ADMIN.DOANHNGHIEP VALUES ('CTY305', N'Công Ty TNHH Hỗ trợ Thị Hà', '9456584626', N'Hoàng Văn Hạnh', N'Thừa Thiên Huế', 'thiha.company@gmail.com', 'DN789');
INSERT INTO ADMIN.DOANHNGHIEP VALUES ('CTY306', N'Tập đoàn Kỹ thuật Hà Tùng', '9396419902', N'Hoàng Thủy Anh', N'Thanh Hóa', 'hatung.company@gmail.com', 'DN789');
INSERT INTO ADMIN.DOANHNGHIEP VALUES ('CTY307', N'Tập đoàn Bảo vệ Trung Hải', '6973287890', N'Phạm Thịnh Hồng', N'Tiền Giang', 'trunghai.company@gmail.com', 'DN789');
INSERT INTO ADMIN.DOANHNGHIEP VALUES ('CTY308', N'Công Ty TNHH Bảo vệ Thị Phương', '1028222157', N'Bùi Lê Trang', N'Lạng Sơn', 'thiphuong.company@gmail.com', 'DN789');
INSERT INTO ADMIN.DOANHNGHIEP VALUES ('CTY309', N'Tập đoàn Giáo dục Thuỳ Thảo', '7014739224', N'Đỗ Thuỳ Phương', N'Cà mau', 'thuythao.company@gmail.com', 'DN789');
INSERT INTO ADMIN.DOANHNGHIEP VALUES ('CTY310', N'Công Ty TNHH Y tế Đăng Huy', '8127260060', N'Tăng Thuỳ Việt', N'Tiền Giang', 'danghuy.company@gmail.com', 'DN789');
INSERT INTO ADMIN.DOANHNGHIEP VALUES ('CTY311', N'Công Ty TNHH Dịch vụ Trung Nam', '9803513698', N'Bùi Hữu Thủy', N'Phú Yên', 'trungnam.company@gmail.com', 'DN789');
INSERT INTO ADMIN.DOANHNGHIEP VALUES ('CTY312', N'Công Ty Cổ Phần Bất động sản Hương Hà', '3398597461', N'Sơn Hải Nam', N'Quảng Ngãi', 'huongha.company@gmail.com', 'DN789');
INSERT INTO ADMIN.DOANHNGHIEP VALUES ('CTY313', N'Tập đoàn Thể thao Hải Thảo', '4142592188', N'Dương Hà Hồng', N'Kiên Giang', 'haithao.company@gmail.com', 'DN789');
INSERT INTO ADMIN.DOANHNGHIEP VALUES ('CTY314', N'Công Ty Cổ Phần Bảo hiểm Hồng Nam', '4198569642', N'Bùi Văn Trang', N'Bình Phước', 'hongnam.company@gmail.com', 'DN789');
INSERT INTO ADMIN.DOANHNGHIEP VALUES ('CTY315', N'Công Ty TNHH Tư vấn Hải Hương', '1703979025', N'Trần Hạnh Trang', N'Gia lai', 'haihuong.company@gmail.com', 'DN789');
INSERT INTO ADMIN.DOANHNGHIEP VALUES ('CTY316', N'Tập đoàn Thể thao Đăng Hải', '7242437864', N'Từ Hùng Việt', N'Hà Tĩnh', 'danghai.company@gmail.com', 'DN789');
INSERT INTO ADMIN.DOANHNGHIEP VALUES ('CTY317', N'Công Ty Cổ Phần IT Hồng Hạnh', '3194379458', N'Đoàn Hưng Hoa', N'Tuyên Quang', 'honghanh.company@gmail.com', 'DN789');
INSERT INTO ADMIN.DOANHNGHIEP VALUES ('CTY318', N'Công Ty TNHH Kế toán Hương Hùng', '9012071694', N'Đặng Hưng Hải', N'Thừa Thiên Huế', 'huonghung.company@gmail.com', 'DN789');
INSERT INTO ADMIN.DOANHNGHIEP VALUES ('CTY319', N'Công Ty TNHH Quản lý Thuỳ Thu', '6274370796', N'Võ Thuỳ Nam', N'Sơn La', 'thuythu.company@gmail.com', 'DN789');
INSERT INTO ADMIN.DOANHNGHIEP VALUES ('CTY320', N'Công Ty Cổ Phần Hỗ trợ Thịnh Hùng', '7981081227', N'Nguyễn Hồng Thủy', N'Trà Vinh', 'thinhhung.company@gmail.com', 'DN789');
INSERT INTO ADMIN.DOANHNGHIEP VALUES ('CTY321', N'Công Ty Cổ Phần Giáo dục Hải Thảo', '1563627211', N'Vũ Ngọc Huy', N'Ninh Thuận', 'haithao.company@gmail.com', 'DN789');
INSERT INTO ADMIN.DOANHNGHIEP VALUES ('CTY322', N'Công Ty Cổ Phần Bảo hiểm Minh Linh', '9006166605', N'Phạm Đăng Hùng', N'Hải Dương', 'minhlinh.company@gmail.com', 'DN789');
INSERT INTO ADMIN.DOANHNGHIEP VALUES ('CTY323', N'Công Ty Cổ Phần Tài chính Hồng Hải', '9252764687', N'Phùng Lê Hạnh', N'Quảng Ngãi', 'honghai.company@gmail.com', 'DN789');
INSERT INTO ADMIN.DOANHNGHIEP VALUES ('CTY324', N'Công Ty Cổ Phần Bán hàng Đăng Việt', '4408591603', N'Tăng Hải Hoa', N'Ninh Bình', 'dangviet.company@gmail.com', 'DN789');
INSERT INTO ADMIN.DOANHNGHIEP VALUES ('CTY325', N'Công Ty Cổ Phần Hỗ trợ Thị Linh', '4764570157', N'Ngô Bảo Hưng', N'Thái Nguyên', 'thilinh.company@gmail.com', 'DN789');
INSERT INTO ADMIN.DOANHNGHIEP VALUES ('CTY326', N'Công Ty TNHH Kỹ thuật Thuỳ Hồng', '1794852408', N'Thái Thuỳ Huy', N'Hồ Chí Minh', 'thuyhong.company@gmail.com', 'DN789');
INSERT INTO ADMIN.DOANHNGHIEP VALUES ('CTY327', N'Công Ty TNHH Marketing Đăng Việt', '3768048326', N'Tăng Hưng Hồng', N'Bình Thuận', 'dangviet.company@gmail.com', 'DN789');
INSERT INTO ADMIN.DOANHNGHIEP VALUES ('CTY328', N'Công Ty TNHH Nghệ thuật Thịnh Phương', '5802948675', N'Bùi Hương Nam', N'Đồng Tháp', 'thinhphuong.company@gmail.com', 'DN789');
INSERT INTO ADMIN.DOANHNGHIEP VALUES ('CTY329', N'Công Ty TNHH Kỹ thuật Đăng Thu', '1263056840', N'Chu Lê Hà', N'Phú Yên', 'dangthu.company@gmail.com', 'DN789');
INSERT INTO ADMIN.DOANHNGHIEP VALUES ('CTY330', N'Tập đoàn Dịch vụ Hùng Hà', '6407558854', N'Đinh Hưng Việt', N'Ninh Thuận', 'hungha.company@gmail.com', 'DN789');
INSERT INTO ADMIN.DOANHNGHIEP VALUES ('CTY331', N'Tập đoàn Bảo vệ Hà Huy', '3015171036', N'Phan Thuỳ Linh', N'Ninh Thuận', 'hahuy.company@gmail.com', 'DN789');
INSERT INTO ADMIN.DOANHNGHIEP VALUES ('CTY332', N'Công Ty Cổ Phần Bảo hiểm Hải Hùng', '8796548244', N'Đào Thuỳ Hải', N'Thanh Hóa', 'haihung.company@gmail.com', 'DN789');
INSERT INTO ADMIN.DOANHNGHIEP VALUES ('CTY333', N'Tập đoàn Văn phòng Hạnh Tùng', '8302710958', N'Đặng Hùng Linh', N'Sơn La', 'hanhtung.company@gmail.com', 'DN789');
INSERT INTO ADMIN.DOANHNGHIEP VALUES ('CTY334', N'Tập đoàn Nghệ thuật Hùng Thu', '6571438288', N'Tạ Hữu Phương', N'Lạng Sơn', 'hungthu.company@gmail.com', 'DN789');
INSERT INTO ADMIN.DOANHNGHIEP VALUES ('CTY335', N'Công Ty Cổ Phần Bán hàng Thị Thu', '3635128282', N'Đỗ Hải Hải', N'Quảng Trị', 'thithu.company@gmail.com', 'DN789');
INSERT INTO ADMIN.DOANHNGHIEP VALUES ('CTY336', N'Tập đoàn Bảo vệ Hữu Hà', '4472557940', N'Sử Hạnh Hoa', N'Hà Nam', 'huuha.company@gmail.com', 'DN789');
INSERT INTO ADMIN.DOANHNGHIEP VALUES ('CTY337', N'Tập đoàn Bảo vệ Đăng Thu', '6085716281', N'Võ Hưng Việt', N'Vĩnh Phúc', 'dangthu.company@gmail.com', 'DN789');
INSERT INTO ADMIN.DOANHNGHIEP VALUES ('CTY338', N'Công Ty TNHH Marketing Thuỳ Hưng', '7891342983', N'Trần Trung Huy', N'Lâm Đồng', 'thuyhung.company@gmail.com', 'DN789');
INSERT INTO ADMIN.DOANHNGHIEP VALUES ('CTY339', N'Công Ty Cổ Phần Kế toán Hải Hương', '2381185932', N'Chu Hạnh Linh', N'Tiền Giang', 'haihuong.company@gmail.com', 'DN789');
INSERT INTO ADMIN.DOANHNGHIEP VALUES ('CTY340', N'Tập đoàn Giáo dục Trung Hương', '7382084385', N'Tô Minh Hùng', N'Sơn La', 'trunghuong.company@gmail.com', 'DN789');
INSERT INTO ADMIN.DOANHNGHIEP VALUES ('CTY341', N'Tập đoàn Sản xuất Trung Huy', '5033131191', N'Phan Hùng Thu', N'Phú Yên', 'trunghuy.company@gmail.com', 'DN789');
INSERT INTO ADMIN.DOANHNGHIEP VALUES ('CTY342', N'Tập đoàn Kế toán Đăng Thủy', '8152752858', N'Mai Trung Trang', N'Sơn La', 'dangthuy.company@gmail.com', 'DN789');
INSERT INTO ADMIN.DOANHNGHIEP VALUES ('CTY343', N'Công Ty TNHH Sản xuất Lê Hoa', '1232533566', N'Từ Bảo Hoa', N'Thái Nguyên', 'lehoa.company@gmail.com', 'DN789');
INSERT INTO ADMIN.DOANHNGHIEP VALUES ('CTY344', N'Công Ty TNHH Phục vụ Trung Hà', '4984102662', N'Phùng Thịnh Huy', N'Tuyên Quang', 'trungha.company@gmail.com', 'DN789');
INSERT INTO ADMIN.DOANHNGHIEP VALUES ('CTY345', N'Công Ty TNHH Marketing Hương Trang', '7556261426', N'Tô Hùng Huy', N'Tiền Giang', 'huongtrang.company@gmail.com', 'DN789');
INSERT INTO ADMIN.DOANHNGHIEP VALUES ('CTY346', N'Công Ty Cổ Phần Quản lý Thị Phương', '1641365918', N'Đặng Trung Nam', N'Lào Cai', 'thiphuong.company@gmail.com', 'DN789');
INSERT INTO ADMIN.DOANHNGHIEP VALUES ('CTY347', N'Tập đoàn Bảo trì Thuỳ Hương', '3663149935', N'Sử Ngọc Nam', N'Hải Dương', 'thuyhuong.company@gmail.com', 'DN789');
INSERT INTO ADMIN.DOANHNGHIEP VALUES ('CTY348', N'Tập đoàn Thể thao Thị Thảo', '7610730014', N'Hoàng Hải Hương', N'Đắk Nông', 'thithao.company@gmail.com', 'DN789');
INSERT INTO ADMIN.DOANHNGHIEP VALUES ('CTY349', N'Công Ty Cổ Phần Văn phòng Hữu Hồng', '2523447219', N'Võ Ngọc Huy', N'Đắk Nông', 'huuhong.company@gmail.com', 'DN789');
INSERT INTO ADMIN.DOANHNGHIEP VALUES ('CTY350', N'Tập đoàn Bảo vệ Ngọc Hải', '1488086250', N'Đào Hải Phương', N'Long An', 'ngochai.company@gmail.com', 'DN789');
INSERT INTO ADMIN.DOANHNGHIEP VALUES ('CTY351', N'Công Ty Cổ Phần Vận chuyển Hồng Hoa', '6740936973', N'Đỗ Hữu Hồng', N'Bình Thuận', 'honghoa.company@gmail.com', 'DN789');
INSERT INTO ADMIN.DOANHNGHIEP VALUES ('CTY352', N'Công Ty Cổ Phần Kế toán Minh Hồng', '8121191886', N'Trịnh Thị Việt', N'Bình Phước', 'minhhong.company@gmail.com', 'DN789');
INSERT INTO ADMIN.DOANHNGHIEP VALUES ('CTY353', N'Công Ty TNHH Thu ngân Bảo Anh', '8632073529', N'Bùi Trung Việt', N'Tây Ninh', 'baoanh.company@gmail.com', 'DN789');
INSERT INTO ADMIN.DOANHNGHIEP VALUES ('CTY354', N'Công Ty TNHH Tư vấn Hà Nam', '3677525440', N'Đào Hà Hoa', N'Vĩnh Long', 'hanam.company@gmail.com', 'DN789');
INSERT INTO ADMIN.DOANHNGHIEP VALUES ('CTY355', N'Công Ty TNHH Vận chuyển Thịnh Hạnh', '1612261239', N'Ngô Minh Anh', N'Nghệ An', 'thinhhanh.company@gmail.com', 'DN789');
INSERT INTO ADMIN.DOANHNGHIEP VALUES ('CTY356', N'Tập đoàn Hỗ trợ Hải Hoa', '1693958646', N'Thạch Hạnh Hương', N'Bạc Liêu', 'haihoa.company@gmail.com', 'DN789');
INSERT INTO ADMIN.DOANHNGHIEP VALUES ('CTY357', N'Công Ty Cổ Phần Hỗ trợ Minh Anh', '5614806579', N'Trịnh Hạnh Phương', N'Quảng Ninh', 'minhanh.company@gmail.com', 'DN789');
INSERT INTO ADMIN.DOANHNGHIEP VALUES ('CTY358', N'Tập đoàn Văn phòng Thịnh Linh', '3244575203', N'Đinh Minh Hưng', N'Ninh Thuận', 'thinhlinh.company@gmail.com', 'DN789');
INSERT INTO ADMIN.DOANHNGHIEP VALUES ('CTY359', N'Công Ty Cổ Phần Văn phòng Hồng Hà', '8821874923', N'Phan Thuỳ Linh', N'Bình Dương', 'hongha.company@gmail.com', 'DN789');
INSERT INTO ADMIN.DOANHNGHIEP VALUES ('CTY360', N'Tập đoàn Giáo dục Hạnh Hồng', '6246280581', N'Lương Hải Phương', N'Phú Thọ', 'hanhhong.company@gmail.com', 'DN789');
INSERT INTO ADMIN.DOANHNGHIEP VALUES ('CTY361', N'Công Ty Cổ Phần Bảo vệ Đăng Phương', '7254922347', N'Huỳnh Hà Hoa', N'Bình Phước', 'dangphuong.company@gmail.com', 'DN789');
INSERT INTO ADMIN.DOANHNGHIEP VALUES ('CTY362', N'Công Ty TNHH Y tế Bảo Linh', '6902423242', N'Phạm Thuỳ Anh', N'Kon Tum', 'baolinh.company@gmail.com', 'DN789');
INSERT INTO ADMIN.DOANHNGHIEP VALUES ('CTY363', N'Công Ty Cổ Phần Thể thao Hải Trang', '5773910256', N'Võ Hải Hạnh', N'Nghệ An', 'haitrang.company@gmail.com', 'DN789');
INSERT INTO ADMIN.DOANHNGHIEP VALUES ('CTY364', N'Công Ty TNHH Y tế Hải Hải', '8773128317', N'Bùi Thịnh Hương', N'Vĩnh Long', 'haihai.company@gmail.com', 'DN789');
INSERT INTO ADMIN.DOANHNGHIEP VALUES ('CTY365', N'Công Ty Cổ Phần Sản xuất Thịnh Nam', '3974374545', N'Đặng Thịnh Phương', N'Hà Nội', 'thinhnam.company@gmail.com', 'DN789');
INSERT INTO ADMIN.DOANHNGHIEP VALUES ('CTY366', N'Tập đoàn Kinh doanh Hương Hoa', '1411865399', N'Phan Hữu Trang', N'Thái Nguyên', 'huonghoa.company@gmail.com', 'DN789');
INSERT INTO ADMIN.DOANHNGHIEP VALUES ('CTY367', N'Công Ty TNHH Giáo dục Hữu Hạnh', '4142017663', N'Đoàn Hạnh Hà', N'Lào Cai', 'huuhanh.company@gmail.com', 'DN789');
INSERT INTO ADMIN.DOANHNGHIEP VALUES ('CTY368', N'Tập đoàn Dịch vụ Bảo Thu', '5407482936', N'Đinh Bảo Trang', N'Hưng Yên', 'baothu.company@gmail.com', 'DN789');
INSERT INTO ADMIN.DOANHNGHIEP VALUES ('CTY369', N'Công Ty Cổ Phần Hỗ trợ Hữu Việt', '2596146637', N'Sơn Đăng Hoa', N'Cà mau', 'huuviet.company@gmail.com', 'DN789');
INSERT INTO ADMIN.DOANHNGHIEP VALUES ('CTY370', N'Công Ty TNHH Nghệ thuật Minh Việt', '5786897024', N'Đặng Hùng Hoa', N'Gia lai', 'minhviet.company@gmail.com', 'DN789');
INSERT INTO ADMIN.DOANHNGHIEP VALUES ('CTY371', N'Tập đoàn Thu ngân Minh Hương', '7663933546', N'Lương Ngọc Hà', N'Hải Dương', 'minhhuong.company@gmail.com', 'DN789');
INSERT INTO ADMIN.DOANHNGHIEP VALUES ('CTY372', N'Tập đoàn Quản lý Hưng Hà', '4165305428', N'Đoàn Thị Hồng', N'Yên Bái', 'hungha.company@gmail.com', 'DN789');
INSERT INTO ADMIN.DOANHNGHIEP VALUES ('CTY373', N'Công Ty TNHH Y tế Hải Hà', '2810624176', N'Thái Bảo Thủy', N'Bình Phước', 'haiha.company@gmail.com', 'DN789');
INSERT INTO ADMIN.DOANHNGHIEP VALUES ('CTY374', N'Công Ty TNHH Văn phòng Văn Hưng', '3545008897', N'Nguyễn Bảo Thủy', N'Đắk Lắk', 'vanhung.company@gmail.com', 'DN789');
INSERT INTO ADMIN.DOANHNGHIEP VALUES ('CTY375', N'Công Ty TNHH Bất động sản Hà Trang', '1091242196', N'Hà Hạnh Thủy', N'Vĩnh Long', 'hatrang.company@gmail.com', 'DN789');
INSERT INTO ADMIN.DOANHNGHIEP VALUES ('CTY376', N'Công Ty TNHH Kỹ thuật Hồng Thủy', '7375845657', N'Bùi Thị Tùng', N'Phú Thọ', 'hongthuy.company@gmail.com', 'DN789');
INSERT INTO ADMIN.DOANHNGHIEP VALUES ('CTY377', N'Công Ty TNHH Hỗ trợ Hà Thảo', '3363013739', N'Trần Hưng Huy', N'Sơn La', 'hathao.company@gmail.com', 'DN789');
INSERT INTO ADMIN.DOANHNGHIEP VALUES ('CTY378', N'Công Ty Cổ Phần Giáo dục Hưng Nam', '9766324259', N'Tiêu Ngọc Hà', N'Nam Định', 'hungnam.company@gmail.com', 'DN789');
INSERT INTO ADMIN.DOANHNGHIEP VALUES ('CTY379', N'Công Ty Cổ Phần Bảo trì Hải Phương', '1912148009', N'Thạch Thủy Hà', N'Lai Châu', 'haiphuong.company@gmail.com', 'DN789');
INSERT INTO ADMIN.DOANHNGHIEP VALUES ('CTY380', N'Công Ty TNHH Marketing Trung Trang', '9474701942', N'Chu Văn Huy', N'Phú Thọ', 'trungtrang.company@gmail.com', 'DN789');
INSERT INTO ADMIN.DOANHNGHIEP VALUES ('CTY381', N'Công Ty TNHH Vận chuyển Thịnh Hạnh', '9930927360', N'Trần Trung Hưng', N'Bình Phước', 'thinhhanh.company@gmail.com', 'DN789');
INSERT INTO ADMIN.DOANHNGHIEP VALUES ('CTY382', N'Tập đoàn Tài chính Hưng Tùng', '3423569988', N'Sơn Trung Hạnh', N'Ninh Thuận', 'hungtung.company@gmail.com', 'DN789');
INSERT INTO ADMIN.DOANHNGHIEP VALUES ('CTY383', N'Tập đoàn Thu ngân Trung Trang', '1770508858', N'Đặng Hùng Nam', N'Lào Cai', 'trungtrang.company@gmail.com', 'DN789');
INSERT INTO ADMIN.DOANHNGHIEP VALUES ('CTY384', N'Tập đoàn Văn phòng Bảo Huy', '1887980789', N'Đoàn Hưng Anh', N'Hậu Giang', 'baohuy.company@gmail.com', 'DN789');
INSERT INTO ADMIN.DOANHNGHIEP VALUES ('CTY385', N'Công Ty TNHH Tài chính Trung Linh', '5566992879', N'Đoàn Hưng Linh', N'Phú Thọ', 'trunglinh.company@gmail.com', 'DN789');
INSERT INTO ADMIN.DOANHNGHIEP VALUES ('CTY386', N'Công Ty Cổ Phần Bảo vệ Trung Nam', '4505444353', N'Trương Thuỳ Hồng', N'Khánh Hòa', 'trungnam.company@gmail.com', 'DN789');
INSERT INTO ADMIN.DOANHNGHIEP VALUES ('CTY387', N'Tập đoàn Bất động sản Hồng Trang', '8002307067', N'Đinh Hùng Linh', N'Hải Dương', 'hongtrang.company@gmail.com', 'DN789');
INSERT INTO ADMIN.DOANHNGHIEP VALUES ('CTY388', N'Tập đoàn IT Thị Huy', '3043980825', N'Lý Hà Hùng', N'Thừa Thiên Huế', 'thihuy.company@gmail.com', 'DN789');
INSERT INTO ADMIN.DOANHNGHIEP VALUES ('CTY389', N'Công Ty TNHH Nghệ thuật Minh Linh', '1068337783', N'Sử Thị Hạnh', N'Gia lai', 'minhlinh.company@gmail.com', 'DN789');
INSERT INTO ADMIN.DOANHNGHIEP VALUES ('CTY390', N'Công Ty TNHH Vận chuyển Hải Linh', '1658776262', N'Bùi Thị Thủy', N'Phú Yên', 'hailinh.company@gmail.com', 'DN789');
INSERT INTO ADMIN.DOANHNGHIEP VALUES ('CTY391', N'Tập đoàn Hỗ trợ Hùng Linh', '5375861964', N'Tiêu Trung Hùng', N'Hồ Chí Minh', 'hunglinh.company@gmail.com', 'DN789');
INSERT INTO ADMIN.DOANHNGHIEP VALUES ('CTY392', N'Công Ty TNHH Thể thao Thịnh Hoa', '3523077523', N'Hà Minh Thủy', N'Thái Nguyên', 'thinhhoa.company@gmail.com', 'DN789');
INSERT INTO ADMIN.DOANHNGHIEP VALUES ('CTY393', N'Công Ty TNHH Bảo hiểm Trung Việt', '2781369517', N'Đỗ Hữu Nam', N'Tuyên Quang', 'trungviet.company@gmail.com', 'DN789');
INSERT INTO ADMIN.DOANHNGHIEP VALUES ('CTY394', N'Tập đoàn Quản lý Thuỳ Hưng', '3512324767', N'Trịnh Minh Hà', N'Thái Bình', 'thuyhung.company@gmail.com', 'DN789');
INSERT INTO ADMIN.DOANHNGHIEP VALUES ('CTY395', N'Công Ty Cổ Phần Nghệ thuật Đăng Thủy', '9740887527', N'Phùng Trung Hải', N'Tây Ninh', 'dangthuy.company@gmail.com', 'DN789');
INSERT INTO ADMIN.DOANHNGHIEP VALUES ('CTY396', N'Công Ty Cổ Phần Bảo hiểm Hương Hà', '9818572094', N'Hồ Thịnh Tùng', N'Hồ Chí Minh', 'huongha.company@gmail.com', 'DN789');
INSERT INTO ADMIN.DOANHNGHIEP VALUES ('CTY397', N'Tập đoàn Bảo hiểm Hải Nam', '6918418805', N'Thạch Hữu Hoa', N'Hải Phòng', 'hainam.company@gmail.com', 'DN789');
INSERT INTO ADMIN.DOANHNGHIEP VALUES ('CTY398', N'Công Ty Cổ Phần Thu ngân Bảo Anh', '4446198399', N'Ngô Hưng Hưng', N'Hà Tĩnh', 'baoanh.company@gmail.com', 'DN789');
INSERT INTO ADMIN.DOANHNGHIEP VALUES ('CTY399', N'Tập đoàn Phục vụ Hải Linh', '2094256959', N'Trịnh Văn Huy', N'Hà Tĩnh', 'hailinh.company@gmail.com', 'DN789');
INSERT INTO ADMIN.DOANHNGHIEP VALUES ('CTY400', N'Công Ty TNHH Bảo trì Thuỳ Hạnh', '4842825226', N'Lý Trung Linh', N'Hậu Giang', 'thuyhanh.company@gmail.com', 'DN789');


INSERT INTO ADMIN.PHIEUDANGKYDN VALUES ('PDK001', to_date('2022-02-12','YYYY-MM-DD'), N'Đang xử lý', 'NV129', 'CTY322');
INSERT INTO ADMIN.PHIEUDANGKYDN VALUES ('PDK002', to_date('2022-07-31','YYYY-MM-DD'), N'Mới đăng ký', 'NV008', 'CTY071');
INSERT INTO ADMIN.PHIEUDANGKYDN VALUES ('PDK003', to_date('2024-01-12','YYYY-MM-DD'), N'Mới đăng ký', 'NV156', 'CTY067');
INSERT INTO ADMIN.PHIEUDANGKYDN VALUES ('PDK004', to_date('2022-01-06','YYYY-MM-DD'), N'Đang xử lý', 'NV205', 'CTY059');
INSERT INTO ADMIN.PHIEUDANGKYDN VALUES ('PDK005', to_date('2023-06-29','YYYY-MM-DD'), N'Đã xử lý', 'NV165', 'CTY394');
INSERT INTO ADMIN.PHIEUDANGKYDN VALUES ('PDK006', to_date('2023-05-06','YYYY-MM-DD'), N'Đang xử lý', 'NV081', 'CTY263');
INSERT INTO ADMIN.PHIEUDANGKYDN VALUES ('PDK007', to_date('2023-07-24','YYYY-MM-DD'), N'Đang xử lý', 'NV374', 'CTY221');
INSERT INTO ADMIN.PHIEUDANGKYDN VALUES ('PDK008', to_date('2023-10-14','YYYY-MM-DD'), N'Mới đăng ký', 'NV039', 'CTY176');
INSERT INTO ADMIN.PHIEUDANGKYDN VALUES ('PDK009', to_date('2023-07-07','YYYY-MM-DD'), N'Mới đăng ký', 'NV218', 'CTY132');
INSERT INTO ADMIN.PHIEUDANGKYDN VALUES ('PDK010', to_date('2023-10-06','YYYY-MM-DD'), N'Đã xử lý', 'NV042', 'CTY258');
INSERT INTO ADMIN.PHIEUDANGKYDN VALUES ('PDK011', to_date('2024-04-29','YYYY-MM-DD'), N'Mới đăng ký', 'NV037', 'CTY279');
INSERT INTO ADMIN.PHIEUDANGKYDN VALUES ('PDK012', to_date('2023-11-22','YYYY-MM-DD'), N'Mới đăng ký', 'NV111', 'CTY308');
INSERT INTO ADMIN.PHIEUDANGKYDN VALUES ('PDK013', to_date('2024-01-06','YYYY-MM-DD'), N'Đã xử lý', 'NV015', 'CTY202');
INSERT INTO ADMIN.PHIEUDANGKYDN VALUES ('PDK014', to_date('2024-04-15','YYYY-MM-DD'), N'Mới đăng ký', 'NV021', 'CTY020');
INSERT INTO ADMIN.PHIEUDANGKYDN VALUES ('PDK015', to_date('2023-01-25','YYYY-MM-DD'), N'Đang xử lý', 'NV187', 'CTY049');
INSERT INTO ADMIN.PHIEUDANGKYDN VALUES ('PDK016', to_date('2022-12-29','YYYY-MM-DD'), N'Đã xử lý', 'NV303', 'CTY032');
INSERT INTO ADMIN.PHIEUDANGKYDN VALUES ('PDK017', to_date('2023-01-26','YYYY-MM-DD'), N'Đã xử lý', 'NV128', 'CTY298');
INSERT INTO ADMIN.PHIEUDANGKYDN VALUES ('PDK018', to_date('2024-06-05','YYYY-MM-DD'), N'Đang xử lý', 'NV227', 'CTY014');
INSERT INTO ADMIN.PHIEUDANGKYDN VALUES ('PDK019', to_date('2022-04-02','YYYY-MM-DD'), N'Đã xử lý', 'NV124', 'CTY372');
INSERT INTO ADMIN.PHIEUDANGKYDN VALUES ('PDK020', to_date('2022-04-05','YYYY-MM-DD'), N'Đang xử lý', 'NV323', 'CTY285');
INSERT INTO ADMIN.PHIEUDANGKYDN VALUES ('PDK021', to_date('2022-01-16','YYYY-MM-DD'), N'Mới đăng ký', 'NV011', 'CTY140');
INSERT INTO ADMIN.PHIEUDANGKYDN VALUES ('PDK022', to_date('2022-05-15','YYYY-MM-DD'), N'Mới đăng ký', 'NV360', 'CTY135');
INSERT INTO ADMIN.PHIEUDANGKYDN VALUES ('PDK023', to_date('2023-08-17','YYYY-MM-DD'), N'Đang xử lý', 'NV326', 'CTY333');
INSERT INTO ADMIN.PHIEUDANGKYDN VALUES ('PDK024', to_date('2023-04-07','YYYY-MM-DD'), N'Mới đăng ký', 'NV063', 'CTY127');
INSERT INTO ADMIN.PHIEUDANGKYDN VALUES ('PDK025', to_date('2022-10-09','YYYY-MM-DD'), N'Mới đăng ký', 'NV308', 'CTY257');
INSERT INTO ADMIN.PHIEUDANGKYDN VALUES ('PDK026', to_date('2022-11-16','YYYY-MM-DD'), N'Đã xử lý', 'NV263', 'CTY282');
INSERT INTO ADMIN.PHIEUDANGKYDN VALUES ('PDK027', to_date('2023-01-22','YYYY-MM-DD'), N'Mới đăng ký', 'NV040', 'CTY301');
INSERT INTO ADMIN.PHIEUDANGKYDN VALUES ('PDK028', to_date('2022-06-28','YYYY-MM-DD'), N'Đang xử lý', 'NV156', 'CTY315');
INSERT INTO ADMIN.PHIEUDANGKYDN VALUES ('PDK029', to_date('2023-05-30','YYYY-MM-DD'), N'Đã xử lý', 'NV051', 'CTY094');
INSERT INTO ADMIN.PHIEUDANGKYDN VALUES ('PDK030', to_date('2022-05-27','YYYY-MM-DD'), N'Mới đăng ký', 'NV134', 'CTY020');
INSERT INTO ADMIN.PHIEUDANGKYDN VALUES ('PDK031', to_date('2022-06-28','YYYY-MM-DD'), N'Mới đăng ký', 'NV318', 'CTY286');
INSERT INTO ADMIN.PHIEUDANGKYDN VALUES ('PDK032', to_date('2023-03-23','YYYY-MM-DD'), N'Đã xử lý', 'NV373', 'CTY082');
INSERT INTO ADMIN.PHIEUDANGKYDN VALUES ('PDK033', to_date('2023-07-03','YYYY-MM-DD'), N'Đã xử lý', 'NV258', 'CTY355');
INSERT INTO ADMIN.PHIEUDANGKYDN VALUES ('PDK034', to_date('2024-06-20','YYYY-MM-DD'), N'Đang xử lý', 'NV287', 'CTY052');
INSERT INTO ADMIN.PHIEUDANGKYDN VALUES ('PDK035', to_date('2024-05-06','YYYY-MM-DD'), N'Mới đăng ký', 'NV312', 'CTY072');
INSERT INTO ADMIN.PHIEUDANGKYDN VALUES ('PDK036', to_date('2023-10-18','YYYY-MM-DD'), N'Đang xử lý', 'NV157', 'CTY384');
INSERT INTO ADMIN.PHIEUDANGKYDN VALUES ('PDK037', to_date('2023-04-06','YYYY-MM-DD'), N'Mới đăng ký', 'NV111', 'CTY056');
INSERT INTO ADMIN.PHIEUDANGKYDN VALUES ('PDK038', to_date('2022-10-24','YYYY-MM-DD'), N'Đang xử lý', 'NV074', 'CTY197');
INSERT INTO ADMIN.PHIEUDANGKYDN VALUES ('PDK039', to_date('2023-09-09','YYYY-MM-DD'), N'Mới đăng ký', 'NV371', 'CTY001');
INSERT INTO ADMIN.PHIEUDANGKYDN VALUES ('PDK040', to_date('2023-04-13','YYYY-MM-DD'), N'Đang xử lý', 'NV066', 'CTY232');
INSERT INTO ADMIN.PHIEUDANGKYDN VALUES ('PDK041', to_date('2022-10-10','YYYY-MM-DD'), N'Đang xử lý', 'NV243', 'CTY308');
INSERT INTO ADMIN.PHIEUDANGKYDN VALUES ('PDK042', to_date('2022-10-18','YYYY-MM-DD'), N'Mới đăng ký', 'NV284', 'CTY290');
INSERT INTO ADMIN.PHIEUDANGKYDN VALUES ('PDK043', to_date('2024-05-10','YYYY-MM-DD'), N'Đang xử lý', 'NV368', 'CTY084');
INSERT INTO ADMIN.PHIEUDANGKYDN VALUES ('PDK044', to_date('2024-01-15','YYYY-MM-DD'), N'Mới đăng ký', 'NV277', 'CTY031');
INSERT INTO ADMIN.PHIEUDANGKYDN VALUES ('PDK045', to_date('2024-05-19','YYYY-MM-DD'), N'Mới đăng ký', 'NV045', 'CTY067');
INSERT INTO ADMIN.PHIEUDANGKYDN VALUES ('PDK046', to_date('2024-03-16','YYYY-MM-DD'), N'Đang xử lý', 'NV017', 'CTY248');
INSERT INTO ADMIN.PHIEUDANGKYDN VALUES ('PDK047', to_date('2024-06-15','YYYY-MM-DD'), N'Đã xử lý', 'NV114', 'CTY241');
INSERT INTO ADMIN.PHIEUDANGKYDN VALUES ('PDK048', to_date('2024-03-04','YYYY-MM-DD'), N'Đang xử lý', 'NV015', 'CTY293');
INSERT INTO ADMIN.PHIEUDANGKYDN VALUES ('PDK049', to_date('2023-03-13','YYYY-MM-DD'), N'Đang xử lý', 'NV126', 'CTY077');
INSERT INTO ADMIN.PHIEUDANGKYDN VALUES ('PDK050', to_date('2022-02-07','YYYY-MM-DD'), N'Đang xử lý', 'NV032', 'CTY033');
INSERT INTO ADMIN.PHIEUDANGKYDN VALUES ('PDK051', to_date('2023-12-10','YYYY-MM-DD'), N'Mới đăng ký', 'NV062', 'CTY088');
INSERT INTO ADMIN.PHIEUDANGKYDN VALUES ('PDK052', to_date('2023-01-26','YYYY-MM-DD'), N'Mới đăng ký', 'NV059', 'CTY383');
INSERT INTO ADMIN.PHIEUDANGKYDN VALUES ('PDK053', to_date('2022-05-14','YYYY-MM-DD'), N'Đã xử lý', 'NV133', 'CTY340');
INSERT INTO ADMIN.PHIEUDANGKYDN VALUES ('PDK054', to_date('2022-02-05','YYYY-MM-DD'), N'Đang xử lý', 'NV327', 'CTY348');
INSERT INTO ADMIN.PHIEUDANGKYDN VALUES ('PDK055', to_date('2023-07-04','YYYY-MM-DD'), N'Mới đăng ký', 'NV204', 'CTY043');
INSERT INTO ADMIN.PHIEUDANGKYDN VALUES ('PDK056', to_date('2023-10-04','YYYY-MM-DD'), N'Đã xử lý', 'NV059', 'CTY287');
INSERT INTO ADMIN.PHIEUDANGKYDN VALUES ('PDK057', to_date('2022-02-05','YYYY-MM-DD'), N'Mới đăng ký', 'NV290', 'CTY128');
INSERT INTO ADMIN.PHIEUDANGKYDN VALUES ('PDK058', to_date('2023-07-23','YYYY-MM-DD'), N'Đang xử lý', 'NV265', 'CTY318');
INSERT INTO ADMIN.PHIEUDANGKYDN VALUES ('PDK059', to_date('2023-01-09','YYYY-MM-DD'), N'Đang xử lý', 'NV294', 'CTY240');
INSERT INTO ADMIN.PHIEUDANGKYDN VALUES ('PDK060', to_date('2024-04-28','YYYY-MM-DD'), N'Đã xử lý', 'NV257', 'CTY322');
INSERT INTO ADMIN.PHIEUDANGKYDN VALUES ('PDK061', to_date('2022-11-03','YYYY-MM-DD'), N'Mới đăng ký', 'NV083', 'CTY245');
INSERT INTO ADMIN.PHIEUDANGKYDN VALUES ('PDK062', to_date('2022-10-06','YYYY-MM-DD'), N'Mới đăng ký', 'NV340', 'CTY214');
INSERT INTO ADMIN.PHIEUDANGKYDN VALUES ('PDK063', to_date('2022-03-04','YYYY-MM-DD'), N'Đang xử lý', 'NV032', 'CTY196');
INSERT INTO ADMIN.PHIEUDANGKYDN VALUES ('PDK064', to_date('2023-03-29','YYYY-MM-DD'), N'Đã xử lý', 'NV180', 'CTY116');
INSERT INTO ADMIN.PHIEUDANGKYDN VALUES ('PDK065', to_date('2023-10-13','YYYY-MM-DD'), N'Đã xử lý', 'NV070', 'CTY204');
INSERT INTO ADMIN.PHIEUDANGKYDN VALUES ('PDK066', to_date('2023-02-20','YYYY-MM-DD'), N'Mới đăng ký', 'NV295', 'CTY173');
INSERT INTO ADMIN.PHIEUDANGKYDN VALUES ('PDK067', to_date('2022-08-10','YYYY-MM-DD'), N'Mới đăng ký', 'NV064', 'CTY366');
INSERT INTO ADMIN.PHIEUDANGKYDN VALUES ('PDK068', to_date('2023-09-07','YYYY-MM-DD'), N'Mới đăng ký', 'NV015', 'CTY191');
INSERT INTO ADMIN.PHIEUDANGKYDN VALUES ('PDK069', to_date('2022-04-08','YYYY-MM-DD'), N'Đã xử lý', 'NV360', 'CTY399');
INSERT INTO ADMIN.PHIEUDANGKYDN VALUES ('PDK070', to_date('2022-11-16','YYYY-MM-DD'), N'Mới đăng ký', 'NV094', 'CTY114');
INSERT INTO ADMIN.PHIEUDANGKYDN VALUES ('PDK071', to_date('2024-03-08','YYYY-MM-DD'), N'Mới đăng ký', 'NV349', 'CTY044');
INSERT INTO ADMIN.PHIEUDANGKYDN VALUES ('PDK072', to_date('2024-05-08','YYYY-MM-DD'), N'Mới đăng ký', 'NV116', 'CTY001');
INSERT INTO ADMIN.PHIEUDANGKYDN VALUES ('PDK073', to_date('2024-06-10','YYYY-MM-DD'), N'Đang xử lý', 'NV211', 'CTY324');
INSERT INTO ADMIN.PHIEUDANGKYDN VALUES ('PDK074', to_date('2023-07-18','YYYY-MM-DD'), N'Mới đăng ký', 'NV011', 'CTY133');
INSERT INTO ADMIN.PHIEUDANGKYDN VALUES ('PDK075', to_date('2023-05-08','YYYY-MM-DD'), N'Đang xử lý', 'NV015', 'CTY219');
INSERT INTO ADMIN.PHIEUDANGKYDN VALUES ('PDK076', to_date('2023-06-16','YYYY-MM-DD'), N'Mới đăng ký', 'NV150', 'CTY066');
INSERT INTO ADMIN.PHIEUDANGKYDN VALUES ('PDK077', to_date('2023-08-11','YYYY-MM-DD'), N'Đã xử lý', 'NV372', 'CTY019');
INSERT INTO ADMIN.PHIEUDANGKYDN VALUES ('PDK078', to_date('2022-06-09','YYYY-MM-DD'), N'Đã xử lý', 'NV345', 'CTY198');
INSERT INTO ADMIN.PHIEUDANGKYDN VALUES ('PDK079', to_date('2022-06-29','YYYY-MM-DD'), N'Mới đăng ký', 'NV235', 'CTY182');
INSERT INTO ADMIN.PHIEUDANGKYDN VALUES ('PDK080', to_date('2022-06-28','YYYY-MM-DD'), N'Đang xử lý', 'NV266', 'CTY317');
INSERT INTO ADMIN.PHIEUDANGKYDN VALUES ('PDK081', to_date('2023-03-29','YYYY-MM-DD'), N'Đã xử lý', 'NV315', 'CTY246');
INSERT INTO ADMIN.PHIEUDANGKYDN VALUES ('PDK082', to_date('2022-04-27','YYYY-MM-DD'), N'Mới đăng ký', 'NV087', 'CTY086');
INSERT INTO ADMIN.PHIEUDANGKYDN VALUES ('PDK083', to_date('2023-03-04','YYYY-MM-DD'), N'Đã xử lý', 'NV340', 'CTY258');
INSERT INTO ADMIN.PHIEUDANGKYDN VALUES ('PDK084', to_date('2022-07-21','YYYY-MM-DD'), N'Đang xử lý', 'NV189', 'CTY306');
INSERT INTO ADMIN.PHIEUDANGKYDN VALUES ('PDK085', to_date('2024-03-27','YYYY-MM-DD'), N'Mới đăng ký', 'NV115', 'CTY207');
INSERT INTO ADMIN.PHIEUDANGKYDN VALUES ('PDK086', to_date('2024-06-05','YYYY-MM-DD'), N'Mới đăng ký', 'NV328', 'CTY154');
INSERT INTO ADMIN.PHIEUDANGKYDN VALUES ('PDK087', to_date('2024-02-11','YYYY-MM-DD'), N'Mới đăng ký', 'NV062', 'CTY144');
INSERT INTO ADMIN.PHIEUDANGKYDN VALUES ('PDK088', to_date('2022-12-27','YYYY-MM-DD'), N'Đang xử lý', 'NV399', 'CTY329');
INSERT INTO ADMIN.PHIEUDANGKYDN VALUES ('PDK089', to_date('2023-06-27','YYYY-MM-DD'), N'Đã xử lý', 'NV347', 'CTY205');
INSERT INTO ADMIN.PHIEUDANGKYDN VALUES ('PDK090', to_date('2023-08-03','YYYY-MM-DD'), N'Đã xử lý', 'NV233', 'CTY265');
INSERT INTO ADMIN.PHIEUDANGKYDN VALUES ('PDK091', to_date('2023-07-17','YYYY-MM-DD'), N'Đang xử lý', 'NV063', 'CTY387');
INSERT INTO ADMIN.PHIEUDANGKYDN VALUES ('PDK092', to_date('2022-09-29','YYYY-MM-DD'), N'Đã xử lý', 'NV009', 'CTY204');
INSERT INTO ADMIN.PHIEUDANGKYDN VALUES ('PDK093', to_date('2024-05-11','YYYY-MM-DD'), N'Mới đăng ký', 'NV075', 'CTY336');
INSERT INTO ADMIN.PHIEUDANGKYDN VALUES ('PDK094', to_date('2023-09-01','YYYY-MM-DD'), N'Mới đăng ký', 'NV228', 'CTY099');
INSERT INTO ADMIN.PHIEUDANGKYDN VALUES ('PDK095', to_date('2022-01-02','YYYY-MM-DD'), N'Mới đăng ký', 'NV207', 'CTY070');
INSERT INTO ADMIN.PHIEUDANGKYDN VALUES ('PDK096', to_date('2023-02-27','YYYY-MM-DD'), N'Mới đăng ký', 'NV144', 'CTY331');
INSERT INTO ADMIN.PHIEUDANGKYDN VALUES ('PDK097', to_date('2023-07-08','YYYY-MM-DD'), N'Đang xử lý', 'NV126', 'CTY317');
INSERT INTO ADMIN.PHIEUDANGKYDN VALUES ('PDK098', to_date('2023-10-02','YYYY-MM-DD'), N'Mới đăng ký', 'NV093', 'CTY182');
INSERT INTO ADMIN.PHIEUDANGKYDN VALUES ('PDK099', to_date('2023-08-11','YYYY-MM-DD'), N'Đang xử lý', 'NV163', 'CTY084');
INSERT INTO ADMIN.PHIEUDANGKYDN VALUES ('PDK100', to_date('2023-09-14','YYYY-MM-DD'), N'Mới đăng ký', 'NV287', 'CTY293');


INSERT INTO ADMIN.PHIEUDANGTUYEN VALUES ('PDT001', N'Nhân viên IT', 1, N'3 tháng', N'có bằng tiến sĩ', 4500000, 'CTY094', 'NV138');
INSERT INTO ADMIN.PHIEUDANGTUYEN VALUES ('PDT002', N'Nhân viên bảo trì', 7, N'1 tháng', N'có chứng chỉ TOEIC', 7000000, 'CTY259', 'NV384');
INSERT INTO ADMIN.PHIEUDANGTUYEN VALUES ('PDT003', N'Nhân viên bảo hiểm', 3, N'5 tháng', N'Tốt nghiệp THPT', 3500000, 'CTY010', 'NV390');
INSERT INTO ADMIN.PHIEUDANGTUYEN VALUES ('PDT004', N'Nhân viên văn phòng', 9, N'2 tháng', N'Kinh nghiệm 10 năm trở lên', 8500000, 'CTY045', 'NV345');
INSERT INTO ADMIN.PHIEUDANGTUYEN VALUES ('PDT005', N'Nhân viên marketing', 1, N'6 tháng', N'Tốt nghiệp THCS', 9000000, 'CTY371', 'NV267');
INSERT INTO ADMIN.PHIEUDANGTUYEN VALUES ('PDT006', N'Nhân viên bảo vệ', 5, N'6 tháng', N'có bằng cử nhân', 7500000, 'CTY036', 'NV055');
INSERT INTO ADMIN.PHIEUDANGTUYEN VALUES ('PDT007', N'Nhân viên vận chuyển', 9, N'2 tháng', N'có chứng chỉ TOEIC', 6000000, 'CTY224', 'NV173');
INSERT INTO ADMIN.PHIEUDANGTUYEN VALUES ('PDT008', N'Nhân viên vận chuyển', 5, N'6 tháng', N'có chứng chỉ TOEIC', 4000000, 'CTY023', 'NV132');
INSERT INTO ADMIN.PHIEUDANGTUYEN VALUES ('PDT009', N'Nhân viên thể thao', 2, N'4 tháng', N'có chứng chỉ TOEFL', 5000000, 'CTY265', 'NV337');
INSERT INTO ADMIN.PHIEUDANGTUYEN VALUES ('PDT010', N'Nhân viên tư vấn', 2, N'4 tháng', N'Kinh nghiệm 2 năm trở lên', 9000000, 'CTY201', 'NV265');
INSERT INTO ADMIN.PHIEUDANGTUYEN VALUES ('PDT011', N'Nhân viên phục vụ', 1, N'3 tháng', N'có chứng chỉ TOEFL', 3000000, 'CTY355', 'NV155');
INSERT INTO ADMIN.PHIEUDANGTUYEN VALUES ('PDT012', N'Nhân viên kế toán', 5, N'6 tháng', N'Tốt nghiệp THCS', 9500000, 'CTY316', 'NV221');
INSERT INTO ADMIN.PHIEUDANGTUYEN VALUES ('PDT013', N'Nhân viên thể thao', 5, N'1 tháng', N'có bằng tiến sĩ', 10000000, 'CTY100', 'NV371');
INSERT INTO ADMIN.PHIEUDANGTUYEN VALUES ('PDT014', N'Nhân viên marketing', 8, N'1 tháng', N'có bằng tiến sĩ', 1500000, 'CTY089', 'NV058');
INSERT INTO ADMIN.PHIEUDANGTUYEN VALUES ('PDT015', N'Nhân viên quản lý', 6, N'3 tháng', N'có chứng chỉ TOEFL', 4000000, 'CTY178', 'NV110');
INSERT INTO ADMIN.PHIEUDANGTUYEN VALUES ('PDT016', N'Nhân viên hỗ trợ', 5, N'2 tháng', N'Kinh nghiệm 2 năm trở lên', 8000000, 'CTY197', 'NV131');
INSERT INTO ADMIN.PHIEUDANGTUYEN VALUES ('PDT017', N'Nhân viên nghệ thuật', 8, N'2 tháng', N'Kinh nghiệm 1 năm trở lên', 5500000, 'CTY160', 'NV400');
INSERT INTO ADMIN.PHIEUDANGTUYEN VALUES ('PDT018', N'Nhân viên nghệ thuật', 2, N'5 tháng', N'Kinh nghiệm 10 năm trở lên', 7000000, 'CTY272', 'NV211');
INSERT INTO ADMIN.PHIEUDANGTUYEN VALUES ('PDT019', N'Nhân viên IT', 8, N'5 tháng', N'có chứng chỉ IELTS', 9000000, 'CTY020', 'NV320');
INSERT INTO ADMIN.PHIEUDANGTUYEN VALUES ('PDT020', N'Nhân viên văn phòng', 10, N'1 tháng', N'có chứng chỉ IELTS', 8500000, 'CTY378', 'NV202');
INSERT INTO ADMIN.PHIEUDANGTUYEN VALUES ('PDT021', N'Nhân viên IT', 6, N'2 tháng', N'Kinh nghiệm 3 năm trở lên', 4500000, 'CTY204', 'NV159');
INSERT INTO ADMIN.PHIEUDANGTUYEN VALUES ('PDT022', N'Nhân viên giáo viên', 3, N'4 tháng', N'Kinh nghiệm 5 năm trở lên', 1500000, 'CTY274', 'NV220');
INSERT INTO ADMIN.PHIEUDANGTUYEN VALUES ('PDT023', N'Nhân viên chăm sóc khách hàng', 9, N'4 tháng', N'Tốt nghiệp THCS', 8000000, 'CTY225', 'NV136');
INSERT INTO ADMIN.PHIEUDANGTUYEN VALUES ('PDT024', N'Nhân viên bảo vệ', 10, N'6 tháng', N'Tốt nghiệp THPT', 6000000, 'CTY245', 'NV342');
INSERT INTO ADMIN.PHIEUDANGTUYEN VALUES ('PDT025', N'Nhân viên chăm sóc khách hàng', 4, N'4 tháng', N'Kinh nghiệm 5 năm trở lên', 5500000, 'CTY366', 'NV397');
INSERT INTO ADMIN.PHIEUDANGTUYEN VALUES ('PDT026', N'Nhân viên văn phòng', 9, N'2 tháng', N'có chứng chỉ Oracle', 2500000, 'CTY272', 'NV254');
INSERT INTO ADMIN.PHIEUDANGTUYEN VALUES ('PDT027', N'Nhân viên y tế', 8, N'3 tháng', N'có chứng chỉ Oracle', 3500000, 'CTY070', 'NV123');
INSERT INTO ADMIN.PHIEUDANGTUYEN VALUES ('PDT028', N'Nhân viên IT', 8, N'4 tháng', N'có bằng thạc sĩ', 5500000, 'CTY202', 'NV228');
INSERT INTO ADMIN.PHIEUDANGTUYEN VALUES ('PDT029', N'Nhân viên kế toán', 9, N'2 tháng', N'Kinh nghiệm 2 năm trở lên', 2000000, 'CTY079', 'NV019');
INSERT INTO ADMIN.PHIEUDANGTUYEN VALUES ('PDT030', N'Nhân viên bảo hiểm', 3, N'1 tháng', N'có chứng chỉ TOEIC', 7000000, 'CTY016', 'NV349');
INSERT INTO ADMIN.PHIEUDANGTUYEN VALUES ('PDT031', N'Nhân viên sản xuất', 6, N'4 tháng', N'Kinh nghiệm 3 năm trở lên', 5000000, 'CTY297', 'NV131');
INSERT INTO ADMIN.PHIEUDANGTUYEN VALUES ('PDT032', N'Nhân viên kỹ thuật', 1, N'2 tháng', N'có chứng chỉ TOEFL', 2500000, 'CTY110', 'NV202');
INSERT INTO ADMIN.PHIEUDANGTUYEN VALUES ('PDT033', N'Nhân viên marketing', 10, N'3 tháng', N'Kinh nghiệm 3 năm trở lên', 1500000, 'CTY026', 'NV086');
INSERT INTO ADMIN.PHIEUDANGTUYEN VALUES ('PDT034', N'Nhân viên IT', 10, N'6 tháng', N'có bằng tiến sĩ', 9500000, 'CTY079', 'NV283');
INSERT INTO ADMIN.PHIEUDANGTUYEN VALUES ('PDT035', N'Nhân viên bán hàng', 5, N'1 tháng', N'Kinh nghiệm 3 năm trở lên', 5000000, 'CTY265', 'NV232');
INSERT INTO ADMIN.PHIEUDANGTUYEN VALUES ('PDT036', N'Nhân viên bảo trì', 7, N'6 tháng', N'Kinh nghiệm 5 năm trở lên', 8500000, 'CTY340', 'NV351');
INSERT INTO ADMIN.PHIEUDANGTUYEN VALUES ('PDT037', N'Nhân viên kinh doanh', 9, N'4 tháng', N'có chứng chỉ TOEIC', 6000000, 'CTY361', 'NV291');
INSERT INTO ADMIN.PHIEUDANGTUYEN VALUES ('PDT038', N'Nhân viên hỗ trợ', 5, N'4 tháng', N'Kinh nghiệm 5 năm trở lên', 9500000, 'CTY273', 'NV057');
INSERT INTO ADMIN.PHIEUDANGTUYEN VALUES ('PDT039', N'Nhân viên kế toán', 6, N'6 tháng', N'có chứng chỉ Oracle', 9000000, 'CTY100', 'NV122');
INSERT INTO ADMIN.PHIEUDANGTUYEN VALUES ('PDT040', N'Nhân viên văn phòng', 1, N'5 tháng', N'có chứng chỉ TOEIC', 5500000, 'CTY321', 'NV259');
INSERT INTO ADMIN.PHIEUDANGTUYEN VALUES ('PDT041', N'Nhân viên hành chính', 1, N'2 tháng', N'có chứng chỉ Oracle', 2000000, 'CTY181', 'NV200');
INSERT INTO ADMIN.PHIEUDANGTUYEN VALUES ('PDT042', N'Nhân viên bán hàng', 7, N'4 tháng', N'có chứng chỉ TOEIC', 4500000, 'CTY225', 'NV069');
INSERT INTO ADMIN.PHIEUDANGTUYEN VALUES ('PDT043', N'Nhân viên phục vụ', 2, N'4 tháng', N'có chứng chỉ TOEFL', 8000000, 'CTY331', 'NV206');
INSERT INTO ADMIN.PHIEUDANGTUYEN VALUES ('PDT044', N'Nhân viên marketing', 4, N'4 tháng', N'có chứng chỉ IELTS', 9000000, 'CTY168', 'NV090');
INSERT INTO ADMIN.PHIEUDANGTUYEN VALUES ('PDT045', N'Nhân viên y tế', 1, N'1 tháng', N'có chứng chỉ IELTS', 9000000, 'CTY377', 'NV115');
INSERT INTO ADMIN.PHIEUDANGTUYEN VALUES ('PDT046', N'Nhân viên marketing', 6, N'3 tháng', N'Tốt nghiệp THCS', 3000000, 'CTY170', 'NV220');
INSERT INTO ADMIN.PHIEUDANGTUYEN VALUES ('PDT047', N'Nhân viên giáo viên', 8, N'3 tháng', N'Tốt nghiệp THCS', 6000000, 'CTY316', 'NV220');
INSERT INTO ADMIN.PHIEUDANGTUYEN VALUES ('PDT048', N'Nhân viên phục vụ', 1, N'1 tháng', N'Có bằng tiến sĩ', 4000000, 'CTY348', 'NV088');
INSERT INTO ADMIN.PHIEUDANGTUYEN VALUES ('PDT049', N'Nhân viên bảo vệ', 1, N'2 tháng', N'có chứng chỉ TOEFL', 6000000, 'CTY389', 'NV054');
INSERT INTO ADMIN.PHIEUDANGTUYEN VALUES ('PDT050', N'Nhân viên bán hàng', 8, N'6 tháng', N'Tốt nghiệp THPT', 4000000, 'CTY239', 'NV342');
INSERT INTO ADMIN.PHIEUDANGTUYEN VALUES ('PDT051', N'Nhân viên phục vụ', 5, N'6 tháng', N'Kinh nghiệm 5 năm trở lên', 2500000, 'CTY222', 'NV142');
INSERT INTO ADMIN.PHIEUDANGTUYEN VALUES ('PDT052', N'Nhân viên kế toán', 7, N'5 tháng', N'có chứng chỉ TOEIC', 5500000, 'CTY120', 'NV201');
INSERT INTO ADMIN.PHIEUDANGTUYEN VALUES ('PDT053', N'Nhân viên giáo viên', 8, N'4 tháng', N'Kinh nghiệm 5 năm trở lên', 5000000, 'CTY138', 'NV056');
INSERT INTO ADMIN.PHIEUDANGTUYEN VALUES ('PDT054', N'Nhân viên thể thao', 6, N'3 tháng', N'Kinh nghiệm 5 năm trở lên', 7500000, 'CTY334', 'NV124');
INSERT INTO ADMIN.PHIEUDANGTUYEN VALUES ('PDT055', N'Nhân viên giáo viên', 10, N'3 tháng', N'có chứng chỉ IELTS', 1000000, 'CTY037', 'NV143');
INSERT INTO ADMIN.PHIEUDANGTUYEN VALUES ('PDT056', N'Nhân viên bán hàng', 1, N'3 tháng', N'Kinh nghiệm 1 năm trở lên', 1000000, 'CTY179', 'NV307');
INSERT INTO ADMIN.PHIEUDANGTUYEN VALUES ('PDT057', N'Nhân viên IT', 8, N'6 tháng', N'có chứng chỉ TOEIC', 4000000, 'CTY141', 'NV272');
INSERT INTO ADMIN.PHIEUDANGTUYEN VALUES ('PDT058', N'Nhân viên dịch vụ', 8, N'4 tháng', N'có bằng tiến sĩ', 2000000, 'CTY316', 'NV092');
INSERT INTO ADMIN.PHIEUDANGTUYEN VALUES ('PDT059', N'Nhân viên giáo viên', 3, N'2 tháng', N'có chứng chỉ IELTS', 8500000, 'CTY053', 'NV328');
INSERT INTO ADMIN.PHIEUDANGTUYEN VALUES ('PDT060', N'Nhân viên y tế', 6, N'3 tháng', N'Kinh nghiệm 5 năm trở lên', 3500000, 'CTY251', 'NV361');
INSERT INTO ADMIN.PHIEUDANGTUYEN VALUES ('PDT061', N'Nhân viên chăm sóc khách hàng', 1, N'2 tháng', N'Kinh nghiệm 3 năm trở lên', 5000000, 'CTY121', 'NV390');
INSERT INTO ADMIN.PHIEUDANGTUYEN VALUES ('PDT062', N'Nhân viên bảo trì', 3, N'1 tháng', N'Tốt nghiệp THCS', 5000000, 'CTY058', 'NV045');
INSERT INTO ADMIN.PHIEUDANGTUYEN VALUES ('PDT063', N'Nhân viên kinh doanh', 2, N'1 tháng', N'Tốt nghiệp THCS', 8000000, 'CTY111', 'NV235');
INSERT INTO ADMIN.PHIEUDANGTUYEN VALUES ('PDT064', N'Nhân viên chăm sóc khách hàng', 2, N'6 tháng', N'có chứng chỉ IELTS', 3500000, 'CTY178', 'NV128');
INSERT INTO ADMIN.PHIEUDANGTUYEN VALUES ('PDT065', N'Nhân viên phục vụ', 3, N'6 tháng', N'Tốt nghiệp THCS', 6500000, 'CTY331', 'NV169');
INSERT INTO ADMIN.PHIEUDANGTUYEN VALUES ('PDT066', N'Nhân viên vận chuyển', 6, N'6 tháng', N'có bằng tiến sĩ', 1000000, 'CTY314', 'NV152');
INSERT INTO ADMIN.PHIEUDANGTUYEN VALUES ('PDT067', N'Nhân viên kinh doanh', 6, N'6 tháng', N'Tốt nghiệp THCS', 4500000, 'CTY067', 'NV156');
INSERT INTO ADMIN.PHIEUDANGTUYEN VALUES ('PDT068', N'Nhân viên thu ngân', 5, N'3 tháng', N'Tốt nghiệp THPT', 6000000, 'CTY109', 'NV298');
INSERT INTO ADMIN.PHIEUDANGTUYEN VALUES ('PDT069', N'Nhân viên thu ngân', 10, N'6 tháng', N'có bằng thạc sĩ', 8500000, 'CTY344', 'NV322');
INSERT INTO ADMIN.PHIEUDANGTUYEN VALUES ('PDT070', N'Nhân viên hành chính', 6, N'6 tháng', N'Tốt nghiệp THCS', 6500000, 'CTY324', 'NV071');
INSERT INTO ADMIN.PHIEUDANGTUYEN VALUES ('PDT071', N'Nhân viên sản xuất', 9, N'5 tháng', N'có chứng chỉ TOEFL', 5000000, 'CTY172', 'NV352');
INSERT INTO ADMIN.PHIEUDANGTUYEN VALUES ('PDT072', N'Nhân viên kinh doanh', 9, N'4 tháng', N'Kinh nghiệm 2 năm trở lên', 5000000, 'CTY060', 'NV155');
INSERT INTO ADMIN.PHIEUDANGTUYEN VALUES ('PDT073', N'Nhân viên bảo trì', 9, N'4 tháng', N'có bằng thạc sĩ', 8000000, 'CTY007', 'NV333');
INSERT INTO ADMIN.PHIEUDANGTUYEN VALUES ('PDT074', N'Nhân viên nghệ thuật', 3, N'2 tháng', N'Kinh nghiệm 1 năm trở lên', 7500000, 'CTY252', 'NV333');
INSERT INTO ADMIN.PHIEUDANGTUYEN VALUES ('PDT075', N'Nhân viên kỹ thuật', 4, N'3 tháng', N'có chứng chỉ Oracle', 9500000, 'CTY249', 'NV050');
INSERT INTO ADMIN.PHIEUDANGTUYEN VALUES ('PDT076', N'Nhân viên tư vấn', 1, N'4 tháng', N'có chứng chỉ Oracle', 3000000, 'CTY194', 'NV213');
INSERT INTO ADMIN.PHIEUDANGTUYEN VALUES ('PDT077', N'Nhân viên hành chính', 7, N'4 tháng', N'có bằng cử nhân', 8500000, 'CTY234', 'NV027');
INSERT INTO ADMIN.PHIEUDANGTUYEN VALUES ('PDT078', N'Nhân viên y tế', 4, N'5 tháng', N'Tốt nghiệp THCS', 1500000, 'CTY235', 'NV101');
INSERT INTO ADMIN.PHIEUDANGTUYEN VALUES ('PDT079', N'Nhân viên kỹ thuật', 8, N'4 tháng', N'Tốt nghiệp THCS', 8000000, 'CTY169', 'NV359');
INSERT INTO ADMIN.PHIEUDANGTUYEN VALUES ('PDT080', N'Nhân viên dịch vụ', 6, N'1 tháng', N'Kinh nghiệm 3 năm trở lên', 1000000, 'CTY294', 'NV175');
INSERT INTO ADMIN.PHIEUDANGTUYEN VALUES ('PDT081', N'Nhân viên thể thao', 2, N'4 tháng', N'Kinh nghiệm 5 năm trở lên', 1500000, 'CTY120', 'NV098');
INSERT INTO ADMIN.PHIEUDANGTUYEN VALUES ('PDT082', N'Nhân viên kế toán', 6, N'5 tháng', N'có chứng chỉ TOEIC', 4000000, 'CTY342', 'NV048');
INSERT INTO ADMIN.PHIEUDANGTUYEN VALUES ('PDT083', N'Nhân viên giáo viên', 10, N'4 tháng', N'Kinh nghiệm 2 năm trở lên', 7500000, 'CTY088', 'NV131');
INSERT INTO ADMIN.PHIEUDANGTUYEN VALUES ('PDT084', N'Nhân viên thu ngân', 2, N'4 tháng', N'Tốt nghiệp THPT', 10000000, 'CTY016', 'NV108');
INSERT INTO ADMIN.PHIEUDANGTUYEN VALUES ('PDT085', N'Nhân viên văn phòng', 2, N'5 tháng', N'Kinh nghiệm 10 năm trở lên', 3000000, 'CTY384', 'NV129');
INSERT INTO ADMIN.PHIEUDANGTUYEN VALUES ('PDT086', N'Nhân viên bảo hiểm', 2, N'5 tháng', N'Kinh nghiệm 1 năm trở lên', 1000000, 'CTY222', 'NV055');
INSERT INTO ADMIN.PHIEUDANGTUYEN VALUES ('PDT087', N'Nhân viên IT', 1, N'3 tháng', N'Kinh nghiệm 10 năm trở lên', 7500000, 'CTY383', 'NV008');
INSERT INTO ADMIN.PHIEUDANGTUYEN VALUES ('PDT088', N'Nhân viên quản lý', 1, N'6 tháng', N'có chứng chỉ TOEIC', 3000000, 'CTY201', 'NV366');
INSERT INTO ADMIN.PHIEUDANGTUYEN VALUES ('PDT089', N'Nhân viên y tế', 1, N'1 tháng', N'Kinh nghiệm 5 năm trở lên', 6000000, 'CTY206', 'NV075');
INSERT INTO ADMIN.PHIEUDANGTUYEN VALUES ('PDT090', N'Nhân viên kế toán', 7, N'1 tháng', N'Kinh nghiệm 10 năm trở lên', 4500000, 'CTY330', 'NV237');
INSERT INTO ADMIN.PHIEUDANGTUYEN VALUES ('PDT091', N'Nhân viên bán hàng', 7, N'4 tháng', N'có chứng chỉ Oracle', 4500000, 'CTY158', 'NV023');
INSERT INTO ADMIN.PHIEUDANGTUYEN VALUES ('PDT092', N'Nhân viên giáo viên', 1, N'4 tháng', N'có bằng cử nhân', 4000000, 'CTY353', 'NV196');
INSERT INTO ADMIN.PHIEUDANGTUYEN VALUES ('PDT093', N'Nhân viên thu ngân', 2, N'6 tháng', N'có chứng chỉ Oracle', 4500000, 'CTY393', 'NV061');
INSERT INTO ADMIN.PHIEUDANGTUYEN VALUES ('PDT094', N'Nhân viên văn phòng', 8, N'4 tháng', N'có bằng thạc sĩ', 4500000, 'CTY119', 'NV010');
INSERT INTO ADMIN.PHIEUDANGTUYEN VALUES ('PDT095', N'Nhân viên bảo trì', 5, N'2 tháng', N'Kinh nghiệm 1 năm trở lên', 1500000, 'CTY062', 'NV098');
INSERT INTO ADMIN.PHIEUDANGTUYEN VALUES ('PDT096', N'Nhân viên chăm sóc khách hàng', 8, N'3 tháng', N'có chứng chỉ TOEIC', 8000000, 'CTY243', 'NV179');
INSERT INTO ADMIN.PHIEUDANGTUYEN VALUES ('PDT097', N'Nhân viên kỹ thuật', 9, N'3 tháng', N'Kinh nghiệm 2 năm trở lên', 10000000, 'CTY318', 'NV140');
INSERT INTO ADMIN.PHIEUDANGTUYEN VALUES ('PDT098', N'Nhân viên phục vụ', 9, N'4 tháng', N'có chứng chỉ TOEIC', 3000000, 'CTY114', 'NV327');
INSERT INTO ADMIN.PHIEUDANGTUYEN VALUES ('PDT099', N'Nhân viên bảo hiểm', 2, N'6 tháng', N'có bằng thạc sĩ', 8000000, 'CTY153', 'NV197');
INSERT INTO ADMIN.PHIEUDANGTUYEN VALUES ('PDT100', N'Nhân viên IT', 4, N'3 tháng', N'có chứng chỉ TOEFL', 4000000, 'CTY085', 'NV125');


INSERT INTO ADMIN.HOADON VALUES ('HD001', N'Từng đợt', to_date('2022-02-05','YYYY-MM-DD'), 1000000, 'PDT001');
INSERT INTO ADMIN.HOADON VALUES ('HD002', N'Toàn bộ', to_date('2023-11-14','YYYY-MM-DD'), 7000000, 'PDT002');
INSERT INTO ADMIN.HOADON VALUES ('HD003', N'Từng đợt', to_date('2023-04-24','YYYY-MM-DD'), 500000, 'PDT003');
INSERT INTO ADMIN.HOADON VALUES ('HD004', N'Từng đợt', to_date('2023-06-28','YYYY-MM-DD'), 500000, 'PDT004');
INSERT INTO ADMIN.HOADON VALUES ('HD005', N'Toàn bộ', to_date('2024-03-23','YYYY-MM-DD'), 9000000, 'PDT005');
INSERT INTO ADMIN.HOADON VALUES ('HD006', N'Từng đợt', to_date('2022-06-23','YYYY-MM-DD'), 7000000, 'PDT006');
INSERT INTO ADMIN.HOADON VALUES ('HD007', N'Từng đợt', to_date('2022-10-21','YYYY-MM-DD'), 4000000, 'PDT007');
INSERT INTO ADMIN.HOADON VALUES ('HD008', N'Từng đợt', to_date('2022-08-02','YYYY-MM-DD'), 2500000, 'PDT008');
INSERT INTO ADMIN.HOADON VALUES ('HD009', N'Từng đợt', to_date('2023-01-10','YYYY-MM-DD'), 5000000, 'PDT009');
INSERT INTO ADMIN.HOADON VALUES ('HD010', N'Toàn bộ', to_date('2024-02-08','YYYY-MM-DD'), 9000000, 'PDT010');
INSERT INTO ADMIN.HOADON VALUES ('HD011', N'Từng đợt', to_date('2024-03-22','YYYY-MM-DD'), 3000000, 'PDT011');
INSERT INTO ADMIN.HOADON VALUES ('HD012', N'Từng đợt', to_date('2024-04-04','YYYY-MM-DD'), 4500000, 'PDT012');
INSERT INTO ADMIN.HOADON VALUES ('HD013', N'Từng đợt', to_date('2024-06-28','YYYY-MM-DD'), 10000000, 'PDT013');
INSERT INTO ADMIN.HOADON VALUES ('HD014', N'Từng đợt', to_date('2024-02-06','YYYY-MM-DD'), 500000, 'PDT014');
INSERT INTO ADMIN.HOADON VALUES ('HD015', N'Từng đợt', to_date('2024-04-03','YYYY-MM-DD'), 500000, 'PDT015');
INSERT INTO ADMIN.HOADON VALUES ('HD016', N'Toàn bộ', to_date('2023-07-29','YYYY-MM-DD'), 8000000, 'PDT016');
INSERT INTO ADMIN.HOADON VALUES ('HD017', N'Từng đợt', to_date('2023-03-01','YYYY-MM-DD'), 500000, 'PDT017');
INSERT INTO ADMIN.HOADON VALUES ('HD018', N'Toàn bộ', to_date('2024-02-17','YYYY-MM-DD'), 7000000, 'PDT018');
INSERT INTO ADMIN.HOADON VALUES ('HD019', N'Từng đợt', to_date('2022-12-06','YYYY-MM-DD'), 9000000, 'PDT019');
INSERT INTO ADMIN.HOADON VALUES ('HD020', N'Toàn bộ', to_date('2024-05-30','YYYY-MM-DD'), 8500000, 'PDT020');
INSERT INTO ADMIN.HOADON VALUES ('HD021', N'Từng đợt', to_date('2023-02-28','YYYY-MM-DD'), 3000000, 'PDT021');
INSERT INTO ADMIN.HOADON VALUES ('HD022', N'Từng đợt', to_date('2024-04-17','YYYY-MM-DD'), 1500000, 'PDT022');
INSERT INTO ADMIN.HOADON VALUES ('HD023', N'Từng đợt', to_date('2022-07-19','YYYY-MM-DD'), 8000000, 'PDT023');
INSERT INTO ADMIN.HOADON VALUES ('HD024', N'Toàn bộ', to_date('2023-09-03','YYYY-MM-DD'), 6000000, 'PDT024');
INSERT INTO ADMIN.HOADON VALUES ('HD025', N'Từng đợt', to_date('2022-03-01','YYYY-MM-DD'), 2500000, 'PDT025');
INSERT INTO ADMIN.HOADON VALUES ('HD026', N'Từng đợt', to_date('2024-04-04','YYYY-MM-DD'), 2500000, 'PDT026');
INSERT INTO ADMIN.HOADON VALUES ('HD027', N'Từng đợt', to_date('2022-03-19','YYYY-MM-DD'), 3500000, 'PDT027');
INSERT INTO ADMIN.HOADON VALUES ('HD028', N'Từng đợt', to_date('2024-04-08','YYYY-MM-DD'), 5500000, 'PDT028');
INSERT INTO ADMIN.HOADON VALUES ('HD029', N'Toàn bộ', to_date('2023-07-10','YYYY-MM-DD'), 2000000, 'PDT029');
INSERT INTO ADMIN.HOADON VALUES ('HD030', N'Từng đợt', to_date('2022-06-23','YYYY-MM-DD'), 5000000, 'PDT030');
INSERT INTO ADMIN.HOADON VALUES ('HD031', N'Từng đợt', to_date('2023-04-17','YYYY-MM-DD'), 2000000, 'PDT031');
INSERT INTO ADMIN.HOADON VALUES ('HD032', N'Từng đợt', to_date('2023-11-22','YYYY-MM-DD'), 1500000, 'PDT032');
INSERT INTO ADMIN.HOADON VALUES ('HD033', N'Từng đợt', to_date('2022-01-27','YYYY-MM-DD'), 1000000, 'PDT033');
INSERT INTO ADMIN.HOADON VALUES ('HD034', N'Từng đợt', to_date('2023-01-27','YYYY-MM-DD'), 1000000, 'PDT034');
INSERT INTO ADMIN.HOADON VALUES ('HD035', N'Từng đợt', to_date('2024-06-14','YYYY-MM-DD'), 4000000, 'PDT035');
INSERT INTO ADMIN.HOADON VALUES ('HD036', N'Từng đợt', to_date('2024-04-18','YYYY-MM-DD'), 7000000, 'PDT036');
INSERT INTO ADMIN.HOADON VALUES ('HD037', N'Từng đợt', to_date('2024-03-30','YYYY-MM-DD'), 4000000, 'PDT037');
INSERT INTO ADMIN.HOADON VALUES ('HD038', N'Từng đợt', to_date('2024-03-05','YYYY-MM-DD'), 4500000, 'PDT038');
INSERT INTO ADMIN.HOADON VALUES ('HD039', N'Từng đợt', to_date('2024-04-16','YYYY-MM-DD'), 2000000, 'PDT039');
INSERT INTO ADMIN.HOADON VALUES ('HD040', N'Từng đợt', to_date('2024-02-25','YYYY-MM-DD'), 1500000, 'PDT040');
INSERT INTO ADMIN.HOADON VALUES ('HD041', N'Toàn bộ', to_date('2023-01-24','YYYY-MM-DD'), 2000000, 'PDT041');
INSERT INTO ADMIN.HOADON VALUES ('HD042', N'Toàn bộ', to_date('2024-06-27','YYYY-MM-DD'), 4500000, 'PDT042');
INSERT INTO ADMIN.HOADON VALUES ('HD043', N'Từng đợt', to_date('2023-05-12','YYYY-MM-DD'), 7000000, 'PDT043');
INSERT INTO ADMIN.HOADON VALUES ('HD044', N'Từng đợt', to_date('2022-08-24','YYYY-MM-DD'), 2000000, 'PDT044');
INSERT INTO ADMIN.HOADON VALUES ('HD045', N'Toàn bộ', to_date('2024-06-03','YYYY-MM-DD'), 9000000, 'PDT045');
INSERT INTO ADMIN.HOADON VALUES ('HD046', N'Từng đợt', to_date('2023-08-12','YYYY-MM-DD'), 1500000, 'PDT046');
INSERT INTO ADMIN.HOADON VALUES ('HD047', N'Từng đợt', to_date('2022-10-10','YYYY-MM-DD'), 6000000, 'PDT047');
INSERT INTO ADMIN.HOADON VALUES ('HD048', N'Toàn bộ', to_date('2022-01-15','YYYY-MM-DD'), 4000000, 'PDT048');
INSERT INTO ADMIN.HOADON VALUES ('HD049', N'Toàn bộ', to_date('2022-03-16','YYYY-MM-DD'), 6000000, 'PDT049');
INSERT INTO ADMIN.HOADON VALUES ('HD050', N'Từng đợt', to_date('2023-08-12','YYYY-MM-DD'), 1500000, 'PDT050');
INSERT INTO ADMIN.HOADON VALUES ('HD051', N'Từng đợt', to_date('2022-11-24','YYYY-MM-DD'), 1000000, 'PDT051');
INSERT INTO ADMIN.HOADON VALUES ('HD052', N'Toàn bộ', to_date('2023-05-29','YYYY-MM-DD'), 5500000, 'PDT052');
INSERT INTO ADMIN.HOADON VALUES ('HD053', N'Từng đợt', to_date('2022-05-05','YYYY-MM-DD'), 5000000, 'PDT053');
INSERT INTO ADMIN.HOADON VALUES ('HD054', N'Toàn bộ', to_date('2022-09-12','YYYY-MM-DD'), 7500000, 'PDT054');
INSERT INTO ADMIN.HOADON VALUES ('HD055', N'Từng đợt', to_date('2022-11-12','YYYY-MM-DD'), 500000, 'PDT055');
INSERT INTO ADMIN.HOADON VALUES ('HD056', N'Từng đợt', to_date('2022-04-11','YYYY-MM-DD'), 500000, 'PDT056');
INSERT INTO ADMIN.HOADON VALUES ('HD057', N'Toàn bộ', to_date('2023-06-26','YYYY-MM-DD'), 4000000, 'PDT057');
INSERT INTO ADMIN.HOADON VALUES ('HD058', N'Toàn bộ', to_date('2022-06-03','YYYY-MM-DD'), 2000000, 'PDT058');
INSERT INTO ADMIN.HOADON VALUES ('HD059', N'Toàn bộ', to_date('2022-03-01','YYYY-MM-DD'), 8500000, 'PDT059');
INSERT INTO ADMIN.HOADON VALUES ('HD060', N'Từng đợt', to_date('2023-04-04','YYYY-MM-DD'), 500000, 'PDT060');
INSERT INTO ADMIN.HOADON VALUES ('HD061', N'Toàn bộ', to_date('2024-02-27','YYYY-MM-DD'), 5000000, 'PDT061');
INSERT INTO ADMIN.HOADON VALUES ('HD062', N'Từng đợt', to_date('2023-11-09','YYYY-MM-DD'), 5000000, 'PDT062');
INSERT INTO ADMIN.HOADON VALUES ('HD063', N'Từng đợt', to_date('2023-11-19','YYYY-MM-DD'), 2000000, 'PDT063');
INSERT INTO ADMIN.HOADON VALUES ('HD064', N'Toàn bộ', to_date('2023-06-03','YYYY-MM-DD'), 3500000, 'PDT064');
INSERT INTO ADMIN.HOADON VALUES ('HD065', N'Từng đợt', to_date('2022-01-22','YYYY-MM-DD'), 1500000, 'PDT065');
INSERT INTO ADMIN.HOADON VALUES ('HD066', N'Từng đợt', to_date('2024-01-12','YYYY-MM-DD'), 1000000, 'PDT066');
INSERT INTO ADMIN.HOADON VALUES ('HD067', N'Từng đợt', to_date('2024-02-03','YYYY-MM-DD'), 4500000, 'PDT067');
INSERT INTO ADMIN.HOADON VALUES ('HD068', N'Từng đợt', to_date('2023-08-24','YYYY-MM-DD'), 500000, 'PDT068');
INSERT INTO ADMIN.HOADON VALUES ('HD069', N'Toàn bộ', to_date('2023-11-12','YYYY-MM-DD'), 8500000, 'PDT069');
INSERT INTO ADMIN.HOADON VALUES ('HD070', N'Toàn bộ', to_date('2024-05-17','YYYY-MM-DD'), 6500000, 'PDT070');
INSERT INTO ADMIN.HOADON VALUES ('HD071', N'Toàn bộ', to_date('2023-01-14','YYYY-MM-DD'), 5000000, 'PDT071');
INSERT INTO ADMIN.HOADON VALUES ('HD072', N'Từng đợt', to_date('2022-02-25','YYYY-MM-DD'), 5000000, 'PDT072');
INSERT INTO ADMIN.HOADON VALUES ('HD073', N'Toàn bộ', to_date('2023-01-11','YYYY-MM-DD'), 8000000, 'PDT073');
INSERT INTO ADMIN.HOADON VALUES ('HD074', N'Từng đợt', to_date('2022-05-17','YYYY-MM-DD'), 5000000, 'PDT074');
INSERT INTO ADMIN.HOADON VALUES ('HD075', N'Toàn bộ', to_date('2023-10-01','YYYY-MM-DD'), 9500000, 'PDT075');
INSERT INTO ADMIN.HOADON VALUES ('HD076', N'Từng đợt', to_date('2024-05-03','YYYY-MM-DD'), 3000000, 'PDT076');
INSERT INTO ADMIN.HOADON VALUES ('HD077', N'Từng đợt', to_date('2024-06-18','YYYY-MM-DD'), 6500000, 'PDT077');
INSERT INTO ADMIN.HOADON VALUES ('HD078', N'Toàn bộ', to_date('2022-01-07','YYYY-MM-DD'), 1500000, 'PDT078');
INSERT INTO ADMIN.HOADON VALUES ('HD079', N'Từng đợt', to_date('2023-05-02','YYYY-MM-DD'), 1000000, 'PDT079');
INSERT INTO ADMIN.HOADON VALUES ('HD080', N'Từng đợt', to_date('2023-03-11','YYYY-MM-DD'), 500000, 'PDT080');
INSERT INTO ADMIN.HOADON VALUES ('HD081', N'Từng đợt', to_date('2024-05-12','YYYY-MM-DD'), 500000, 'PDT081');
INSERT INTO ADMIN.HOADON VALUES ('HD082', N'Từng đợt', to_date('2022-03-08','YYYY-MM-DD'), 500000, 'PDT082');
INSERT INTO ADMIN.HOADON VALUES ('HD083', N'Từng đợt', to_date('2022-08-11','YYYY-MM-DD'), 3500000, 'PDT083');
INSERT INTO ADMIN.HOADON VALUES ('HD084', N'Toàn bộ', to_date('2023-07-15','YYYY-MM-DD'), 10000000, 'PDT084');
INSERT INTO ADMIN.HOADON VALUES ('HD085', N'Từng đợt', to_date('2022-07-18','YYYY-MM-DD'), 1000000, 'PDT085');
INSERT INTO ADMIN.HOADON VALUES ('HD086', N'Từng đợt', to_date('2022-10-01','YYYY-MM-DD'), 1000000, 'PDT086');
INSERT INTO ADMIN.HOADON VALUES ('HD087', N'Từng đợt', to_date('2023-10-02','YYYY-MM-DD'), 7500000, 'PDT087');
INSERT INTO ADMIN.HOADON VALUES ('HD088', N'Toàn bộ', to_date('2022-02-11','YYYY-MM-DD'), 3000000, 'PDT088');
INSERT INTO ADMIN.HOADON VALUES ('HD089', N'Từng đợt', to_date('2023-09-02','YYYY-MM-DD'), 2000000, 'PDT089');
INSERT INTO ADMIN.HOADON VALUES ('HD090', N'Từng đợt', to_date('2024-04-21','YYYY-MM-DD'), 2000000, 'PDT090');
INSERT INTO ADMIN.HOADON VALUES ('HD091', N'Toàn bộ', to_date('2022-07-11','YYYY-MM-DD'), 4500000, 'PDT091');
INSERT INTO ADMIN.HOADON VALUES ('HD092', N'Toàn bộ', to_date('2023-03-13','YYYY-MM-DD'), 4000000, 'PDT092');
INSERT INTO ADMIN.HOADON VALUES ('HD093', N'Từng đợt', to_date('2023-08-08','YYYY-MM-DD'), 3500000, 'PDT093');
INSERT INTO ADMIN.HOADON VALUES ('HD094', N'Từng đợt', to_date('2024-03-20','YYYY-MM-DD'), 4500000, 'PDT094');
INSERT INTO ADMIN.HOADON VALUES ('HD095', N'Từng đợt', to_date('2022-12-20','YYYY-MM-DD'), 1000000, 'PDT095');
INSERT INTO ADMIN.HOADON VALUES ('HD096', N'Từng đợt', to_date('2022-04-28','YYYY-MM-DD'), 6000000, 'PDT096');
INSERT INTO ADMIN.HOADON VALUES ('HD097', N'Toàn bộ', to_date('2022-12-16','YYYY-MM-DD'), 10000000, 'PDT097');
INSERT INTO ADMIN.HOADON VALUES ('HD098', N'Toàn bộ', to_date('2024-01-03','YYYY-MM-DD'), 3000000, 'PDT098');
INSERT INTO ADMIN.HOADON VALUES ('HD099', N'Toàn bộ', to_date('2022-12-07','YYYY-MM-DD'), 8000000, 'PDT099');
INSERT INTO ADMIN.HOADON VALUES ('HD100', N'Từng đợt', to_date('2023-08-07','YYYY-MM-DD'), 1000000, 'PDT100');


INSERT INTO ADMIN.CHIENLUOCUUDAI VALUES ('CLU001', N'Tặng voucher 1000000', N'Tặng voucher 1000000 cho doanh nghiệp tiềm năng lớn ');
INSERT INTO ADMIN.CHIENLUOCUUDAI VALUES ('CLU002', N'Giảm giá 20%', N'Giảm giá 20% cho doanh nghiệp tiềm năng lớn ');
INSERT INTO ADMIN.CHIENLUOCUUDAI VALUES ('CLU003', N'Hỗ trợ các khóa học online miễn phí', N'Hỗ trợ các khóa học online miễn phí cho doanh nghiệp tiềm năng lớn ');
INSERT INTO ADMIN.CHIENLUOCUUDAI VALUES ('CLU004', N'Giảm giá 50%', N'Giảm giá 50% cho doanh nghiệp tiềm năng lớn ');
INSERT INTO ADMIN.CHIENLUOCUUDAI VALUES ('CLU005', N'Tặng voucher 1000000', N'Tặng voucher 1000000 cho doanh nghiệp tiềm năng lớn ');
INSERT INTO ADMIN.CHIENLUOCUUDAI VALUES ('CLU006', N'Giảm giá 20%', N'Giảm giá 20% cho doanh nghiệp tiềm năng lớn ');
INSERT INTO ADMIN.CHIENLUOCUUDAI VALUES ('CLU007', N'Hỗ trợ chi phí ăn ở', N'Hỗ trợ chi phí ăn ở cho doanh nghiệp tiềm năng lớn ');
INSERT INTO ADMIN.CHIENLUOCUUDAI VALUES ('CLU008', N'Giảm giá 50%', N'Giảm giá 50% cho doanh nghiệp tiềm năng lớn ');
INSERT INTO ADMIN.CHIENLUOCUUDAI VALUES ('CLU009', N'Giảm giá 20%', N'Giảm giá 20% cho doanh nghiệp tiềm năng lớn ');
INSERT INTO ADMIN.CHIENLUOCUUDAI VALUES ('CLU010', N'Giảm giá 30%', N'Giảm giá 30% cho doanh nghiệp tiềm năng lớn ');
INSERT INTO ADMIN.CHIENLUOCUUDAI VALUES ('CLU011', N'Tặng voucher 200k', N'Tặng voucher 200k cho doanh nghiệp tiềm năng lớn ');
INSERT INTO ADMIN.CHIENLUOCUUDAI VALUES ('CLU012', N'Giảm giá 20%', N'Giảm giá 20% cho doanh nghiệp tiềm năng lớn ');
INSERT INTO ADMIN.CHIENLUOCUUDAI VALUES ('CLU013', N'Tặng voucher 500k', N'Tặng voucher 500k cho doanh nghiệp tiềm năng lớn ');
INSERT INTO ADMIN.CHIENLUOCUUDAI VALUES ('CLU014', N'Giảm giá 20%', N'Giảm giá 20% cho doanh nghiệp tiềm năng lớn ');
INSERT INTO ADMIN.CHIENLUOCUUDAI VALUES ('CLU015', N'Hỗ trợ chi phí ăn ở', N'Hỗ trợ chi phí ăn ở cho doanh nghiệp tiềm năng lớn ');
INSERT INTO ADMIN.CHIENLUOCUUDAI VALUES ('CLU016', N'Giảm giá 20%', N'Giảm giá 20% cho doanh nghiệp tiềm năng lớn ');
INSERT INTO ADMIN.CHIENLUOCUUDAI VALUES ('CLU017', N'Giảm giá 50%', N'Giảm giá 50% cho doanh nghiệp tiềm năng lớn ');
INSERT INTO ADMIN.CHIENLUOCUUDAI VALUES ('CLU018', N'Hỗ trợ chi phí ăn uống', N'Hỗ trợ chi phí ăn uống cho doanh nghiệp tiềm năng lớn ');
INSERT INTO ADMIN.CHIENLUOCUUDAI VALUES ('CLU019', N'Hỗ trợ chi phí ăn ở', N'Hỗ trợ chi phí ăn ở cho doanh nghiệp tiềm năng lớn ');
INSERT INTO ADMIN.CHIENLUOCUUDAI VALUES ('CLU020', N'Hỗ trợ chi phí ăn ở', N'Hỗ trợ chi phí ăn ở cho doanh nghiệp tiềm năng lớn ');


INSERT INTO ADMIN.BANLANHDAO VALUES ('BLD001', N'Bùi Hùng Trang');
INSERT INTO ADMIN.BANLANHDAO VALUES ('BLD002', N'Bùi Văn Anh');
INSERT INTO ADMIN.BANLANHDAO VALUES ('BLD003', N'Trịnh Đăng Hạnh');
INSERT INTO ADMIN.BANLANHDAO VALUES ('BLD004', N'Phạm Hưng Hồng');
INSERT INTO ADMIN.BANLANHDAO VALUES ('BLD005', N'Hà Hải Trang');
INSERT INTO ADMIN.BANLANHDAO VALUES ('BLD006', N'Trịnh Đăng Tùng');
INSERT INTO ADMIN.BANLANHDAO VALUES ('BLD007', N'Hoàng Bảo Hà');
INSERT INTO ADMIN.BANLANHDAO VALUES ('BLD008', N'Đỗ Thủy Thu');
INSERT INTO ADMIN.BANLANHDAO VALUES ('BLD009', N'Trương Hưng Phương');
INSERT INTO ADMIN.BANLANHDAO VALUES ('BLD010', N'Lý Hồng Trang');
INSERT INTO ADMIN.BANLANHDAO VALUES ('BLD011', N'Mai Hải Hưng');
INSERT INTO ADMIN.BANLANHDAO VALUES ('BLD012', N'Phùng Văn Hà');
INSERT INTO ADMIN.BANLANHDAO VALUES ('BLD013', N'Đặng Hạnh Hà');
INSERT INTO ADMIN.BANLANHDAO VALUES ('BLD014', N'Lý Trung Huy');
INSERT INTO ADMIN.BANLANHDAO VALUES ('BLD015', N'Phạm Hải Tùng');
INSERT INTO ADMIN.BANLANHDAO VALUES ('BLD016', N'Đinh Hữu Việt');
INSERT INTO ADMIN.BANLANHDAO VALUES ('BLD017', N'Hồ Đăng Hưng');
INSERT INTO ADMIN.BANLANHDAO VALUES ('BLD018', N'Lý Hùng Anh');
INSERT INTO ADMIN.BANLANHDAO VALUES ('BLD019', N'Trịnh Hải Thủy');
INSERT INTO ADMIN.BANLANHDAO VALUES ('BLD020', N'Đinh Minh Hoa');


INSERT INTO ADMIN.DANHSACHGIAHAN VALUES ('DS001', to_date('2023-06-25','YYYY-MM-DD'), 'BLD011');
INSERT INTO ADMIN.DANHSACHGIAHAN VALUES ('DS002', to_date('2024-04-10','YYYY-MM-DD'), 'BLD007');
INSERT INTO ADMIN.DANHSACHGIAHAN VALUES ('DS003', to_date('2023-02-14','YYYY-MM-DD'), 'BLD008');
INSERT INTO ADMIN.DANHSACHGIAHAN VALUES ('DS004', to_date('2022-03-09','YYYY-MM-DD'), 'BLD020');
INSERT INTO ADMIN.DANHSACHGIAHAN VALUES ('DS005', to_date('2023-07-21','YYYY-MM-DD'), 'BLD006');
INSERT INTO ADMIN.DANHSACHGIAHAN VALUES ('DS006', to_date('2023-04-28','YYYY-MM-DD'), 'BLD011');
INSERT INTO ADMIN.DANHSACHGIAHAN VALUES ('DS007', to_date('2022-03-14','YYYY-MM-DD'), 'BLD005');
INSERT INTO ADMIN.DANHSACHGIAHAN VALUES ('DS008', to_date('2022-06-20','YYYY-MM-DD'), 'BLD018');
INSERT INTO ADMIN.DANHSACHGIAHAN VALUES ('DS009', to_date('2022-05-09','YYYY-MM-DD'), 'BLD011');
INSERT INTO ADMIN.DANHSACHGIAHAN VALUES ('DS010', to_date('2023-07-28','YYYY-MM-DD'), 'BLD007');
INSERT INTO ADMIN.DANHSACHGIAHAN VALUES ('DS011', to_date('2023-12-10','YYYY-MM-DD'), 'BLD009');
INSERT INTO ADMIN.DANHSACHGIAHAN VALUES ('DS012', to_date('2023-12-17','YYYY-MM-DD'), 'BLD003');
INSERT INTO ADMIN.DANHSACHGIAHAN VALUES ('DS013', to_date('2022-12-01','YYYY-MM-DD'), 'BLD007');
INSERT INTO ADMIN.DANHSACHGIAHAN VALUES ('DS014', to_date('2023-07-04','YYYY-MM-DD'), 'BLD002');
INSERT INTO ADMIN.DANHSACHGIAHAN VALUES ('DS015', to_date('2023-02-13','YYYY-MM-DD'), 'BLD018');
INSERT INTO ADMIN.DANHSACHGIAHAN VALUES ('DS016', to_date('2022-05-15','YYYY-MM-DD'), 'BLD014');
INSERT INTO ADMIN.DANHSACHGIAHAN VALUES ('DS017', to_date('2024-03-18','YYYY-MM-DD'), 'BLD020');
INSERT INTO ADMIN.DANHSACHGIAHAN VALUES ('DS018', to_date('2023-03-18','YYYY-MM-DD'), 'BLD003');
INSERT INTO ADMIN.DANHSACHGIAHAN VALUES ('DS019', to_date('2022-09-17','YYYY-MM-DD'), 'BLD008');
INSERT INTO ADMIN.DANHSACHGIAHAN VALUES ('DS020', to_date('2022-02-11','YYYY-MM-DD'), 'BLD010');
INSERT INTO ADMIN.DANHSACHGIAHAN VALUES ('DS021', to_date('2023-03-20','YYYY-MM-DD'), 'BLD006');
INSERT INTO ADMIN.DANHSACHGIAHAN VALUES ('DS022', to_date('2023-11-09','YYYY-MM-DD'), 'BLD016');
INSERT INTO ADMIN.DANHSACHGIAHAN VALUES ('DS023', to_date('2022-05-24','YYYY-MM-DD'), 'BLD020');
INSERT INTO ADMIN.DANHSACHGIAHAN VALUES ('DS024', to_date('2022-05-22','YYYY-MM-DD'), 'BLD013');
INSERT INTO ADMIN.DANHSACHGIAHAN VALUES ('DS025', to_date('2022-02-06','YYYY-MM-DD'), 'BLD012');
INSERT INTO ADMIN.DANHSACHGIAHAN VALUES ('DS026', to_date('2022-01-19','YYYY-MM-DD'), 'BLD011');
INSERT INTO ADMIN.DANHSACHGIAHAN VALUES ('DS027', to_date('2023-04-11','YYYY-MM-DD'), 'BLD003');
INSERT INTO ADMIN.DANHSACHGIAHAN VALUES ('DS028', to_date('2022-11-18','YYYY-MM-DD'), 'BLD013');
INSERT INTO ADMIN.DANHSACHGIAHAN VALUES ('DS029', to_date('2022-02-19','YYYY-MM-DD'), 'BLD014');
INSERT INTO ADMIN.DANHSACHGIAHAN VALUES ('DS030', to_date('2022-07-16','YYYY-MM-DD'), 'BLD012');
INSERT INTO ADMIN.DANHSACHGIAHAN VALUES ('DS031', to_date('2024-04-13','YYYY-MM-DD'), 'BLD003');
INSERT INTO ADMIN.DANHSACHGIAHAN VALUES ('DS032', to_date('2022-09-03','YYYY-MM-DD'), 'BLD018');
INSERT INTO ADMIN.DANHSACHGIAHAN VALUES ('DS033', to_date('2022-08-11','YYYY-MM-DD'), 'BLD019');
INSERT INTO ADMIN.DANHSACHGIAHAN VALUES ('DS034', to_date('2023-04-09','YYYY-MM-DD'), 'BLD003');
INSERT INTO ADMIN.DANHSACHGIAHAN VALUES ('DS035', to_date('2022-03-23','YYYY-MM-DD'), 'BLD018');
INSERT INTO ADMIN.DANHSACHGIAHAN VALUES ('DS036', to_date('2023-08-30','YYYY-MM-DD'), 'BLD016');
INSERT INTO ADMIN.DANHSACHGIAHAN VALUES ('DS037', to_date('2022-12-25','YYYY-MM-DD'), 'BLD007');
INSERT INTO ADMIN.DANHSACHGIAHAN VALUES ('DS038', to_date('2022-09-26','YYYY-MM-DD'), 'BLD002');
INSERT INTO ADMIN.DANHSACHGIAHAN VALUES ('DS039', to_date('2024-01-17','YYYY-MM-DD'), 'BLD004');
INSERT INTO ADMIN.DANHSACHGIAHAN VALUES ('DS040', to_date('2023-11-10','YYYY-MM-DD'), 'BLD001');
INSERT INTO ADMIN.DANHSACHGIAHAN VALUES ('DS041', to_date('2024-02-04','YYYY-MM-DD'), 'BLD005');
INSERT INTO ADMIN.DANHSACHGIAHAN VALUES ('DS042', to_date('2023-06-11','YYYY-MM-DD'), 'BLD013');
INSERT INTO ADMIN.DANHSACHGIAHAN VALUES ('DS043', to_date('2022-06-02','YYYY-MM-DD'), 'BLD020');
INSERT INTO ADMIN.DANHSACHGIAHAN VALUES ('DS044', to_date('2022-05-01','YYYY-MM-DD'), 'BLD011');
INSERT INTO ADMIN.DANHSACHGIAHAN VALUES ('DS045', to_date('2022-04-08','YYYY-MM-DD'), 'BLD016');
INSERT INTO ADMIN.DANHSACHGIAHAN VALUES ('DS046', to_date('2023-06-25','YYYY-MM-DD'), 'BLD007');
INSERT INTO ADMIN.DANHSACHGIAHAN VALUES ('DS047', to_date('2022-09-04','YYYY-MM-DD'), 'BLD006');
INSERT INTO ADMIN.DANHSACHGIAHAN VALUES ('DS048', to_date('2022-10-01','YYYY-MM-DD'), 'BLD001');
INSERT INTO ADMIN.DANHSACHGIAHAN VALUES ('DS049', to_date('2023-06-23','YYYY-MM-DD'), 'BLD005');
INSERT INTO ADMIN.DANHSACHGIAHAN VALUES ('DS050', to_date('2022-06-13','YYYY-MM-DD'), 'BLD014');
INSERT INTO ADMIN.DANHSACHGIAHAN VALUES ('DS051', to_date('2022-01-12','YYYY-MM-DD'), 'BLD015');
INSERT INTO ADMIN.DANHSACHGIAHAN VALUES ('DS052', to_date('2023-05-22','YYYY-MM-DD'), 'BLD007');
INSERT INTO ADMIN.DANHSACHGIAHAN VALUES ('DS053', to_date('2022-09-22','YYYY-MM-DD'), 'BLD006');
INSERT INTO ADMIN.DANHSACHGIAHAN VALUES ('DS054', to_date('2023-04-08','YYYY-MM-DD'), 'BLD004');
INSERT INTO ADMIN.DANHSACHGIAHAN VALUES ('DS055', to_date('2022-09-05','YYYY-MM-DD'), 'BLD011');
INSERT INTO ADMIN.DANHSACHGIAHAN VALUES ('DS056', to_date('2023-12-14','YYYY-MM-DD'), 'BLD004');
INSERT INTO ADMIN.DANHSACHGIAHAN VALUES ('DS057', to_date('2022-02-08','YYYY-MM-DD'), 'BLD020');
INSERT INTO ADMIN.DANHSACHGIAHAN VALUES ('DS058', to_date('2022-08-20','YYYY-MM-DD'), 'BLD014');
INSERT INTO ADMIN.DANHSACHGIAHAN VALUES ('DS059', to_date('2023-12-10','YYYY-MM-DD'), 'BLD018');
INSERT INTO ADMIN.DANHSACHGIAHAN VALUES ('DS060', to_date('2023-03-30','YYYY-MM-DD'), 'BLD002');
INSERT INTO ADMIN.DANHSACHGIAHAN VALUES ('DS061', to_date('2022-02-28','YYYY-MM-DD'), 'BLD015');
INSERT INTO ADMIN.DANHSACHGIAHAN VALUES ('DS062', to_date('2023-06-09','YYYY-MM-DD'), 'BLD016');
INSERT INTO ADMIN.DANHSACHGIAHAN VALUES ('DS063', to_date('2022-07-28','YYYY-MM-DD'), 'BLD011');
INSERT INTO ADMIN.DANHSACHGIAHAN VALUES ('DS064', to_date('2022-06-28','YYYY-MM-DD'), 'BLD011');
INSERT INTO ADMIN.DANHSACHGIAHAN VALUES ('DS065', to_date('2024-01-05','YYYY-MM-DD'), 'BLD006');
INSERT INTO ADMIN.DANHSACHGIAHAN VALUES ('DS066', to_date('2024-02-20','YYYY-MM-DD'), 'BLD020');
INSERT INTO ADMIN.DANHSACHGIAHAN VALUES ('DS067', to_date('2022-12-06','YYYY-MM-DD'), 'BLD018');
INSERT INTO ADMIN.DANHSACHGIAHAN VALUES ('DS068', to_date('2022-01-31','YYYY-MM-DD'), 'BLD013');
INSERT INTO ADMIN.DANHSACHGIAHAN VALUES ('DS069', to_date('2023-04-30','YYYY-MM-DD'), 'BLD010');
INSERT INTO ADMIN.DANHSACHGIAHAN VALUES ('DS070', to_date('2023-09-15','YYYY-MM-DD'), 'BLD017');
INSERT INTO ADMIN.DANHSACHGIAHAN VALUES ('DS071', to_date('2022-11-17','YYYY-MM-DD'), 'BLD016');
INSERT INTO ADMIN.DANHSACHGIAHAN VALUES ('DS072', to_date('2023-08-16','YYYY-MM-DD'), 'BLD004');
INSERT INTO ADMIN.DANHSACHGIAHAN VALUES ('DS073', to_date('2024-06-01','YYYY-MM-DD'), 'BLD011');
INSERT INTO ADMIN.DANHSACHGIAHAN VALUES ('DS074', to_date('2023-11-28','YYYY-MM-DD'), 'BLD019');
INSERT INTO ADMIN.DANHSACHGIAHAN VALUES ('DS075', to_date('2023-07-02','YYYY-MM-DD'), 'BLD012');
INSERT INTO ADMIN.DANHSACHGIAHAN VALUES ('DS076', to_date('2023-12-13','YYYY-MM-DD'), 'BLD018');
INSERT INTO ADMIN.DANHSACHGIAHAN VALUES ('DS077', to_date('2023-08-31','YYYY-MM-DD'), 'BLD012');
INSERT INTO ADMIN.DANHSACHGIAHAN VALUES ('DS078', to_date('2023-08-07','YYYY-MM-DD'), 'BLD001');
INSERT INTO ADMIN.DANHSACHGIAHAN VALUES ('DS079', to_date('2023-09-24','YYYY-MM-DD'), 'BLD019');
INSERT INTO ADMIN.DANHSACHGIAHAN VALUES ('DS080', to_date('2024-05-18','YYYY-MM-DD'), 'BLD001');
INSERT INTO ADMIN.DANHSACHGIAHAN VALUES ('DS081', to_date('2022-11-02','YYYY-MM-DD'), 'BLD013');
INSERT INTO ADMIN.DANHSACHGIAHAN VALUES ('DS082', to_date('2022-04-04','YYYY-MM-DD'), 'BLD020');
INSERT INTO ADMIN.DANHSACHGIAHAN VALUES ('DS083', to_date('2023-02-22','YYYY-MM-DD'), 'BLD020');
INSERT INTO ADMIN.DANHSACHGIAHAN VALUES ('DS084', to_date('2023-05-12','YYYY-MM-DD'), 'BLD004');
INSERT INTO ADMIN.DANHSACHGIAHAN VALUES ('DS085', to_date('2023-04-23','YYYY-MM-DD'), 'BLD002');
INSERT INTO ADMIN.DANHSACHGIAHAN VALUES ('DS086', to_date('2022-05-10','YYYY-MM-DD'), 'BLD019');
INSERT INTO ADMIN.DANHSACHGIAHAN VALUES ('DS087', to_date('2023-08-20','YYYY-MM-DD'), 'BLD016');
INSERT INTO ADMIN.DANHSACHGIAHAN VALUES ('DS088', to_date('2024-05-01','YYYY-MM-DD'), 'BLD013');
INSERT INTO ADMIN.DANHSACHGIAHAN VALUES ('DS089', to_date('2024-04-30','YYYY-MM-DD'), 'BLD020');
INSERT INTO ADMIN.DANHSACHGIAHAN VALUES ('DS090', to_date('2024-02-09','YYYY-MM-DD'), 'BLD001');
INSERT INTO ADMIN.DANHSACHGIAHAN VALUES ('DS091', to_date('2022-07-25','YYYY-MM-DD'), 'BLD006');
INSERT INTO ADMIN.DANHSACHGIAHAN VALUES ('DS092', to_date('2023-05-29','YYYY-MM-DD'), 'BLD006');
INSERT INTO ADMIN.DANHSACHGIAHAN VALUES ('DS093', to_date('2022-02-02','YYYY-MM-DD'), 'BLD003');
INSERT INTO ADMIN.DANHSACHGIAHAN VALUES ('DS094', to_date('2023-08-05','YYYY-MM-DD'), 'BLD005');
INSERT INTO ADMIN.DANHSACHGIAHAN VALUES ('DS095', to_date('2023-10-07','YYYY-MM-DD'), 'BLD010');
INSERT INTO ADMIN.DANHSACHGIAHAN VALUES ('DS096', to_date('2022-10-03','YYYY-MM-DD'), 'BLD002');
INSERT INTO ADMIN.DANHSACHGIAHAN VALUES ('DS097', to_date('2022-09-25','YYYY-MM-DD'), 'BLD011');
INSERT INTO ADMIN.DANHSACHGIAHAN VALUES ('DS098', to_date('2024-02-26','YYYY-MM-DD'), 'BLD001');
INSERT INTO ADMIN.DANHSACHGIAHAN VALUES ('DS099', to_date('2024-01-13','YYYY-MM-DD'), 'BLD006');
INSERT INTO ADMIN.DANHSACHGIAHAN VALUES ('DS100', to_date('2024-03-06','YYYY-MM-DD'), 'BLD010');


INSERT INTO ADMIN.CHITIETGIAHAN VALUES (1, 'CLU013', 'DS001', 'CTY377');
INSERT INTO ADMIN.CHITIETGIAHAN VALUES (0, 'CLU013', 'DS002', 'CTY396');
INSERT INTO ADMIN.CHITIETGIAHAN VALUES (0, 'CLU016', 'DS003', 'CTY035');
INSERT INTO ADMIN.CHITIETGIAHAN VALUES (1, 'CLU001', 'DS004', 'CTY242');
INSERT INTO ADMIN.CHITIETGIAHAN VALUES (0, 'CLU015', 'DS005', 'CTY164');
INSERT INTO ADMIN.CHITIETGIAHAN VALUES (1, 'CLU002', 'DS006', 'CTY176');
INSERT INTO ADMIN.CHITIETGIAHAN VALUES (1, 'CLU015', 'DS007', 'CTY047');
INSERT INTO ADMIN.CHITIETGIAHAN VALUES (0, 'CLU008', 'DS008', 'CTY400');
INSERT INTO ADMIN.CHITIETGIAHAN VALUES (1, 'CLU001', 'DS009', 'CTY353');
INSERT INTO ADMIN.CHITIETGIAHAN VALUES (1, 'CLU003', 'DS010', 'CTY259');
INSERT INTO ADMIN.CHITIETGIAHAN VALUES (0, 'CLU020', 'DS011', 'CTY350');
INSERT INTO ADMIN.CHITIETGIAHAN VALUES (1, 'CLU013', 'DS012', 'CTY048');
INSERT INTO ADMIN.CHITIETGIAHAN VALUES (1, 'CLU011', 'DS013', 'CTY313');
INSERT INTO ADMIN.CHITIETGIAHAN VALUES (0, 'CLU009', 'DS014', 'CTY264');
INSERT INTO ADMIN.CHITIETGIAHAN VALUES (1, 'CLU007', 'DS015', 'CTY213');
INSERT INTO ADMIN.CHITIETGIAHAN VALUES (0, 'CLU013', 'DS016', 'CTY085');
INSERT INTO ADMIN.CHITIETGIAHAN VALUES (0, 'CLU001', 'DS017', 'CTY226');
INSERT INTO ADMIN.CHITIETGIAHAN VALUES (1, 'CLU001', 'DS018', 'CTY053');
INSERT INTO ADMIN.CHITIETGIAHAN VALUES (1, 'CLU008', 'DS019', 'CTY308');
INSERT INTO ADMIN.CHITIETGIAHAN VALUES (1, 'CLU008', 'DS020', 'CTY376');
INSERT INTO ADMIN.CHITIETGIAHAN VALUES (0, 'CLU017', 'DS021', 'CTY116');
INSERT INTO ADMIN.CHITIETGIAHAN VALUES (0, 'CLU019', 'DS022', 'CTY297');
INSERT INTO ADMIN.CHITIETGIAHAN VALUES (0, 'CLU012', 'DS023', 'CTY268');
INSERT INTO ADMIN.CHITIETGIAHAN VALUES (1, 'CLU002', 'DS024', 'CTY183');
INSERT INTO ADMIN.CHITIETGIAHAN VALUES (0, 'CLU014', 'DS025', 'CTY230');
INSERT INTO ADMIN.CHITIETGIAHAN VALUES (0, 'CLU010', 'DS026', 'CTY379');
INSERT INTO ADMIN.CHITIETGIAHAN VALUES (0, 'CLU002', 'DS027', 'CTY232');
INSERT INTO ADMIN.CHITIETGIAHAN VALUES (1, 'CLU007', 'DS028', 'CTY093');
INSERT INTO ADMIN.CHITIETGIAHAN VALUES (0, 'CLU003', 'DS029', 'CTY324');
INSERT INTO ADMIN.CHITIETGIAHAN VALUES (0, 'CLU008', 'DS030', 'CTY341');
INSERT INTO ADMIN.CHITIETGIAHAN VALUES (1, 'CLU007', 'DS031', 'CTY198');
INSERT INTO ADMIN.CHITIETGIAHAN VALUES (1, 'CLU016', 'DS032', 'CTY159');
INSERT INTO ADMIN.CHITIETGIAHAN VALUES (1, 'CLU011', 'DS033', 'CTY266');
INSERT INTO ADMIN.CHITIETGIAHAN VALUES (0, 'CLU011', 'DS034', 'CTY169');
INSERT INTO ADMIN.CHITIETGIAHAN VALUES (1, 'CLU010', 'DS035', 'CTY038');
INSERT INTO ADMIN.CHITIETGIAHAN VALUES (1, 'CLU004', 'DS036', 'CTY246');
INSERT INTO ADMIN.CHITIETGIAHAN VALUES (1, 'CLU007', 'DS037', 'CTY240');
INSERT INTO ADMIN.CHITIETGIAHAN VALUES (0, 'CLU018', 'DS038', 'CTY181');
INSERT INTO ADMIN.CHITIETGIAHAN VALUES (1, 'CLU020', 'DS039', 'CTY088');
INSERT INTO ADMIN.CHITIETGIAHAN VALUES (0, 'CLU006', 'DS040', 'CTY319');
INSERT INTO ADMIN.CHITIETGIAHAN VALUES (1, 'CLU010', 'DS041', 'CTY137');
INSERT INTO ADMIN.CHITIETGIAHAN VALUES (0, 'CLU016', 'DS042', 'CTY280');
INSERT INTO ADMIN.CHITIETGIAHAN VALUES (0, 'CLU003', 'DS043', 'CTY342');
INSERT INTO ADMIN.CHITIETGIAHAN VALUES (1, 'CLU012', 'DS044', 'CTY053');
INSERT INTO ADMIN.CHITIETGIAHAN VALUES (1, 'CLU011', 'DS045', 'CTY099');
INSERT INTO ADMIN.CHITIETGIAHAN VALUES (0, 'CLU019', 'DS046', 'CTY371');
INSERT INTO ADMIN.CHITIETGIAHAN VALUES (1, 'CLU019', 'DS047', 'CTY241');
INSERT INTO ADMIN.CHITIETGIAHAN VALUES (1, 'CLU009', 'DS048', 'CTY128');
INSERT INTO ADMIN.CHITIETGIAHAN VALUES (1, 'CLU017', 'DS049', 'CTY181');
INSERT INTO ADMIN.CHITIETGIAHAN VALUES (1, 'CLU010', 'DS050', 'CTY344');
INSERT INTO ADMIN.CHITIETGIAHAN VALUES (1, 'CLU012', 'DS051', 'CTY177');
INSERT INTO ADMIN.CHITIETGIAHAN VALUES (0, 'CLU011', 'DS052', 'CTY039');
INSERT INTO ADMIN.CHITIETGIAHAN VALUES (1, 'CLU008', 'DS053', 'CTY123');
INSERT INTO ADMIN.CHITIETGIAHAN VALUES (1, 'CLU011', 'DS054', 'CTY069');
INSERT INTO ADMIN.CHITIETGIAHAN VALUES (1, 'CLU005', 'DS055', 'CTY009');
INSERT INTO ADMIN.CHITIETGIAHAN VALUES (0, 'CLU015', 'DS056', 'CTY028');
INSERT INTO ADMIN.CHITIETGIAHAN VALUES (1, 'CLU010', 'DS057', 'CTY277');
INSERT INTO ADMIN.CHITIETGIAHAN VALUES (0, 'CLU019', 'DS058', 'CTY079');
INSERT INTO ADMIN.CHITIETGIAHAN VALUES (1, 'CLU013', 'DS059', 'CTY012');
INSERT INTO ADMIN.CHITIETGIAHAN VALUES (0, 'CLU009', 'DS060', 'CTY376');
INSERT INTO ADMIN.CHITIETGIAHAN VALUES (0, 'CLU009', 'DS061', 'CTY291');
INSERT INTO ADMIN.CHITIETGIAHAN VALUES (1, 'CLU008', 'DS062', 'CTY090');
INSERT INTO ADMIN.CHITIETGIAHAN VALUES (1, 'CLU020', 'DS063', 'CTY336');
INSERT INTO ADMIN.CHITIETGIAHAN VALUES (1, 'CLU020', 'DS064', 'CTY157');
INSERT INTO ADMIN.CHITIETGIAHAN VALUES (0, 'CLU010', 'DS065', 'CTY212');
INSERT INTO ADMIN.CHITIETGIAHAN VALUES (0, 'CLU007', 'DS066', 'CTY366');
INSERT INTO ADMIN.CHITIETGIAHAN VALUES (1, 'CLU015', 'DS067', 'CTY068');
INSERT INTO ADMIN.CHITIETGIAHAN VALUES (1, 'CLU014', 'DS068', 'CTY085');
INSERT INTO ADMIN.CHITIETGIAHAN VALUES (0, 'CLU009', 'DS069', 'CTY314');
INSERT INTO ADMIN.CHITIETGIAHAN VALUES (1, 'CLU017', 'DS070', 'CTY029');
INSERT INTO ADMIN.CHITIETGIAHAN VALUES (0, 'CLU020', 'DS071', 'CTY282');
INSERT INTO ADMIN.CHITIETGIAHAN VALUES (0, 'CLU013', 'DS072', 'CTY297');
INSERT INTO ADMIN.CHITIETGIAHAN VALUES (0, 'CLU017', 'DS073', 'CTY047');
INSERT INTO ADMIN.CHITIETGIAHAN VALUES (0, 'CLU014', 'DS074', 'CTY096');
INSERT INTO ADMIN.CHITIETGIAHAN VALUES (0, 'CLU013', 'DS075', 'CTY321');
INSERT INTO ADMIN.CHITIETGIAHAN VALUES (1, 'CLU009', 'DS076', 'CTY192');
INSERT INTO ADMIN.CHITIETGIAHAN VALUES (1, 'CLU004', 'DS077', 'CTY068');
INSERT INTO ADMIN.CHITIETGIAHAN VALUES (0, 'CLU016', 'DS078', 'CTY170');
INSERT INTO ADMIN.CHITIETGIAHAN VALUES (0, 'CLU013', 'DS079', 'CTY018');
INSERT INTO ADMIN.CHITIETGIAHAN VALUES (1, 'CLU003', 'DS080', 'CTY085');
INSERT INTO ADMIN.CHITIETGIAHAN VALUES (1, 'CLU020', 'DS081', 'CTY291');
INSERT INTO ADMIN.CHITIETGIAHAN VALUES (1, 'CLU008', 'DS082', 'CTY171');
INSERT INTO ADMIN.CHITIETGIAHAN VALUES (1, 'CLU019', 'DS083', 'CTY360');
INSERT INTO ADMIN.CHITIETGIAHAN VALUES (1, 'CLU001', 'DS084', 'CTY303');
INSERT INTO ADMIN.CHITIETGIAHAN VALUES (0, 'CLU009', 'DS085', 'CTY365');
INSERT INTO ADMIN.CHITIETGIAHAN VALUES (1, 'CLU002', 'DS086', 'CTY389');
INSERT INTO ADMIN.CHITIETGIAHAN VALUES (1, 'CLU015', 'DS087', 'CTY236');
INSERT INTO ADMIN.CHITIETGIAHAN VALUES (1, 'CLU012', 'DS088', 'CTY332');
INSERT INTO ADMIN.CHITIETGIAHAN VALUES (0, 'CLU019', 'DS089', 'CTY301');
INSERT INTO ADMIN.CHITIETGIAHAN VALUES (1, 'CLU005', 'DS090', 'CTY368');
INSERT INTO ADMIN.CHITIETGIAHAN VALUES (0, 'CLU008', 'DS091', 'CTY138');
INSERT INTO ADMIN.CHITIETGIAHAN VALUES (0, 'CLU012', 'DS092', 'CTY087');
INSERT INTO ADMIN.CHITIETGIAHAN VALUES (0, 'CLU003', 'DS093', 'CTY350');
INSERT INTO ADMIN.CHITIETGIAHAN VALUES (0, 'CLU016', 'DS094', 'CTY053');
INSERT INTO ADMIN.CHITIETGIAHAN VALUES (1, 'CLU001', 'DS095', 'CTY300');
INSERT INTO ADMIN.CHITIETGIAHAN VALUES (0, 'CLU016', 'DS096', 'CTY109');
INSERT INTO ADMIN.CHITIETGIAHAN VALUES (1, 'CLU001', 'DS097', 'CTY259');
INSERT INTO ADMIN.CHITIETGIAHAN VALUES (0, 'CLU007', 'DS098', 'CTY014');
INSERT INTO ADMIN.CHITIETGIAHAN VALUES (1, 'CLU012', 'DS099', 'CTY323');
INSERT INTO ADMIN.CHITIETGIAHAN VALUES (1, 'CLU014', 'DS100', 'CTY363');


INSERT INTO ADMIN.HINHTHUC VALUES ('HT001', N'Quảng cáo Banner', 6300000);
INSERT INTO ADMIN.HINHTHUC VALUES ('HT002', N'Quảng cáo Video', 4200000);
INSERT INTO ADMIN.HINHTHUC VALUES ('HT003', N'Quảng cáo Text', 400000);
INSERT INTO ADMIN.HINHTHUC VALUES ('HT004', N'Quảng cáo Display', 15500000);
INSERT INTO ADMIN.HINHTHUC VALUES ('HT005', N'Quảng cáo Remarketing', 19200000);
INSERT INTO ADMIN.HINHTHUC VALUES ('HT006', N'Quảng cáo Search', 14100000);
INSERT INTO ADMIN.HINHTHUC VALUES ('HT007', N'Quảng cáo Social', 6100000);
INSERT INTO ADMIN.HINHTHUC VALUES ('HT008', N'Quảng cáo Native', 8100000);
INSERT INTO ADMIN.HINHTHUC VALUES ('HT009', N'Quảng cáo Email', 1200000);
INSERT INTO ADMIN.HINHTHUC VALUES ('HT010', N'Quảng cáo Affiliate', 15300000);
INSERT INTO ADMIN.HINHTHUC VALUES ('HT011', N'Quảng cáo Influencer', 11400000);
INSERT INTO ADMIN.HINHTHUC VALUES ('HT012', N'Quảng cáo PR', 18800000);
INSERT INTO ADMIN.HINHTHUC VALUES ('HT013', N'Quảng cáo Event', 2000000);
INSERT INTO ADMIN.HINHTHUC VALUES ('HT014', N'Quảng cáo Sponsorship', 12900000);
INSERT INTO ADMIN.HINHTHUC VALUES ('HT015', N'Quảng cáo Partnership', 15100000);
INSERT INTO ADMIN.HINHTHUC VALUES ('HT016', N'Quảng cáo Co-marketing', 600000);
INSERT INTO ADMIN.HINHTHUC VALUES ('HT017', N'Quảng cáo Product Placement', 11300000);
INSERT INTO ADMIN.HINHTHUC VALUES ('HT018', N'Quảng cáo Branding', 8100000);
INSERT INTO ADMIN.HINHTHUC VALUES ('HT019', N'Quảng cáo Direct', 6200000);
INSERT INTO ADMIN.HINHTHUC VALUES ('HT020', N'Quảng cáo Indirect', 1100000);
INSERT INTO ADMIN.HINHTHUC VALUES ('HT021', N'Quảng cáo Online', 6500000);
INSERT INTO ADMIN.HINHTHUC VALUES ('HT022', N'Quảng cáo Offline', 8100000);
INSERT INTO ADMIN.HINHTHUC VALUES ('HT023', N'Quảng cáo TV', 10200000);
INSERT INTO ADMIN.HINHTHUC VALUES ('HT024', N'Quảng cáo Radio', 19900000);
INSERT INTO ADMIN.HINHTHUC VALUES ('HT025', N'Quảng cáo Print', 13100000);
INSERT INTO ADMIN.HINHTHUC VALUES ('HT026', N'Quảng cáo Outdoor', 4500000);
INSERT INTO ADMIN.HINHTHUC VALUES ('HT027', N'Quảng cáo Mobile', 16000000);
INSERT INTO ADMIN.HINHTHUC VALUES ('HT028', N'Quảng cáo Social', 18700000);
INSERT INTO ADMIN.HINHTHUC VALUES ('HT029', N'Quảng cáo Search', 10200000);
INSERT INTO ADMIN.HINHTHUC VALUES ('HT030', N'Quảng cáo Display', 3500000);
INSERT INTO ADMIN.HINHTHUC VALUES ('HT031', N'Quảng cáo Remarketing', 3700000);
INSERT INTO ADMIN.HINHTHUC VALUES ('HT032', N'Quảng cáo Video', 18500000);
INSERT INTO ADMIN.HINHTHUC VALUES ('HT033', N'Quảng cáo Native', 19800000);
INSERT INTO ADMIN.HINHTHUC VALUES ('HT034', N'Quảng cáo Email', 100000);
INSERT INTO ADMIN.HINHTHUC VALUES ('HT035', N'Quảng cáo Affiliate', 7800000);
INSERT INTO ADMIN.HINHTHUC VALUES ('HT036', N'Quảng cáo Influencer', 14900000);
INSERT INTO ADMIN.HINHTHUC VALUES ('HT037', N'Quảng cáo PR', 3200000);
INSERT INTO ADMIN.HINHTHUC VALUES ('HT038', N'Quảng cáo Event', 4500000);
INSERT INTO ADMIN.HINHTHUC VALUES ('HT039', N'Quảng cáo Sponsorship', 14100000);
INSERT INTO ADMIN.HINHTHUC VALUES ('HT040', N'Quảng cáo Partnership', 13700000);
INSERT INTO ADMIN.HINHTHUC VALUES ('HT041', N'Quảng cáo Co-marketing', 4200000);
INSERT INTO ADMIN.HINHTHUC VALUES ('HT042', N'Quảng cáo Product Placement', 5100000);
INSERT INTO ADMIN.HINHTHUC VALUES ('HT043', N'Quảng cáo Branding', 9800000);
INSERT INTO ADMIN.HINHTHUC VALUES ('HT044', N'Quảng cáo Direct', 6800000);
INSERT INTO ADMIN.HINHTHUC VALUES ('HT045', N'Quảng cáo Indirect', 3600000);
INSERT INTO ADMIN.HINHTHUC VALUES ('HT046', N'Quảng cáo Online', 1000000);
INSERT INTO ADMIN.HINHTHUC VALUES ('HT047', N'Quảng cáo Offline', 19600000);
INSERT INTO ADMIN.HINHTHUC VALUES ('HT048', N'Quảng cáo TV', 4500000);
INSERT INTO ADMIN.HINHTHUC VALUES ('HT049', N'Quảng cáo Radio', 18700000);
INSERT INTO ADMIN.HINHTHUC VALUES ('HT050', N'Quảng cáo Print', 600000);
INSERT INTO ADMIN.HINHTHUC VALUES ('HT051', N'Quảng cáo Outdoor', 16400000);
INSERT INTO ADMIN.HINHTHUC VALUES ('HT052', N'Quảng cáo Mobile', 17200000);
INSERT INTO ADMIN.HINHTHUC VALUES ('HT053', N'Quảng cáo Social', 10700000);
INSERT INTO ADMIN.HINHTHUC VALUES ('HT054', N'Quảng cáo Search', 4100000);
INSERT INTO ADMIN.HINHTHUC VALUES ('HT055', N'Quảng cáo Display', 13300000);
INSERT INTO ADMIN.HINHTHUC VALUES ('HT056', N'Quảng cáo Remarketing', 17300000);
INSERT INTO ADMIN.HINHTHUC VALUES ('HT057', N'Quảng cáo Video', 19000000);
INSERT INTO ADMIN.HINHTHUC VALUES ('HT058', N'Quảng cáo Native', 5800000);
INSERT INTO ADMIN.HINHTHUC VALUES ('HT059', N'Quảng cáo Email', 8600000);
INSERT INTO ADMIN.HINHTHUC VALUES ('HT060', N'Quảng cáo Affiliate', 19500000);
INSERT INTO ADMIN.HINHTHUC VALUES ('HT061', N'Quảng cáo Influencer', 5200000);
INSERT INTO ADMIN.HINHTHUC VALUES ('HT062', N'Quảng cáo PR', 18800000);
INSERT INTO ADMIN.HINHTHUC VALUES ('HT063', N'Quảng cáo Event', 10600000);
INSERT INTO ADMIN.HINHTHUC VALUES ('HT064', N'Quảng cáo Sponsorship', 15000000);
INSERT INTO ADMIN.HINHTHUC VALUES ('HT065', N'Quảng cáo Partnership', 7300000);
INSERT INTO ADMIN.HINHTHUC VALUES ('HT066', N'Quảng cáo Co-marketing', 7200000);
INSERT INTO ADMIN.HINHTHUC VALUES ('HT067', N'Quảng cáo Product Placement', 6400000);
INSERT INTO ADMIN.HINHTHUC VALUES ('HT068', N'Quảng cáo Branding', 11000000);
INSERT INTO ADMIN.HINHTHUC VALUES ('HT069', N'Quảng cáo Direct', 18300000);
INSERT INTO ADMIN.HINHTHUC VALUES ('HT070', N'Quảng cáo', 4200000);


INSERT INTO ADMIN.PHIEUDANGKYQUANGCAO VALUES ('QC001', N'25 ngày', to_date('2024-03-06','YYYY-MM-DD'), 'PDT077', 'HT010');
INSERT INTO ADMIN.PHIEUDANGKYQUANGCAO VALUES ('QC002', N'22 ngày', to_date('2024-03-06','YYYY-MM-DD'), 'PDT042', 'HT039');
INSERT INTO ADMIN.PHIEUDANGKYQUANGCAO VALUES ('QC003', N'24 ngày', to_date('2024-03-06','YYYY-MM-DD'), 'PDT039', 'HT028');
INSERT INTO ADMIN.PHIEUDANGKYQUANGCAO VALUES ('QC004', N'12 ngày', to_date('2024-03-06','YYYY-MM-DD'), 'PDT086', 'HT030');
INSERT INTO ADMIN.PHIEUDANGKYQUANGCAO VALUES ('QC005', N'20 ngày', to_date('2024-03-06','YYYY-MM-DD'), 'PDT002', 'HT015');
INSERT INTO ADMIN.PHIEUDANGKYQUANGCAO VALUES ('QC006', N'17 ngày', to_date('2024-03-06','YYYY-MM-DD'), 'PDT070', 'HT027');
INSERT INTO ADMIN.PHIEUDANGKYQUANGCAO VALUES ('QC007', N'17 ngày', to_date('2024-03-06','YYYY-MM-DD'), 'PDT094', 'HT024');
INSERT INTO ADMIN.PHIEUDANGKYQUANGCAO VALUES ('QC008', N'6 ngày', to_date('2024-03-06','YYYY-MM-DD'), 'PDT055', 'HT018');
INSERT INTO ADMIN.PHIEUDANGKYQUANGCAO VALUES ('QC009', N'29 ngày', to_date('2024-03-06','YYYY-MM-DD'), 'PDT054', 'HT057');
INSERT INTO ADMIN.PHIEUDANGKYQUANGCAO VALUES ('QC010', N'22 ngày', to_date('2024-03-06','YYYY-MM-DD'), 'PDT008', 'HT028');
INSERT INTO ADMIN.PHIEUDANGKYQUANGCAO VALUES ('QC011', N'24 ngày', to_date('2024-03-06','YYYY-MM-DD'), 'PDT069', 'HT023');
INSERT INTO ADMIN.PHIEUDANGKYQUANGCAO VALUES ('QC012', N'15 ngày', to_date('2024-03-06','YYYY-MM-DD'), 'PDT066', 'HT041');
INSERT INTO ADMIN.PHIEUDANGKYQUANGCAO VALUES ('QC013', N'30 ngày', to_date('2024-03-06','YYYY-MM-DD'), 'PDT038', 'HT063');
INSERT INTO ADMIN.PHIEUDANGKYQUANGCAO VALUES ('QC014', N'2 ngày', to_date('2024-03-06','YYYY-MM-DD'), 'PDT066', 'HT025');
INSERT INTO ADMIN.PHIEUDANGKYQUANGCAO VALUES ('QC015', N'6 ngày', to_date('2024-03-06','YYYY-MM-DD'), 'PDT065', 'HT027');
INSERT INTO ADMIN.PHIEUDANGKYQUANGCAO VALUES ('QC016', N'13 ngày', to_date('2024-03-06','YYYY-MM-DD'), 'PDT046', 'HT021');
INSERT INTO ADMIN.PHIEUDANGKYQUANGCAO VALUES ('QC017', N'30 ngày', to_date('2024-03-06','YYYY-MM-DD'), 'PDT001', 'HT038');
INSERT INTO ADMIN.PHIEUDANGKYQUANGCAO VALUES ('QC018', N'12 ngày', to_date('2024-03-06','YYYY-MM-DD'), 'PDT072', 'HT044');
INSERT INTO ADMIN.PHIEUDANGKYQUANGCAO VALUES ('QC019', N'16 ngày', to_date('2024-03-06','YYYY-MM-DD'), 'PDT081', 'HT039');
INSERT INTO ADMIN.PHIEUDANGKYQUANGCAO VALUES ('QC020', N'5 ngày', to_date('2024-03-06','YYYY-MM-DD'), 'PDT070', 'HT027');
INSERT INTO ADMIN.PHIEUDANGKYQUANGCAO VALUES ('QC021', N'22 ngày', to_date('2024-03-06','YYYY-MM-DD'), 'PDT087', 'HT052');
INSERT INTO ADMIN.PHIEUDANGKYQUANGCAO VALUES ('QC022', N'13 ngày', to_date('2024-03-06','YYYY-MM-DD'), 'PDT084', 'HT045');
INSERT INTO ADMIN.PHIEUDANGKYQUANGCAO VALUES ('QC023', N'12 ngày', to_date('2024-03-06','YYYY-MM-DD'), 'PDT093', 'HT057');
INSERT INTO ADMIN.PHIEUDANGKYQUANGCAO VALUES ('QC024', N'20 ngày', to_date('2024-03-06','YYYY-MM-DD'), 'PDT055', 'HT049');
INSERT INTO ADMIN.PHIEUDANGKYQUANGCAO VALUES ('QC025', N'10 ngày', to_date('2024-03-06','YYYY-MM-DD'), 'PDT010', 'HT001');
INSERT INTO ADMIN.PHIEUDANGKYQUANGCAO VALUES ('QC026', N'22 ngày', to_date('2024-03-06','YYYY-MM-DD'), 'PDT092', 'HT016');
INSERT INTO ADMIN.PHIEUDANGKYQUANGCAO VALUES ('QC027', N'21 ngày', to_date('2024-03-06','YYYY-MM-DD'), 'PDT082', 'HT058');
INSERT INTO ADMIN.PHIEUDANGKYQUANGCAO VALUES ('QC028', N'7 ngày', to_date('2024-03-06','YYYY-MM-DD'), 'PDT092', 'HT057');
INSERT INTO ADMIN.PHIEUDANGKYQUANGCAO VALUES ('QC029', N'13 ngày', to_date('2024-03-06','YYYY-MM-DD'), 'PDT057', 'HT047');
INSERT INTO ADMIN.PHIEUDANGKYQUANGCAO VALUES ('QC030', N'17 ngày', to_date('2024-03-06','YYYY-MM-DD'), 'PDT084', 'HT001');
INSERT INTO ADMIN.PHIEUDANGKYQUANGCAO VALUES ('QC031', N'14 ngày', to_date('2024-03-06','YYYY-MM-DD'), 'PDT024', 'HT046');
INSERT INTO ADMIN.PHIEUDANGKYQUANGCAO VALUES ('QC032', N'11 ngày', to_date('2024-03-06','YYYY-MM-DD'), 'PDT089', 'HT059');
INSERT INTO ADMIN.PHIEUDANGKYQUANGCAO VALUES ('QC033', N'16 ngày', to_date('2024-03-06','YYYY-MM-DD'), 'PDT076', 'HT037');
INSERT INTO ADMIN.PHIEUDANGKYQUANGCAO VALUES ('QC034', N'13 ngày', to_date('2024-03-06','YYYY-MM-DD'), 'PDT079', 'HT036');
INSERT INTO ADMIN.PHIEUDANGKYQUANGCAO VALUES ('QC035', N'18 ngày', to_date('2024-03-06','YYYY-MM-DD'), 'PDT057', 'HT019');
INSERT INTO ADMIN.PHIEUDANGKYQUANGCAO VALUES ('QC036', N'4 ngày', to_date('2024-03-06','YYYY-MM-DD'), 'PDT093', 'HT043');
INSERT INTO ADMIN.PHIEUDANGKYQUANGCAO VALUES ('QC037', N'11 ngày', to_date('2024-03-06','YYYY-MM-DD'), 'PDT076', 'HT037');
INSERT INTO ADMIN.PHIEUDANGKYQUANGCAO VALUES ('QC038', N'3 ngày', to_date('2024-03-06','YYYY-MM-DD'), 'PDT039', 'HT028');
INSERT INTO ADMIN.PHIEUDANGKYQUANGCAO VALUES ('QC039', N'25 ngày', to_date('2024-03-06','YYYY-MM-DD'), 'PDT020', 'HT050');
INSERT INTO ADMIN.PHIEUDANGKYQUANGCAO VALUES ('QC040', N'14 ngày', to_date('2024-03-06','YYYY-MM-DD'), 'PDT099', 'HT048');
INSERT INTO ADMIN.PHIEUDANGKYQUANGCAO VALUES ('QC041', N'8 ngày', to_date('2024-03-06','YYYY-MM-DD'), 'PDT093', 'HT047');
INSERT INTO ADMIN.PHIEUDANGKYQUANGCAO VALUES ('QC042', N'10 ngày', to_date('2024-03-06','YYYY-MM-DD'), 'PDT081', 'HT029');
INSERT INTO ADMIN.PHIEUDANGKYQUANGCAO VALUES ('QC043', N'20 ngày', to_date('2024-03-06','YYYY-MM-DD'), 'PDT055', 'HT059');
INSERT INTO ADMIN.PHIEUDANGKYQUANGCAO VALUES ('QC044', N'29 ngày', to_date('2024-03-06','YYYY-MM-DD'), 'PDT081', 'HT038');
INSERT INTO ADMIN.PHIEUDANGKYQUANGCAO VALUES ('QC045', N'29 ngày', to_date('2024-03-06','YYYY-MM-DD'), 'PDT054', 'HT023');
INSERT INTO ADMIN.PHIEUDANGKYQUANGCAO VALUES ('QC046', N'15 ngày', to_date('2024-03-06','YYYY-MM-DD'), 'PDT036', 'HT061');
INSERT INTO ADMIN.PHIEUDANGKYQUANGCAO VALUES ('QC047', N'17 ngày', to_date('2024-03-06','YYYY-MM-DD'), 'PDT044', 'HT056');
INSERT INTO ADMIN.PHIEUDANGKYQUANGCAO VALUES ('QC048', N'8 ngày', to_date('2024-03-06','YYYY-MM-DD'), 'PDT090', 'HT048');
INSERT INTO ADMIN.PHIEUDANGKYQUANGCAO VALUES ('QC049', N'16 ngày', to_date('2024-03-06','YYYY-MM-DD'), 'PDT053', 'HT015');
INSERT INTO ADMIN.PHIEUDANGKYQUANGCAO VALUES ('QC050', N'14 ngày', to_date('2024-03-06','YYYY-MM-DD'), 'PDT026', 'HT032');
INSERT INTO ADMIN.PHIEUDANGKYQUANGCAO VALUES ('QC051', N'30 ngày', to_date('2024-03-06','YYYY-MM-DD'), 'PDT047', 'HT062');
INSERT INTO ADMIN.PHIEUDANGKYQUANGCAO VALUES ('QC052', N'1 ngày', to_date('2024-03-06','YYYY-MM-DD'), 'PDT018', 'HT030');
INSERT INTO ADMIN.PHIEUDANGKYQUANGCAO VALUES ('QC053', N'30 ngày', to_date('2024-03-06','YYYY-MM-DD'), 'PDT095', 'HT009');
INSERT INTO ADMIN.PHIEUDANGKYQUANGCAO VALUES ('QC054', N'7 ngày', to_date('2024-03-06','YYYY-MM-DD'), 'PDT061', 'HT069');
INSERT INTO ADMIN.PHIEUDANGKYQUANGCAO VALUES ('QC055', N'19 ngày', to_date('2024-03-06','YYYY-MM-DD'), 'PDT014', 'HT006');
INSERT INTO ADMIN.PHIEUDANGKYQUANGCAO VALUES ('QC056', N'29 ngày', to_date('2024-03-06','YYYY-MM-DD'), 'PDT023', 'HT008');
INSERT INTO ADMIN.PHIEUDANGKYQUANGCAO VALUES ('QC057', N'8 ngày', to_date('2024-03-06','YYYY-MM-DD'), 'PDT006', 'HT036');
INSERT INTO ADMIN.PHIEUDANGKYQUANGCAO VALUES ('QC058', N'28 ngày', to_date('2024-03-06','YYYY-MM-DD'), 'PDT035', 'HT043');
INSERT INTO ADMIN.PHIEUDANGKYQUANGCAO VALUES ('QC059', N'25 ngày', to_date('2024-03-06','YYYY-MM-DD'), 'PDT051', 'HT051');
INSERT INTO ADMIN.PHIEUDANGKYQUANGCAO VALUES ('QC060', N'25 ngày', to_date('2024-03-06','YYYY-MM-DD'), 'PDT023', 'HT047');
INSERT INTO ADMIN.PHIEUDANGKYQUANGCAO VALUES ('QC061', N'18 ngày', to_date('2024-03-06','YYYY-MM-DD'), 'PDT043', 'HT031');
INSERT INTO ADMIN.PHIEUDANGKYQUANGCAO VALUES ('QC062', N'11 ngày', to_date('2024-03-06','YYYY-MM-DD'), 'PDT010', 'HT047');
INSERT INTO ADMIN.PHIEUDANGKYQUANGCAO VALUES ('QC063', N'5 ngày', to_date('2024-03-06','YYYY-MM-DD'), 'PDT096', 'HT010');
INSERT INTO ADMIN.PHIEUDANGKYQUANGCAO VALUES ('QC064', N'1 ngày', to_date('2024-03-06','YYYY-MM-DD'), 'PDT027', 'HT054');
INSERT INTO ADMIN.PHIEUDANGKYQUANGCAO VALUES ('QC065', N'17 ngày', to_date('2024-03-06','YYYY-MM-DD'), 'PDT078', 'HT064');
INSERT INTO ADMIN.PHIEUDANGKYQUANGCAO VALUES ('QC066', N'2 ngày', to_date('2024-03-06','YYYY-MM-DD'), 'PDT094', 'HT021');
INSERT INTO ADMIN.PHIEUDANGKYQUANGCAO VALUES ('QC067', N'19 ngày', to_date('2024-03-06','YYYY-MM-DD'), 'PDT031', 'HT021');
INSERT INTO ADMIN.PHIEUDANGKYQUANGCAO VALUES ('QC068', N'21 ngày', to_date('2024-03-06','YYYY-MM-DD'), 'PDT063', 'HT036');
INSERT INTO ADMIN.PHIEUDANGKYQUANGCAO VALUES ('QC069', N'5 ngày', to_date('2024-03-06','YYYY-MM-DD'), 'PDT051', 'HT027');
INSERT INTO ADMIN.PHIEUDANGKYQUANGCAO VALUES ('QC070', N'11 ngày', to_date('2024-03-06','YYYY-MM-DD'), 'PDT007', 'HT039');
INSERT INTO ADMIN.PHIEUDANGKYQUANGCAO VALUES ('QC071', N'1 ngày', to_date('2024-03-06','YYYY-MM-DD'), 'PDT053', 'HT039');
INSERT INTO ADMIN.PHIEUDANGKYQUANGCAO VALUES ('QC072', N'20 ngày', to_date('2024-03-06','YYYY-MM-DD'), 'PDT072', 'HT005');
INSERT INTO ADMIN.PHIEUDANGKYQUANGCAO VALUES ('QC073', N'11 ngày', to_date('2024-03-06','YYYY-MM-DD'), 'PDT099', 'HT024');
INSERT INTO ADMIN.PHIEUDANGKYQUANGCAO VALUES ('QC074', N'14 ngày', to_date('2024-03-06','YYYY-MM-DD'), 'PDT077', 'HT023');
INSERT INTO ADMIN.PHIEUDANGKYQUANGCAO VALUES ('QC075', N'16 ngày', to_date('2024-03-06','YYYY-MM-DD'), 'PDT089', 'HT010');
INSERT INTO ADMIN.PHIEUDANGKYQUANGCAO VALUES ('QC076', N'22 ngày', to_date('2024-03-06','YYYY-MM-DD'), 'PDT093', 'HT033');
INSERT INTO ADMIN.PHIEUDANGKYQUANGCAO VALUES ('QC077', N'29 ngày', to_date('2024-03-06','YYYY-MM-DD'), 'PDT004', 'HT027');
INSERT INTO ADMIN.PHIEUDANGKYQUANGCAO VALUES ('QC078', N'4 ngày', to_date('2024-03-06','YYYY-MM-DD'), 'PDT099', 'HT043');
INSERT INTO ADMIN.PHIEUDANGKYQUANGCAO VALUES ('QC079', N'22 ngày', to_date('2024-03-06','YYYY-MM-DD'), 'PDT071', 'HT053');
INSERT INTO ADMIN.PHIEUDANGKYQUANGCAO VALUES ('QC080', N'5 ngày', to_date('2024-03-06','YYYY-MM-DD'), 'PDT068', 'HT050');
INSERT INTO ADMIN.PHIEUDANGKYQUANGCAO VALUES ('QC081', N'14 ngày', to_date('2024-03-06','YYYY-MM-DD'), 'PDT098', 'HT012');
INSERT INTO ADMIN.PHIEUDANGKYQUANGCAO VALUES ('QC082', N'6 ngày', to_date('2024-03-06','YYYY-MM-DD'), 'PDT067', 'HT058');
INSERT INTO ADMIN.PHIEUDANGKYQUANGCAO VALUES ('QC083', N'11 ngày', to_date('2024-03-06','YYYY-MM-DD'), 'PDT060', 'HT054');
INSERT INTO ADMIN.PHIEUDANGKYQUANGCAO VALUES ('QC084', N'7 ngày', to_date('2024-03-06','YYYY-MM-DD'), 'PDT014', 'HT038');
INSERT INTO ADMIN.PHIEUDANGKYQUANGCAO VALUES ('QC085', N'18 ngày', to_date('2024-03-06','YYYY-MM-DD'), 'PDT053', 'HT019');
INSERT INTO ADMIN.PHIEUDANGKYQUANGCAO VALUES ('QC086', N'21 ngày', to_date('2024-03-06','YYYY-MM-DD'), 'PDT051', 'HT021');
INSERT INTO ADMIN.PHIEUDANGKYQUANGCAO VALUES ('QC087', N'23 ngày', to_date('2024-03-06','YYYY-MM-DD'), 'PDT053', 'HT068');
INSERT INTO ADMIN.PHIEUDANGKYQUANGCAO VALUES ('QC088', N'26 ngày', to_date('2024-03-06','YYYY-MM-DD'), 'PDT084', 'HT043');
INSERT INTO ADMIN.PHIEUDANGKYQUANGCAO VALUES ('QC089', N'26 ngày', to_date('2024-03-06','YYYY-MM-DD'), 'PDT088', 'HT067');
INSERT INTO ADMIN.PHIEUDANGKYQUANGCAO VALUES ('QC090', N'28 ngày', to_date('2024-03-06','YYYY-MM-DD'), 'PDT089', 'HT056');
INSERT INTO ADMIN.PHIEUDANGKYQUANGCAO VALUES ('QC091', N'3 ngày', to_date('2024-03-06','YYYY-MM-DD'), 'PDT085', 'HT036');
INSERT INTO ADMIN.PHIEUDANGKYQUANGCAO VALUES ('QC092', N'8 ngày', to_date('2024-03-06','YYYY-MM-DD'), 'PDT097', 'HT011');
INSERT INTO ADMIN.PHIEUDANGKYQUANGCAO VALUES ('QC093', N'12 ngày', to_date('2024-03-06','YYYY-MM-DD'), 'PDT086', 'HT048');
INSERT INTO ADMIN.PHIEUDANGKYQUANGCAO VALUES ('QC094', N'18 ngày', to_date('2024-03-06','YYYY-MM-DD'), 'PDT043', 'HT051');
INSERT INTO ADMIN.PHIEUDANGKYQUANGCAO VALUES ('QC095', N'12 ngày', to_date('2024-03-06','YYYY-MM-DD'), 'PDT051', 'HT069');
INSERT INTO ADMIN.PHIEUDANGKYQUANGCAO VALUES ('QC096', N'20 ngày', to_date('2024-03-06','YYYY-MM-DD'), 'PDT050', 'HT067');
INSERT INTO ADMIN.PHIEUDANGKYQUANGCAO VALUES ('QC097', N'21 ngày', to_date('2024-03-06','YYYY-MM-DD'), 'PDT052', 'HT002');
INSERT INTO ADMIN.PHIEUDANGKYQUANGCAO VALUES ('QC098', N'30 ngày', to_date('2024-03-06','YYYY-MM-DD'), 'PDT017', 'HT060');
INSERT INTO ADMIN.PHIEUDANGKYQUANGCAO VALUES ('QC099', N'20 ngày', to_date('2024-03-06','YYYY-MM-DD'), 'PDT008', 'HT040');
INSERT INTO ADMIN.PHIEUDANGKYQUANGCAO VALUES ('QC100', N'16 ngày', to_date('2024-03-06','YYYY-MM-DD'), 'PDT094', 'HT028');


